# Blender 5.0.0
# www.blender.org
mtllib arena.mtl
o Walls
v 0.000000 -1.720000 -4.400000
v 0.000000 1.720000 -3.555707
v 2.200000 -1.720000 -3.810512
v 2.187710 1.720000 -3.189154
v 3.810512 -1.720000 -2.200000
v 3.189154 1.720000 -2.187710
v 4.400000 -1.720000 0.000000
v 3.555707 1.720000 0.000000
v 0.000000 -0.860000 -4.400000
v 0.000000 0.000000 -4.400000
v 0.000000 0.860000 -4.400000
v 2.200000 0.860000 -3.810512
v 2.200000 0.000000 -3.810512
v 2.200000 -0.860000 -3.810512
v 3.810512 0.860000 -2.200000
v 3.810512 0.000000 -2.200000
v 3.810512 -0.860000 -2.200000
v 4.400000 0.860000 0.000000
v 4.400000 0.000000 0.000000
v 4.400000 -0.860000 0.000000
v 2.855339 1.720000 -2.521525
v 2.521525 1.720000 -2.855339
v 2.736837 0.860000 -3.273674
v 3.273674 0.860000 -2.736837
v 3.433523 1.720000 -1.275712
v 3.311338 1.720000 -1.731711
v 4.007008 0.860000 -1.466667
v 4.203504 0.860000 -0.733333
v 1.731711 1.720000 -3.311338
v 1.275712 1.720000 -3.433523
v 0.733333 0.860000 -4.203504
v 1.466667 0.860000 -4.007008
v 2.518932 2.055931 0.000000
v 2.871709 1.720000 0.000000
v 0.000000 1.720000 -2.871709
v 0.000000 2.055931 -2.518932
v 0.000000 0.213757 -4.400000
v 2.200000 0.213757 -3.810512
v 3.810512 0.213757 -2.200000
v 4.400000 0.213757 0.000000
v 3.791411 0.213757 -4.515881
v 4.517314 0.213757 -3.789978
v 5.541399 0.213757 -2.015162
v 5.807097 0.213757 -1.023560
v 1.025518 0.213756 -5.806573
v 2.017121 0.213757 -5.540874
v 5.929431 -1.720000 -0.567004
v 5.943377 -0.860000 -0.514959
v 5.905346 -0.000000 -0.656892
v 4.301752 0.860000 -0.366667
v 3.494615 1.720000 -1.047712
v 5.887914 0.213757 -0.721950
v 3.250246 1.720000 -1.959710
v 5.418540 -1.720000 -2.473674
v 5.404805 -0.860000 -2.524937
v 5.443150 -0.000000 -2.381830
v 3.908760 0.860000 -1.833333
v 5.460320 0.213756 -2.317751
v 4.851534 -1.720000 -3.455757
v 4.889634 -0.860000 -3.417658
v 4.785733 0.000000 -3.521559
v 3.542093 0.860000 -2.468419
v 3.022247 1.720000 -2.354617
v 4.738108 0.213757 -3.569184
v 2.354617 1.720000 -3.022246
v 3.455757 -1.720000 -4.851534
v 3.418231 -0.860000 -4.889061
v 3.522992 0.000000 -4.784299
v 2.468419 0.860000 -3.542093
v 3.569901 0.213757 -4.737391
v 2.473674 -1.720000 -5.418541
v 2.525719 -0.860000 -5.404595
v 2.383787 0.000001 -5.442626
v 1.833333 0.860000 -3.908760
v 1.959710 1.720000 -3.250246
v 2.318731 0.213759 -5.460057
v 1.047712 1.720000 -3.494615
v 0.567003 -1.720001 -5.929431
v 0.515741 -0.860000 -5.943167
v 0.658849 -0.000001 -5.904821
v 0.366667 0.860000 -4.301752
v 0.722928 0.213755 -5.887652
v 2.315131 1.720000 -2.315131
v 2.017499 2.055931 -2.017499
v 2.688432 1.720000 -2.688432
v 4.383734 -1.720000 -5.564774
v 7.011104 -1.720001 -1.014032
v 6.578811 -1.720000 -2.627373
v 5.564776 -1.720001 -4.383732
v 4.276366 -1.720000 -5.672141
v 4.238840 -0.860000 -5.709669
v 4.308681 -0.860000 -5.639827
v 4.343601 -0.000000 -5.604907
v 4.518203 -0.000001 -5.430305
v 5.433173 0.000000 -4.515336
v 4.612020 0.213756 -5.336489
v 5.337922 0.213757 -4.610586
v 5.640976 -0.860000 -4.307532
v 6.539512 -1.720000 -2.774040
v 6.525776 -0.860000 -2.825301
v 6.551340 -0.860000 -2.729897
v 6.564121 -0.000001 -2.682194
v 6.628031 -0.000001 -2.443682
v 6.962934 0.000000 -1.193808
v 6.662371 0.213756 -2.315526
v 6.928069 0.213757 -1.323923
v 7.038996 -0.860000 -0.909942
v 0.867362 -1.720001 -7.050404
v 1.014029 -1.720001 -7.011106
v 0.816102 -0.860000 -7.064139
v 0.911506 -0.860000 -7.038576
v 0.959212 -0.000002 -7.025793
v 1.197725 -0.000003 -6.961884
v 2.447598 0.000001 -6.626982
v 1.325881 0.213754 -6.927545
v 2.317484 0.213757 -6.661846
v 2.731460 -0.860000 -6.550920
v 2.627369 -1.720000 -6.578812
v 1.023292 0.213751 -7.008624
v 6.581291 0.213754 -2.618116
v 4.390509 0.213756 -5.558000
v 7.050403 -1.720001 -0.867365
v 7.064349 -0.860000 -0.815320
v 7.026318 0.000000 -0.957254
v 7.008885 0.213758 -1.022313
v 5.672143 -1.720001 -4.276365
v 5.710243 -0.860000 -4.238265
v 5.606342 0.000000 -4.342166
v 5.558717 0.213757 -4.389791
v 2.774035 -1.720000 -6.539513
v 2.826081 -0.860000 -6.525567
v 2.684151 0.000001 -6.563598
v 2.619095 0.213761 -6.581028
v 0.009427 -1.719693 -4.396678
v 0.000000 1.710912 -3.551562
v 2.195021 -1.719071 -3.801890
v 2.184730 1.711620 -3.184582
v 3.801888 -1.719071 -2.195023
v 3.184582 1.711620 -2.184730
v 4.396680 -1.719688 -0.009428
v 3.551562 1.710912 0.000000
v 0.009379 -0.860273 -4.396542
v 0.009146 -0.001184 -4.396132
v 0.003604 0.853770 -4.393057
v 2.196157 0.854033 -3.803467
v 2.195219 -0.002939 -3.802235
v 2.195013 -0.860780 -3.801880
v 3.803467 0.854033 -2.196158
v 3.802233 -0.002939 -2.195223
v 3.801877 -0.860780 -2.195018
v 4.393059 0.853769 -0.003606
v 4.396141 -0.001192 -0.009148
v 4.396547 -0.860268 -0.009381
v 2.851672 1.711450 -2.517857
v 2.517857 1.711450 -2.851672
v 2.732098 0.852579 -3.268935
v 3.268935 0.852579 -2.732098
v 3.429067 1.711128 -1.274518
v 3.306882 1.711128 -1.730517
v 4.001019 0.852155 -1.465062
v 4.197515 0.852155 -0.731728
v 1.730517 1.711128 -3.306882
v 1.274518 1.711128 -3.429067
v 0.731728 0.852155 -4.197515
v 1.465062 0.852155 -4.001019
v 2.512218 2.048704 0.001640
v 2.868553 1.710542 0.000771
v -0.000771 1.710542 -2.868553
v -0.001640 2.048704 -2.512217
v 0.008117 0.210558 -4.395113
v 2.195818 0.208271 -3.803272
v 3.803270 0.208271 -2.195821
v 4.395120 0.210547 -0.008117
v 3.790080 0.203936 -4.514550
v 4.515983 0.203936 -3.788647
v 5.539581 0.203936 -2.014675
v 5.805279 0.203936 -1.023073
v 1.025031 0.203935 -5.804755
v 2.016634 0.203936 -5.539056
v 5.926478 -1.719531 -0.576546
v 5.940352 -0.860401 -0.524482
v 5.902140 -0.001780 -0.666195
v 4.295152 0.852546 -0.367602
v 3.490064 1.711153 -1.046700
v 5.884469 0.206277 -0.727623
v 3.245790 1.711128 -1.958516
v 5.420753 -1.719538 -2.463933
v 5.406944 -0.860409 -2.515177
v 5.445022 -0.001769 -2.372167
v 3.902964 0.852815 -1.829489
v 5.460171 0.206288 -2.311103
v 4.844205 -1.719531 -3.462544
v 4.882253 -0.860401 -3.424393
v 4.778305 -0.001780 -3.528013
v 3.535481 0.853326 -2.464991
v 3.018579 1.711450 -2.350950
v 4.732288 0.206277 -3.572375
v 2.350950 1.711450 -3.018579
v 3.462544 -1.719538 -4.844204
v 3.424963 -0.860409 -4.881679
v 3.529444 -0.001769 -4.776867
v 2.464991 0.853327 -3.535480
v 3.573096 0.206288 -4.731559
v 2.463933 -1.719531 -5.420754
v 2.515960 -0.860401 -5.406738
v 2.374127 -0.001779 -5.444501
v 1.829490 0.852814 -3.902965
v 1.958516 1.711128 -3.245790
v 2.312095 0.206279 -5.459911
v 1.046700 1.711153 -3.490064
v 0.576546 -1.719538 -5.926476
v 0.525263 -0.860409 -5.940140
v 0.668153 -0.001769 -5.901611
v 0.367602 0.852547 -4.295151
v 0.728611 0.206286 -5.884200
v 2.313545 1.710255 -2.313545
v 2.013024 2.048188 -2.013023
v 2.684764 1.711450 -2.684764
v 4.376663 -1.720000 -5.557703
v 7.001445 -1.720001 -1.011444
v 6.569152 -1.720000 -2.624785
v 5.557705 -1.720001 -4.376661
v 4.276165 -1.719573 -5.662152
v 4.239182 -0.860398 -5.699682
v 4.301610 -0.860000 -5.632756
v 4.343661 -0.001685 -5.595050
v 4.511132 -0.000001 -5.423234
v 5.426102 0.000000 -4.508265
v 4.607019 0.206685 -5.331489
v 5.332922 0.206686 -4.605586
v 5.633905 -0.860000 -4.300461
v 6.534343 -1.719573 -2.765490
v 6.521079 -0.860398 -2.816482
v 6.541680 -0.860000 -2.727309
v 6.559245 -0.001685 -2.673628
v 6.618371 -0.000001 -2.441094
v 6.953274 0.000000 -1.191220
v 6.655540 0.206684 -2.313696
v 6.921239 0.206686 -1.322093
v 7.029336 -0.860000 -0.907354
v 0.872182 -1.719574 -7.041653
v 1.011441 -1.720001 -7.001446
v 0.821391 -0.860398 -7.055662
v 0.908918 -0.860000 -7.028917
v 0.964193 -0.001687 -7.017287
v 1.195136 -0.000003 -6.952225
v 2.445010 0.000001 -6.617322
v 1.324051 0.206683 -6.920715
v 2.315654 0.206686 -6.655015
v 2.728872 -0.860000 -6.541261
v 2.624781 -1.720000 -6.569153
v 1.026358 0.207279 -7.001644
v 6.576779 0.207283 -2.611971
v 4.389674 0.207285 -5.550422
v 7.041650 -1.719567 -0.872182
v 7.055871 -0.860390 -0.820610
v 7.017817 -0.001696 -0.962239
v 7.001907 0.207277 -1.025363
v 5.662155 -1.719567 -4.276160
v 5.700257 -0.860390 -4.238606
v 5.596487 -0.001696 -4.342233
v 5.551148 0.207277 -4.388944
v 2.765487 -1.719566 -6.534341
v 2.817262 -0.860390 -6.520870
v 2.675583 -0.001695 -6.558728
v 2.612964 0.207280 -6.576510
v -2.200000 -1.720000 -3.810512
v -2.187710 1.720000 -3.189154
v -3.810512 -1.720000 -2.200000
v -3.189154 1.720000 -2.187710
v -4.400000 -1.720000 0.000000
v -3.555707 1.720000 0.000000
v -2.200000 0.860000 -3.810512
v -2.200000 0.000000 -3.810512
v -2.200000 -0.860000 -3.810512
v -3.810512 0.860000 -2.200000
v -3.810512 0.000000 -2.200000
v -3.810512 -0.860000 -2.200000
v -4.400000 0.860000 0.000000
v -4.400000 0.000000 0.000000
v -4.400000 -0.860000 0.000000
v -2.855339 1.720000 -2.521525
v -2.521525 1.720000 -2.855339
v -2.736837 0.860000 -3.273674
v -3.273674 0.860000 -2.736837
v -3.433523 1.720000 -1.275712
v -3.311338 1.720000 -1.731711
v -4.007008 0.860000 -1.466667
v -4.203504 0.860000 -0.733333
v -1.731711 1.720000 -3.311338
v -1.275712 1.720000 -3.433523
v -0.733333 0.860000 -4.203504
v -1.466667 0.860000 -4.007008
v -2.518932 2.055931 0.000000
v -2.871709 1.720000 0.000000
v -2.200000 0.213757 -3.810512
v -3.810512 0.213757 -2.200000
v -4.400000 0.213757 0.000000
v -3.791411 0.213757 -4.515881
v -4.517314 0.213757 -3.789978
v -5.541399 0.213757 -2.015162
v -5.807097 0.213757 -1.023560
v -1.025518 0.213756 -5.806573
v -2.017121 0.213757 -5.540874
v -5.929431 -1.720000 -0.567004
v -5.943377 -0.860000 -0.514959
v -5.905346 -0.000000 -0.656892
v -4.301752 0.860000 -0.366667
v -3.494615 1.720000 -1.047712
v -5.887914 0.213757 -0.721950
v -3.250246 1.720000 -1.959710
v -5.418540 -1.720000 -2.473674
v -5.404805 -0.860000 -2.524937
v -5.443150 -0.000000 -2.381830
v -3.908760 0.860000 -1.833333
v -5.460320 0.213756 -2.317751
v -4.851534 -1.720000 -3.455757
v -4.889634 -0.860000 -3.417658
v -4.785733 0.000000 -3.521559
v -3.542093 0.860000 -2.468419
v -3.022247 1.720000 -2.354617
v -4.738108 0.213757 -3.569184
v -2.354617 1.720000 -3.022246
v -3.455757 -1.720000 -4.851534
v -3.418231 -0.860000 -4.889061
v -3.522992 0.000000 -4.784299
v -2.468419 0.860000 -3.542093
v -3.569901 0.213757 -4.737391
v -2.473674 -1.720000 -5.418541
v -2.525719 -0.860000 -5.404595
v -2.383787 0.000001 -5.442626
v -1.833333 0.860000 -3.908760
v -1.959710 1.720000 -3.250246
v -2.318731 0.213759 -5.460057
v -1.047712 1.720000 -3.494615
v -0.567003 -1.720001 -5.929431
v -0.515741 -0.860000 -5.943167
v -0.658849 -0.000001 -5.904821
v -0.366667 0.860000 -4.301752
v -0.722928 0.213755 -5.887652
v -2.315131 1.720000 -2.315131
v -2.017499 2.055931 -2.017499
v -2.688432 1.720000 -2.688432
v -4.383734 -1.720000 -5.564774
v -7.011104 -1.720001 -1.014032
v -6.578811 -1.720000 -2.627373
v -5.564776 -1.720001 -4.383732
v -4.276366 -1.720000 -5.672141
v -4.238840 -0.860000 -5.709669
v -4.308681 -0.860000 -5.639827
v -4.343601 -0.000000 -5.604907
v -4.518203 -0.000001 -5.430305
v -5.433173 0.000000 -4.515336
v -4.612020 0.213756 -5.336489
v -5.337922 0.213757 -4.610586
v -5.640976 -0.860000 -4.307532
v -6.539512 -1.720000 -2.774040
v -6.525776 -0.860000 -2.825301
v -6.551340 -0.860000 -2.729897
v -6.564121 -0.000001 -2.682194
v -6.628031 -0.000001 -2.443682
v -6.962934 0.000000 -1.193808
v -6.662371 0.213756 -2.315526
v -6.928069 0.213757 -1.323923
v -7.038996 -0.860000 -0.909942
v -0.867362 -1.720001 -7.050404
v -1.014029 -1.720001 -7.011106
v -0.816102 -0.860000 -7.064139
v -0.911506 -0.860000 -7.038576
v -0.959212 -0.000002 -7.025793
v -1.197725 -0.000003 -6.961884
v -2.447598 0.000001 -6.626982
v -1.325881 0.213754 -6.927545
v -2.317484 0.213757 -6.661846
v -2.731460 -0.860000 -6.550920
v -2.627369 -1.720000 -6.578812
v -1.023292 0.213751 -7.008624
v -6.581291 0.213754 -2.618116
v -4.390509 0.213756 -5.558000
v -7.050403 -1.720001 -0.867365
v -7.064349 -0.860000 -0.815320
v -7.026318 0.000000 -0.957254
v -7.008885 0.213758 -1.022313
v -5.672143 -1.720001 -4.276365
v -5.710243 -0.860000 -4.238265
v -5.606342 0.000000 -4.342166
v -5.558717 0.213757 -4.389791
v -2.774035 -1.720000 -6.539513
v -2.826081 -0.860000 -6.525567
v -2.684151 0.000001 -6.563598
v -2.619095 0.213761 -6.581028
v -0.009427 -1.719693 -4.396678
v -2.195021 -1.719071 -3.801890
v -2.184730 1.711620 -3.184582
v -3.801888 -1.719071 -2.195023
v -3.184582 1.711620 -2.184730
v -4.396680 -1.719688 -0.009428
v -3.551562 1.710912 0.000000
v -0.009379 -0.860273 -4.396542
v -0.009146 -0.001184 -4.396132
v -0.003604 0.853770 -4.393057
v -2.196157 0.854033 -3.803467
v -2.195219 -0.002939 -3.802235
v -2.195013 -0.860780 -3.801880
v -3.803467 0.854033 -2.196158
v -3.802233 -0.002939 -2.195223
v -3.801877 -0.860780 -2.195018
v -4.393059 0.853769 -0.003606
v -4.396141 -0.001192 -0.009148
v -4.396547 -0.860268 -0.009381
v -2.851672 1.711450 -2.517857
v -2.517857 1.711450 -2.851672
v -2.732098 0.852579 -3.268935
v -3.268935 0.852579 -2.732098
v -3.429067 1.711128 -1.274518
v -3.306882 1.711128 -1.730517
v -4.001019 0.852155 -1.465062
v -4.197515 0.852155 -0.731728
v -1.730517 1.711128 -3.306882
v -1.274518 1.711128 -3.429067
v -0.731728 0.852155 -4.197515
v -1.465062 0.852155 -4.001019
v -2.512218 2.048704 0.001640
v -2.868553 1.710542 0.000771
v 0.000771 1.710542 -2.868553
v 0.001640 2.048704 -2.512217
v -0.008117 0.210558 -4.395113
v -2.195818 0.208271 -3.803272
v -3.803270 0.208271 -2.195821
v -4.395120 0.210547 -0.008117
v -3.790080 0.203936 -4.514550
v -4.515983 0.203936 -3.788647
v -5.539581 0.203936 -2.014675
v -5.805279 0.203936 -1.023073
v -1.025031 0.203935 -5.804755
v -2.016634 0.203936 -5.539056
v -5.926478 -1.719531 -0.576546
v -5.940352 -0.860401 -0.524482
v -5.902140 -0.001780 -0.666195
v -4.295152 0.852546 -0.367602
v -3.490064 1.711153 -1.046700
v -5.884469 0.206277 -0.727623
v -3.245790 1.711128 -1.958516
v -5.420753 -1.719538 -2.463933
v -5.406944 -0.860409 -2.515177
v -5.445022 -0.001769 -2.372167
v -3.902964 0.852815 -1.829489
v -5.460171 0.206288 -2.311103
v -4.844205 -1.719531 -3.462544
v -4.882253 -0.860401 -3.424393
v -4.778305 -0.001780 -3.528013
v -3.535481 0.853326 -2.464991
v -3.018579 1.711450 -2.350950
v -4.732288 0.206277 -3.572375
v -2.350950 1.711450 -3.018579
v -3.462544 -1.719538 -4.844204
v -3.424963 -0.860409 -4.881679
v -3.529444 -0.001769 -4.776867
v -2.464991 0.853327 -3.535480
v -3.573096 0.206288 -4.731559
v -2.463933 -1.719531 -5.420754
v -2.515960 -0.860401 -5.406738
v -2.374127 -0.001779 -5.444501
v -1.829490 0.852814 -3.902965
v -1.958516 1.711128 -3.245790
v -2.312095 0.206279 -5.459911
v -1.046700 1.711153 -3.490064
v -0.576546 -1.719538 -5.926476
v -0.525263 -0.860409 -5.940140
v -0.668153 -0.001769 -5.901611
v -0.367602 0.852547 -4.295151
v -0.728611 0.206286 -5.884200
v -2.313545 1.710255 -2.313545
v -2.013024 2.048188 -2.013023
v -2.684764 1.711450 -2.684764
v -4.376663 -1.720000 -5.557703
v -7.001445 -1.720001 -1.011444
v -6.569152 -1.720000 -2.624785
v -5.557705 -1.720001 -4.376661
v -4.276165 -1.719573 -5.662152
v -4.239182 -0.860398 -5.699682
v -4.301610 -0.860000 -5.632756
v -4.343661 -0.001685 -5.595050
v -4.511132 -0.000001 -5.423234
v -5.426102 0.000000 -4.508265
v -4.607019 0.206685 -5.331489
v -5.332922 0.206686 -4.605586
v -5.633905 -0.860000 -4.300461
v -6.534343 -1.719573 -2.765490
v -6.521079 -0.860398 -2.816482
v -6.541680 -0.860000 -2.727309
v -6.559245 -0.001685 -2.673628
v -6.618371 -0.000001 -2.441094
v -6.953274 0.000000 -1.191220
v -6.655540 0.206684 -2.313696
v -6.921239 0.206686 -1.322093
v -7.029336 -0.860000 -0.907354
v -0.872182 -1.719574 -7.041653
v -1.011441 -1.720001 -7.001446
v -0.821391 -0.860398 -7.055662
v -0.908918 -0.860000 -7.028917
v -0.964193 -0.001687 -7.017287
v -1.195136 -0.000003 -6.952225
v -2.445010 0.000001 -6.617322
v -1.324051 0.206683 -6.920715
v -2.315654 0.206686 -6.655015
v -2.728872 -0.860000 -6.541261
v -2.624781 -1.720000 -6.569153
v -1.026358 0.207279 -7.001644
v -6.576779 0.207283 -2.611971
v -4.389674 0.207285 -5.550422
v -7.041650 -1.719567 -0.872182
v -7.055871 -0.860390 -0.820610
v -7.017817 -0.001696 -0.962239
v -7.001907 0.207277 -1.025363
v -5.662155 -1.719567 -4.276160
v -5.700257 -0.860390 -4.238606
v -5.596487 -0.001696 -4.342233
v -5.551148 0.207277 -4.388944
v -2.765487 -1.719566 -6.534341
v -2.817262 -0.860390 -6.520870
v -2.675583 -0.001695 -6.558728
v -2.612964 0.207280 -6.576510
v 0.000000 -1.720000 4.400000
v 0.000000 1.720000 3.555707
v 2.200000 -1.720000 3.810512
v 2.187710 1.720000 3.189154
v 3.810512 -1.720000 2.200000
v 3.189154 1.720000 2.187710
v 0.000000 -0.860000 4.400000
v 0.000000 0.000000 4.400000
v 0.000000 0.860000 4.400000
v 2.200000 0.860000 3.810512
v 2.200000 0.000000 3.810512
v 2.200000 -0.860000 3.810512
v 3.810512 0.860000 2.200000
v 3.810512 0.000000 2.200000
v 3.810512 -0.860000 2.200000
v 2.855339 1.720000 2.521525
v 2.521525 1.720000 2.855339
v 2.736837 0.860000 3.273674
v 3.273674 0.860000 2.736837
v 3.433523 1.720000 1.275712
v 3.311338 1.720000 1.731711
v 4.007008 0.860000 1.466667
v 4.203504 0.860000 0.733333
v 1.731711 1.720000 3.311338
v 1.275712 1.720000 3.433523
v 0.733333 0.860000 4.203504
v 1.466667 0.860000 4.007008
v 0.000000 1.720000 2.871709
v 0.000000 2.055931 2.518932
v 0.000000 0.213757 4.400000
v 2.200000 0.213757 3.810512
v 3.810512 0.213757 2.200000
v 3.791411 0.213757 4.515881
v 4.517314 0.213757 3.789978
v 5.541399 0.213757 2.015162
v 5.807097 0.213757 1.023560
v 1.025518 0.213756 5.806573
v 2.017121 0.213757 5.540874
v 5.929431 -1.720000 0.567004
v 5.943377 -0.860000 0.514959
v 5.905346 -0.000000 0.656892
v 4.301752 0.860000 0.366667
v 3.494615 1.720000 1.047712
v 5.887914 0.213757 0.721950
v 3.250246 1.720000 1.959710
v 5.418540 -1.720000 2.473674
v 5.404805 -0.860000 2.524937
v 5.443150 -0.000000 2.381830
v 3.908760 0.860000 1.833333
v 5.460320 0.213756 2.317751
v 4.851534 -1.720000 3.455757
v 4.889634 -0.860000 3.417658
v 4.785733 0.000000 3.521559
v 3.542093 0.860000 2.468419
v 3.022247 1.720000 2.354617
v 4.738108 0.213757 3.569184
v 2.354617 1.720000 3.022246
v 3.455757 -1.720000 4.851534
v 3.418231 -0.860000 4.889061
v 3.522992 0.000000 4.784299
v 2.468419 0.860000 3.542093
v 3.569901 0.213757 4.737391
v 2.473674 -1.720000 5.418541
v 2.525719 -0.860000 5.404595
v 2.383787 0.000001 5.442626
v 1.833333 0.860000 3.908760
v 1.959710 1.720000 3.250246
v 2.318731 0.213759 5.460057
v 1.047712 1.720000 3.494615
v 0.567003 -1.720001 5.929431
v 0.515741 -0.860000 5.943167
v 0.658849 -0.000001 5.904821
v 0.366667 0.860000 4.301752
v 0.722928 0.213755 5.887652
v 2.315131 1.720000 2.315131
v 2.017499 2.055931 2.017499
v 2.688432 1.720000 2.688432
v 4.383734 -1.720000 5.564774
v 7.011104 -1.720001 1.014032
v 6.578811 -1.720000 2.627373
v 5.564776 -1.720001 4.383732
v 4.276366 -1.720000 5.672141
v 4.238840 -0.860000 5.709669
v 4.308681 -0.860000 5.639827
v 4.343601 -0.000000 5.604907
v 4.518203 -0.000001 5.430305
v 5.433173 0.000000 4.515336
v 4.612020 0.213756 5.336489
v 5.337922 0.213757 4.610586
v 5.640976 -0.860000 4.307532
v 6.539512 -1.720000 2.774040
v 6.525776 -0.860000 2.825301
v 6.551340 -0.860000 2.729897
v 6.564121 -0.000001 2.682194
v 6.628031 -0.000001 2.443682
v 6.962934 0.000000 1.193808
v 6.662371 0.213756 2.315526
v 6.928069 0.213757 1.323923
v 7.038996 -0.860000 0.909942
v 0.867362 -1.720001 7.050404
v 1.014029 -1.720001 7.011106
v 0.816102 -0.860000 7.064139
v 0.911506 -0.860000 7.038576
v 0.959212 -0.000002 7.025793
v 1.197725 -0.000003 6.961884
v 2.447598 0.000001 6.626982
v 1.325881 0.213754 6.927545
v 2.317484 0.213757 6.661846
v 2.731460 -0.860000 6.550920
v 2.627369 -1.720000 6.578812
v 1.023292 0.213751 7.008624
v 6.581291 0.213754 2.618116
v 4.390509 0.213756 5.558000
v 7.050403 -1.720001 0.867365
v 7.064349 -0.860000 0.815320
v 7.026318 0.000000 0.957254
v 7.008885 0.213758 1.022313
v 5.672143 -1.720001 4.276365
v 5.710243 -0.860000 4.238265
v 5.606342 0.000000 4.342166
v 5.558717 0.213757 4.389791
v 2.774035 -1.720000 6.539513
v 2.826081 -0.860000 6.525567
v 2.684151 0.000001 6.563598
v 2.619095 0.213761 6.581028
v 0.009427 -1.719693 4.396678
v 0.000000 1.710912 3.551562
v 2.195021 -1.719071 3.801890
v 2.184730 1.711620 3.184582
v 3.801888 -1.719071 2.195023
v 3.184582 1.711620 2.184730
v 4.396680 -1.719688 0.009428
v 0.009379 -0.860273 4.396542
v 0.009146 -0.001184 4.396132
v 0.003604 0.853770 4.393057
v 2.196157 0.854033 3.803467
v 2.195219 -0.002939 3.802235
v 2.195013 -0.860780 3.801880
v 3.803467 0.854033 2.196158
v 3.802233 -0.002939 2.195223
v 3.801877 -0.860780 2.195018
v 4.393059 0.853769 0.003606
v 4.396141 -0.001192 0.009148
v 4.396547 -0.860268 0.009381
v 2.851672 1.711450 2.517857
v 2.517857 1.711450 2.851672
v 2.732098 0.852579 3.268935
v 3.268935 0.852579 2.732098
v 3.429067 1.711128 1.274518
v 3.306882 1.711128 1.730517
v 4.001019 0.852155 1.465062
v 4.197515 0.852155 0.731728
v 1.730517 1.711128 3.306882
v 1.274518 1.711128 3.429067
v 0.731728 0.852155 4.197515
v 1.465062 0.852155 4.001019
v 2.512218 2.048704 -0.001640
v 2.868553 1.710542 -0.000771
v -0.000771 1.710542 2.868553
v -0.001640 2.048704 2.512217
v 0.008117 0.210558 4.395113
v 2.195818 0.208271 3.803272
v 3.803270 0.208271 2.195821
v 4.395120 0.210547 0.008117
v 3.790080 0.203936 4.514550
v 4.515983 0.203936 3.788647
v 5.539581 0.203936 2.014675
v 5.805279 0.203936 1.023073
v 1.025031 0.203935 5.804755
v 2.016634 0.203936 5.539056
v 5.926478 -1.719531 0.576546
v 5.940352 -0.860401 0.524482
v 5.902140 -0.001780 0.666195
v 4.295152 0.852546 0.367602
v 3.490064 1.711153 1.046700
v 5.884469 0.206277 0.727623
v 3.245790 1.711128 1.958516
v 5.420753 -1.719538 2.463933
v 5.406944 -0.860409 2.515177
v 5.445022 -0.001769 2.372167
v 3.902964 0.852815 1.829489
v 5.460171 0.206288 2.311103
v 4.844205 -1.719531 3.462544
v 4.882253 -0.860401 3.424393
v 4.778305 -0.001780 3.528013
v 3.535481 0.853326 2.464991
v 3.018579 1.711450 2.350950
v 4.732288 0.206277 3.572375
v 2.350950 1.711450 3.018579
v 3.462544 -1.719538 4.844204
v 3.424963 -0.860409 4.881679
v 3.529444 -0.001769 4.776867
v 2.464991 0.853327 3.535480
v 3.573096 0.206288 4.731559
v 2.463933 -1.719531 5.420754
v 2.515960 -0.860401 5.406738
v 2.374127 -0.001779 5.444501
v 1.829490 0.852814 3.902965
v 1.958516 1.711128 3.245790
v 2.312095 0.206279 5.459911
v 1.046700 1.711153 3.490064
v 0.576546 -1.719538 5.926476
v 0.525263 -0.860409 5.940140
v 0.668153 -0.001769 5.901611
v 0.367602 0.852547 4.295151
v 0.728611 0.206286 5.884200
v 2.313545 1.710255 2.313545
v 2.013024 2.048188 2.013023
v 2.684764 1.711450 2.684764
v 4.376663 -1.720000 5.557703
v 7.001445 -1.720001 1.011444
v 6.569152 -1.720000 2.624785
v 5.557705 -1.720001 4.376661
v 4.276165 -1.719573 5.662152
v 4.239182 -0.860398 5.699682
v 4.301610 -0.860000 5.632756
v 4.343661 -0.001685 5.595050
v 4.511132 -0.000001 5.423234
v 5.426102 0.000000 4.508265
v 4.607019 0.206685 5.331489
v 5.332922 0.206686 4.605586
v 5.633905 -0.860000 4.300461
v 6.534343 -1.719573 2.765490
v 6.521079 -0.860398 2.816482
v 6.541680 -0.860000 2.727309
v 6.559245 -0.001685 2.673628
v 6.618371 -0.000001 2.441094
v 6.953274 0.000000 1.191220
v 6.655540 0.206684 2.313696
v 6.921239 0.206686 1.322093
v 7.029336 -0.860000 0.907354
v 0.872182 -1.719574 7.041653
v 1.011441 -1.720001 7.001446
v 0.821391 -0.860398 7.055662
v 0.908918 -0.860000 7.028917
v 0.964193 -0.001687 7.017287
v 1.195136 -0.000003 6.952225
v 2.445010 0.000001 6.617322
v 1.324051 0.206683 6.920715
v 2.315654 0.206686 6.655015
v 2.728872 -0.860000 6.541261
v 2.624781 -1.720000 6.569153
v 1.026358 0.207279 7.001644
v 6.576779 0.207283 2.611971
v 4.389674 0.207285 5.550422
v 7.041650 -1.719567 0.872182
v 7.055871 -0.860390 0.820610
v 7.017817 -0.001696 0.962239
v 7.001907 0.207277 1.025363
v 5.662155 -1.719567 4.276160
v 5.700257 -0.860390 4.238606
v 5.596487 -0.001696 4.342233
v 5.551148 0.207277 4.388944
v 2.765487 -1.719566 6.534341
v 2.817262 -0.860390 6.520870
v 2.675583 -0.001695 6.558728
v 2.612964 0.207280 6.576510
v -2.200000 -1.720000 3.810512
v -2.187710 1.720000 3.189154
v -3.810512 -1.720000 2.200000
v -3.189154 1.720000 2.187710
v -2.200000 0.860000 3.810512
v -2.200000 0.000000 3.810512
v -2.200000 -0.860000 3.810512
v -3.810512 0.860000 2.200000
v -3.810512 0.000000 2.200000
v -3.810512 -0.860000 2.200000
v -2.855339 1.720000 2.521525
v -2.521525 1.720000 2.855339
v -2.736837 0.860000 3.273674
v -3.273674 0.860000 2.736837
v -3.433523 1.720000 1.275712
v -3.311338 1.720000 1.731711
v -4.007008 0.860000 1.466667
v -4.203504 0.860000 0.733333
v -1.731711 1.720000 3.311338
v -1.275712 1.720000 3.433523
v -0.733333 0.860000 4.203504
v -1.466667 0.860000 4.007008
v -2.200000 0.213757 3.810512
v -3.810512 0.213757 2.200000
v -3.791411 0.213757 4.515881
v -4.517314 0.213757 3.789978
v -5.541399 0.213757 2.015162
v -5.807097 0.213757 1.023560
v -1.025518 0.213756 5.806573
v -2.017121 0.213757 5.540874
v -5.929431 -1.720000 0.567004
v -5.943377 -0.860000 0.514959
v -5.905346 -0.000000 0.656892
v -4.301752 0.860000 0.366667
v -3.494615 1.720000 1.047712
v -5.887914 0.213757 0.721950
v -3.250246 1.720000 1.959710
v -5.418540 -1.720000 2.473674
v -5.404805 -0.860000 2.524937
v -5.443150 -0.000000 2.381830
v -3.908760 0.860000 1.833333
v -5.460320 0.213756 2.317751
v -4.851534 -1.720000 3.455757
v -4.889634 -0.860000 3.417658
v -4.785733 0.000000 3.521559
v -3.542093 0.860000 2.468419
v -3.022247 1.720000 2.354617
v -4.738108 0.213757 3.569184
v -2.354617 1.720000 3.022246
v -3.455757 -1.720000 4.851534
v -3.418231 -0.860000 4.889061
v -3.522992 0.000000 4.784299
v -2.468419 0.860000 3.542093
v -3.569901 0.213757 4.737391
v -2.473674 -1.720000 5.418541
v -2.525719 -0.860000 5.404595
v -2.383787 0.000001 5.442626
v -1.833333 0.860000 3.908760
v -1.959710 1.720000 3.250246
v -2.318731 0.213759 5.460057
v -1.047712 1.720000 3.494615
v -0.567003 -1.720001 5.929431
v -0.515741 -0.860000 5.943167
v -0.658849 -0.000001 5.904821
v -0.366667 0.860000 4.301752
v -0.722928 0.213755 5.887652
v -2.315131 1.720000 2.315131
v -2.017499 2.055931 2.017499
v -2.688432 1.720000 2.688432
v -4.383734 -1.720000 5.564774
v -7.011104 -1.720001 1.014032
v -6.578811 -1.720000 2.627373
v -5.564776 -1.720001 4.383732
v -4.276366 -1.720000 5.672141
v -4.238840 -0.860000 5.709669
v -4.308681 -0.860000 5.639827
v -4.343601 -0.000000 5.604907
v -4.518203 -0.000001 5.430305
v -5.433173 0.000000 4.515336
v -4.612020 0.213756 5.336489
v -5.337922 0.213757 4.610586
v -5.640976 -0.860000 4.307532
v -6.539512 -1.720000 2.774040
v -6.525776 -0.860000 2.825301
v -6.551340 -0.860000 2.729897
v -6.564121 -0.000001 2.682194
v -6.628031 -0.000001 2.443682
v -6.962934 0.000000 1.193808
v -6.662371 0.213756 2.315526
v -6.928069 0.213757 1.323923
v -7.038996 -0.860000 0.909942
v -0.867362 -1.720001 7.050404
v -1.014029 -1.720001 7.011106
v -0.816102 -0.860000 7.064139
v -0.911506 -0.860000 7.038576
v -0.959212 -0.000002 7.025793
v -1.197725 -0.000003 6.961884
v -2.447598 0.000001 6.626982
v -1.325881 0.213754 6.927545
v -2.317484 0.213757 6.661846
v -2.731460 -0.860000 6.550920
v -2.627369 -1.720000 6.578812
v -1.023292 0.213751 7.008624
v -6.581291 0.213754 2.618116
v -4.390509 0.213756 5.558000
v -7.050403 -1.720001 0.867365
v -7.064349 -0.860000 0.815320
v -7.026318 0.000000 0.957254
v -7.008885 0.213758 1.022313
v -5.672143 -1.720001 4.276365
v -5.710243 -0.860000 4.238265
v -5.606342 0.000000 4.342166
v -5.558717 0.213757 4.389791
v -2.774035 -1.720000 6.539513
v -2.826081 -0.860000 6.525567
v -2.684151 0.000001 6.563598
v -2.619095 0.213761 6.581028
v -0.009427 -1.719693 4.396678
v -2.195021 -1.719071 3.801890
v -2.184730 1.711620 3.184582
v -3.801888 -1.719071 2.195023
v -3.184582 1.711620 2.184730
v -4.396680 -1.719688 0.009428
v -0.009379 -0.860273 4.396542
v -0.009146 -0.001184 4.396132
v -0.003604 0.853770 4.393057
v -2.196157 0.854033 3.803467
v -2.195219 -0.002939 3.802235
v -2.195013 -0.860780 3.801880
v -3.803467 0.854033 2.196158
v -3.802233 -0.002939 2.195223
v -3.801877 -0.860780 2.195018
v -4.393059 0.853769 0.003606
v -4.396141 -0.001192 0.009148
v -4.396547 -0.860268 0.009381
v -2.851672 1.711450 2.517857
v -2.517857 1.711450 2.851672
v -2.732098 0.852579 3.268935
v -3.268935 0.852579 2.732098
v -3.429067 1.711128 1.274518
v -3.306882 1.711128 1.730517
v -4.001019 0.852155 1.465062
v -4.197515 0.852155 0.731728
v -1.730517 1.711128 3.306882
v -1.274518 1.711128 3.429067
v -0.731728 0.852155 4.197515
v -1.465062 0.852155 4.001019
v -2.512218 2.048704 -0.001640
v -2.868553 1.710542 -0.000771
v 0.000771 1.710542 2.868553
v 0.001640 2.048704 2.512217
v -0.008117 0.210558 4.395113
v -2.195818 0.208271 3.803272
v -3.803270 0.208271 2.195821
v -4.395120 0.210547 0.008117
v -3.790080 0.203936 4.514550
v -4.515983 0.203936 3.788647
v -5.539581 0.203936 2.014675
v -5.805279 0.203936 1.023073
v -1.025031 0.203935 5.804755
v -2.016634 0.203936 5.539056
v -5.926478 -1.719531 0.576546
v -5.940352 -0.860401 0.524482
v -5.902140 -0.001780 0.666195
v -4.295152 0.852546 0.367602
v -3.490064 1.711153 1.046700
v -5.884469 0.206277 0.727623
v -3.245790 1.711128 1.958516
v -5.420753 -1.719538 2.463933
v -5.406944 -0.860409 2.515177
v -5.445022 -0.001769 2.372167
v -3.902964 0.852815 1.829489
v -5.460171 0.206288 2.311103
v -4.844205 -1.719531 3.462544
v -4.882253 -0.860401 3.424393
v -4.778305 -0.001780 3.528013
v -3.535481 0.853326 2.464991
v -3.018579 1.711450 2.350950
v -4.732288 0.206277 3.572375
v -2.350950 1.711450 3.018579
v -3.462544 -1.719538 4.844204
v -3.424963 -0.860409 4.881679
v -3.529444 -0.001769 4.776867
v -2.464991 0.853327 3.535480
v -3.573096 0.206288 4.731559
v -2.463933 -1.719531 5.420754
v -2.515960 -0.860401 5.406738
v -2.374127 -0.001779 5.444501
v -1.829490 0.852814 3.902965
v -1.958516 1.711128 3.245790
v -2.312095 0.206279 5.459911
v -1.046700 1.711153 3.490064
v -0.576546 -1.719538 5.926476
v -0.525263 -0.860409 5.940140
v -0.668153 -0.001769 5.901611
v -0.367602 0.852547 4.295151
v -0.728611 0.206286 5.884200
v -2.313545 1.710255 2.313545
v -2.013024 2.048188 2.013023
v -2.684764 1.711450 2.684764
v -4.376663 -1.720000 5.557703
v -7.001445 -1.720001 1.011444
v -6.569152 -1.720000 2.624785
v -5.557705 -1.720001 4.376661
v -4.276165 -1.719573 5.662152
v -4.239182 -0.860398 5.699682
v -4.301610 -0.860000 5.632756
v -4.343661 -0.001685 5.595050
v -4.511132 -0.000001 5.423234
v -5.426102 0.000000 4.508265
v -4.607019 0.206685 5.331489
v -5.332922 0.206686 4.605586
v -5.633905 -0.860000 4.300461
v -6.534343 -1.719573 2.765490
v -6.521079 -0.860398 2.816482
v -6.541680 -0.860000 2.727309
v -6.559245 -0.001685 2.673628
v -6.618371 -0.000001 2.441094
v -6.953274 0.000000 1.191220
v -6.655540 0.206684 2.313696
v -6.921239 0.206686 1.322093
v -7.029336 -0.860000 0.907354
v -0.872182 -1.719574 7.041653
v -1.011441 -1.720001 7.001446
v -0.821391 -0.860398 7.055662
v -0.908918 -0.860000 7.028917
v -0.964193 -0.001687 7.017287
v -1.195136 -0.000003 6.952225
v -2.445010 0.000001 6.617322
v -1.324051 0.206683 6.920715
v -2.315654 0.206686 6.655015
v -2.728872 -0.860000 6.541261
v -2.624781 -1.720000 6.569153
v -1.026358 0.207279 7.001644
v -6.576779 0.207283 2.611971
v -4.389674 0.207285 5.550422
v -7.041650 -1.719567 0.872182
v -7.055871 -0.860390 0.820610
v -7.017817 -0.001696 0.962239
v -7.001907 0.207277 1.025363
v -5.662155 -1.719567 4.276160
v -5.700257 -0.860390 4.238606
v -5.596487 -0.001696 4.342233
v -5.551148 0.207277 4.388944
v -2.765487 -1.719566 6.534341
v -2.817262 -0.860390 6.520870
v -2.675583 -0.001695 6.558728
v -2.612964 0.207280 6.576510
v -2.200000 -1.720000 -3.810512
v -2.187710 1.720000 -3.189154
v -3.810512 -1.720000 -2.200000
v -3.189154 1.720000 -2.187710
v -4.400000 -1.720000 0.000000
v -3.555707 1.720000 0.000000
v -2.200000 0.860000 -3.810512
v -2.200000 0.000000 -3.810512
v -2.200000 -0.860000 -3.810512
v -3.810512 0.860000 -2.200000
v -3.810512 0.000000 -2.200000
v -3.810512 -0.860000 -2.200000
v -4.400000 0.860000 0.000000
v -4.400000 0.000000 0.000000
v -4.400000 -0.860000 0.000000
v -2.855339 1.720000 -2.521525
v -2.521525 1.720000 -2.855339
v -2.736837 0.860000 -3.273674
v -3.273674 0.860000 -2.736837
v -3.433523 1.720000 -1.275712
v -3.311338 1.720000 -1.731711
v -4.007008 0.860000 -1.466667
v -4.203504 0.860000 -0.733333
v -1.731711 1.720000 -3.311338
v -1.275712 1.720000 -3.433523
v -0.733333 0.860000 -4.203504
v -1.466667 0.860000 -4.007008
v -2.518932 2.055931 0.000000
v -2.871709 1.720000 0.000000
v -2.200000 0.213757 -3.810512
v -3.810512 0.213757 -2.200000
v -4.400000 0.213757 0.000000
v -3.791411 0.213757 -4.515881
v -4.517314 0.213757 -3.789978
v -5.541399 0.213757 -2.015162
v -5.807097 0.213757 -1.023560
v -1.025518 0.213756 -5.806573
v -2.017121 0.213757 -5.540874
v -5.929431 -1.720000 -0.567004
v -5.943377 -0.860000 -0.514959
v -5.905346 -0.000000 -0.656892
v -4.301752 0.860000 -0.366667
v -3.494615 1.720000 -1.047712
v -5.887914 0.213757 -0.721950
v -3.250246 1.720000 -1.959710
v -5.418540 -1.720000 -2.473674
v -5.404805 -0.860000 -2.524937
v -5.443150 -0.000000 -2.381830
v -3.908760 0.860000 -1.833333
v -5.460320 0.213756 -2.317751
v -4.851534 -1.720000 -3.455757
v -4.889634 -0.860000 -3.417658
v -4.785733 0.000000 -3.521559
v -3.542093 0.860000 -2.468419
v -3.022247 1.720000 -2.354617
v -4.738108 0.213757 -3.569184
v -2.354617 1.720000 -3.022246
v -3.455757 -1.720000 -4.851534
v -3.418231 -0.860000 -4.889061
v -3.522992 0.000000 -4.784299
v -2.468419 0.860000 -3.542093
v -3.569901 0.213757 -4.737391
v -2.473674 -1.720000 -5.418541
v -2.525719 -0.860000 -5.404595
v -2.383787 0.000001 -5.442626
v -1.833333 0.860000 -3.908760
v -1.959710 1.720000 -3.250246
v -2.318731 0.213759 -5.460057
v -1.047712 1.720000 -3.494615
v -0.567003 -1.720001 -5.929431
v -0.515741 -0.860000 -5.943167
v -0.658849 -0.000001 -5.904821
v -0.366667 0.860000 -4.301752
v -0.722928 0.213755 -5.887652
v -2.315131 1.720000 -2.315131
v -2.017499 2.055931 -2.017499
v -2.688432 1.720000 -2.688432
v -4.383734 -1.720000 -5.564774
v -7.011104 -1.720001 -1.014032
v -6.578811 -1.720000 -2.627373
v -5.564776 -1.720001 -4.383732
v -4.276366 -1.720000 -5.672141
v -4.238840 -0.860000 -5.709669
v -4.308681 -0.860000 -5.639827
v -4.343601 -0.000000 -5.604907
v -4.518203 -0.000001 -5.430305
v -5.433173 0.000000 -4.515336
v -4.612020 0.213756 -5.336489
v -5.337922 0.213757 -4.610586
v -5.640976 -0.860000 -4.307532
v -6.539512 -1.720000 -2.774040
v -6.525776 -0.860000 -2.825301
v -6.551340 -0.860000 -2.729897
v -6.564121 -0.000001 -2.682194
v -6.628031 -0.000001 -2.443682
v -6.962934 0.000000 -1.193808
v -6.662371 0.213756 -2.315526
v -6.928069 0.213757 -1.323923
v -7.038996 -0.860000 -0.909942
v -0.867362 -1.720001 -7.050404
v -1.014029 -1.720001 -7.011106
v -0.816102 -0.860000 -7.064139
v -0.911506 -0.860000 -7.038576
v -0.959212 -0.000002 -7.025793
v -1.197725 -0.000003 -6.961884
v -2.447598 0.000001 -6.626982
v -1.325881 0.213754 -6.927545
v -2.317484 0.213757 -6.661846
v -2.731460 -0.860000 -6.550920
v -2.627369 -1.720000 -6.578812
v -1.023292 0.213751 -7.008624
v -6.581291 0.213754 -2.618116
v -4.390509 0.213756 -5.558000
v -7.050403 -1.720001 -0.867365
v -7.064349 -0.860000 -0.815320
v -7.026318 0.000000 -0.957254
v -7.008885 0.213758 -1.022313
v -5.672143 -1.720001 -4.276365
v -5.710243 -0.860000 -4.238265
v -5.606342 0.000000 -4.342166
v -5.558717 0.213757 -4.389791
v -2.774035 -1.720000 -6.539513
v -2.826081 -0.860000 -6.525567
v -2.684151 0.000001 -6.563598
v -2.619095 0.213761 -6.581028
v -0.009427 -1.719693 -4.396678
v -2.195021 -1.719071 -3.801890
v -2.184730 1.711620 -3.184582
v -3.801888 -1.719071 -2.195023
v -3.184582 1.711620 -2.184730
v -4.396680 -1.719688 -0.009428
v -3.551562 1.710912 0.000000
v -0.009379 -0.860273 -4.396542
v -0.009146 -0.001184 -4.396132
v -0.003604 0.853770 -4.393057
v -2.196157 0.854033 -3.803467
v -2.195219 -0.002939 -3.802235
v -2.195013 -0.860780 -3.801880
v -3.803467 0.854033 -2.196158
v -3.802233 -0.002939 -2.195223
v -3.801877 -0.860780 -2.195018
v -4.393059 0.853769 -0.003606
v -4.396141 -0.001192 -0.009148
v -4.396547 -0.860268 -0.009381
v -2.851672 1.711450 -2.517857
v -2.517857 1.711450 -2.851672
v -2.732098 0.852579 -3.268935
v -3.268935 0.852579 -2.732098
v -3.429067 1.711128 -1.274518
v -3.306882 1.711128 -1.730517
v -4.001019 0.852155 -1.465062
v -4.197515 0.852155 -0.731728
v -1.730517 1.711128 -3.306882
v -1.274518 1.711128 -3.429067
v -0.731728 0.852155 -4.197515
v -1.465062 0.852155 -4.001019
v -2.512218 2.048704 0.001640
v -2.868553 1.710542 0.000771
v 0.000771 1.710542 -2.868553
v 0.001640 2.048704 -2.512217
v -0.008117 0.210558 -4.395113
v -2.195818 0.208271 -3.803272
v -3.803270 0.208271 -2.195821
v -4.395120 0.210547 -0.008117
v -3.790080 0.203936 -4.514550
v -4.515983 0.203936 -3.788647
v -5.539581 0.203936 -2.014675
v -5.805279 0.203936 -1.023073
v -1.025031 0.203935 -5.804755
v -2.016634 0.203936 -5.539056
v -5.926478 -1.719531 -0.576546
v -5.940352 -0.860401 -0.524482
v -5.902140 -0.001780 -0.666195
v -4.295152 0.852546 -0.367602
v -3.490064 1.711153 -1.046700
v -5.884469 0.206277 -0.727623
v -3.245790 1.711128 -1.958516
v -5.420753 -1.719538 -2.463933
v -5.406944 -0.860409 -2.515177
v -5.445022 -0.001769 -2.372167
v -3.902964 0.852815 -1.829489
v -5.460171 0.206288 -2.311103
v -4.844205 -1.719531 -3.462544
v -4.882253 -0.860401 -3.424393
v -4.778305 -0.001780 -3.528013
v -3.535481 0.853326 -2.464991
v -3.018579 1.711450 -2.350950
v -4.732288 0.206277 -3.572375
v -2.350950 1.711450 -3.018579
v -3.462544 -1.719538 -4.844204
v -3.424963 -0.860409 -4.881679
v -3.529444 -0.001769 -4.776867
v -2.464991 0.853327 -3.535480
v -3.573096 0.206288 -4.731559
v -2.463933 -1.719531 -5.420754
v -2.515960 -0.860401 -5.406738
v -2.374127 -0.001779 -5.444501
v -1.829490 0.852814 -3.902965
v -1.958516 1.711128 -3.245790
v -2.312095 0.206279 -5.459911
v -1.046700 1.711153 -3.490064
v -0.576546 -1.719538 -5.926476
v -0.525263 -0.860409 -5.940140
v -0.668153 -0.001769 -5.901611
v -0.367602 0.852547 -4.295151
v -0.728611 0.206286 -5.884200
v -2.313545 1.710255 -2.313545
v -2.013024 2.048188 -2.013023
v -2.684764 1.711450 -2.684764
v -4.376663 -1.720000 -5.557703
v -7.001445 -1.720001 -1.011444
v -6.569152 -1.720000 -2.624785
v -5.557705 -1.720001 -4.376661
v -4.276165 -1.719573 -5.662152
v -4.239182 -0.860398 -5.699682
v -4.301610 -0.860000 -5.632756
v -4.343661 -0.001685 -5.595050
v -4.511132 -0.000001 -5.423234
v -5.426102 0.000000 -4.508265
v -4.607019 0.206685 -5.331489
v -5.332922 0.206686 -4.605586
v -5.633905 -0.860000 -4.300461
v -6.534343 -1.719573 -2.765490
v -6.521079 -0.860398 -2.816482
v -6.541680 -0.860000 -2.727309
v -6.559245 -0.001685 -2.673628
v -6.618371 -0.000001 -2.441094
v -6.953274 0.000000 -1.191220
v -6.655540 0.206684 -2.313696
v -6.921239 0.206686 -1.322093
v -7.029336 -0.860000 -0.907354
v -0.872182 -1.719574 -7.041653
v -1.011441 -1.720001 -7.001446
v -0.821391 -0.860398 -7.055662
v -0.908918 -0.860000 -7.028917
v -0.964193 -0.001687 -7.017287
v -1.195136 -0.000003 -6.952225
v -2.445010 0.000001 -6.617322
v -1.324051 0.206683 -6.920715
v -2.315654 0.206686 -6.655015
v -2.728872 -0.860000 -6.541261
v -2.624781 -1.720000 -6.569153
v -1.026358 0.207279 -7.001644
v -6.576779 0.207283 -2.611971
v -4.389674 0.207285 -5.550422
v -7.041650 -1.719567 -0.872182
v -7.055871 -0.860390 -0.820610
v -7.017817 -0.001696 -0.962239
v -7.001907 0.207277 -1.025363
v -5.662155 -1.719567 -4.276160
v -5.700257 -0.860390 -4.238606
v -5.596487 -0.001696 -4.342233
v -5.551148 0.207277 -4.388944
v -2.765487 -1.719566 -6.534341
v -2.817262 -0.860390 -6.520870
v -2.675583 -0.001695 -6.558728
v -2.612964 0.207280 -6.576510
v 2.200000 -1.720000 -3.810512
v 2.187710 1.720000 -3.189154
v 3.810512 -1.720000 -2.200000
v 3.189154 1.720000 -2.187710
v 4.400000 -1.720000 0.000000
v 3.555707 1.720000 0.000000
v 2.200000 0.860000 -3.810512
v 2.200000 0.000000 -3.810512
v 2.200000 -0.860000 -3.810512
v 3.810512 0.860000 -2.200000
v 3.810512 0.000000 -2.200000
v 3.810512 -0.860000 -2.200000
v 4.400000 0.860000 0.000000
v 4.400000 0.000000 0.000000
v 4.400000 -0.860000 0.000000
v 2.855339 1.720000 -2.521525
v 2.521525 1.720000 -2.855339
v 2.736837 0.860000 -3.273674
v 3.273674 0.860000 -2.736837
v 3.433523 1.720000 -1.275712
v 3.311338 1.720000 -1.731711
v 4.007008 0.860000 -1.466667
v 4.203504 0.860000 -0.733333
v 1.731711 1.720000 -3.311338
v 1.275712 1.720000 -3.433523
v 0.733333 0.860000 -4.203504
v 1.466667 0.860000 -4.007008
v 2.518932 2.055931 0.000000
v 2.871709 1.720000 0.000000
v 2.200000 0.213757 -3.810512
v 3.810512 0.213757 -2.200000
v 4.400000 0.213757 0.000000
v 3.791411 0.213757 -4.515881
v 4.517314 0.213757 -3.789978
v 5.541399 0.213757 -2.015162
v 5.807097 0.213757 -1.023560
v 1.025518 0.213756 -5.806573
v 2.017121 0.213757 -5.540874
v 5.929431 -1.720000 -0.567004
v 5.943377 -0.860000 -0.514959
v 5.905346 -0.000000 -0.656892
v 4.301752 0.860000 -0.366667
v 3.494615 1.720000 -1.047712
v 5.887914 0.213757 -0.721950
v 3.250246 1.720000 -1.959710
v 5.418540 -1.720000 -2.473674
v 5.404805 -0.860000 -2.524937
v 5.443150 -0.000000 -2.381830
v 3.908760 0.860000 -1.833333
v 5.460320 0.213756 -2.317751
v 4.851534 -1.720000 -3.455757
v 4.889634 -0.860000 -3.417658
v 4.785733 0.000000 -3.521559
v 3.542093 0.860000 -2.468419
v 3.022247 1.720000 -2.354617
v 4.738108 0.213757 -3.569184
v 2.354617 1.720000 -3.022246
v 3.455757 -1.720000 -4.851534
v 3.418231 -0.860000 -4.889061
v 3.522992 0.000000 -4.784299
v 2.468419 0.860000 -3.542093
v 3.569901 0.213757 -4.737391
v 2.473674 -1.720000 -5.418541
v 2.525719 -0.860000 -5.404595
v 2.383787 0.000001 -5.442626
v 1.833333 0.860000 -3.908760
v 1.959710 1.720000 -3.250246
v 2.318731 0.213759 -5.460057
v 1.047712 1.720000 -3.494615
v 0.567003 -1.720001 -5.929431
v 0.515741 -0.860000 -5.943167
v 0.658849 -0.000001 -5.904821
v 0.366667 0.860000 -4.301752
v 0.722928 0.213755 -5.887652
v 2.315131 1.720000 -2.315131
v 2.017499 2.055931 -2.017499
v 2.688432 1.720000 -2.688432
v 4.383734 -1.720000 -5.564774
v 7.011104 -1.720001 -1.014032
v 6.578811 -1.720000 -2.627373
v 5.564776 -1.720001 -4.383732
v 4.276366 -1.720000 -5.672141
v 4.238840 -0.860000 -5.709669
v 4.308681 -0.860000 -5.639827
v 4.343601 -0.000000 -5.604907
v 4.518203 -0.000001 -5.430305
v 5.433173 0.000000 -4.515336
v 4.612020 0.213756 -5.336489
v 5.337922 0.213757 -4.610586
v 5.640976 -0.860000 -4.307532
v 6.539512 -1.720000 -2.774040
v 6.525776 -0.860000 -2.825301
v 6.551340 -0.860000 -2.729897
v 6.564121 -0.000001 -2.682194
v 6.628031 -0.000001 -2.443682
v 6.962934 0.000000 -1.193808
v 6.662371 0.213756 -2.315526
v 6.928069 0.213757 -1.323923
v 7.038996 -0.860000 -0.909942
v 0.867362 -1.720001 -7.050404
v 1.014029 -1.720001 -7.011106
v 0.816102 -0.860000 -7.064139
v 0.911506 -0.860000 -7.038576
v 0.959212 -0.000002 -7.025793
v 1.197725 -0.000003 -6.961884
v 2.447598 0.000001 -6.626982
v 1.325881 0.213754 -6.927545
v 2.317484 0.213757 -6.661846
v 2.731460 -0.860000 -6.550920
v 2.627369 -1.720000 -6.578812
v 1.023292 0.213751 -7.008624
v 6.581291 0.213754 -2.618116
v 4.390509 0.213756 -5.558000
v 7.050403 -1.720001 -0.867365
v 7.064349 -0.860000 -0.815320
v 7.026318 0.000000 -0.957254
v 7.008885 0.213758 -1.022313
v 5.672143 -1.720001 -4.276365
v 5.710243 -0.860000 -4.238265
v 5.606342 0.000000 -4.342166
v 5.558717 0.213757 -4.389791
v 2.774035 -1.720000 -6.539513
v 2.826081 -0.860000 -6.525567
v 2.684151 0.000001 -6.563598
v 2.619095 0.213761 -6.581028
v 0.009427 -1.719693 -4.396678
v 2.195021 -1.719071 -3.801890
v 2.184730 1.711620 -3.184582
v 3.801888 -1.719071 -2.195023
v 3.184582 1.711620 -2.184730
v 4.396680 -1.719688 -0.009428
v 3.551562 1.710912 0.000000
v 0.009379 -0.860273 -4.396542
v 0.009146 -0.001184 -4.396132
v 0.003604 0.853770 -4.393057
v 2.196157 0.854033 -3.803467
v 2.195219 -0.002939 -3.802235
v 2.195013 -0.860780 -3.801880
v 3.803467 0.854033 -2.196158
v 3.802233 -0.002939 -2.195223
v 3.801877 -0.860780 -2.195018
v 4.393059 0.853769 -0.003606
v 4.396141 -0.001192 -0.009148
v 4.396547 -0.860268 -0.009381
v 2.851672 1.711450 -2.517857
v 2.517857 1.711450 -2.851672
v 2.732098 0.852579 -3.268935
v 3.268935 0.852579 -2.732098
v 3.429067 1.711128 -1.274518
v 3.306882 1.711128 -1.730517
v 4.001019 0.852155 -1.465062
v 4.197515 0.852155 -0.731728
v 1.730517 1.711128 -3.306882
v 1.274518 1.711128 -3.429067
v 0.731728 0.852155 -4.197515
v 1.465062 0.852155 -4.001019
v 2.512218 2.048704 0.001640
v 2.868553 1.710542 0.000771
v -0.000771 1.710542 -2.868553
v -0.001640 2.048704 -2.512217
v 0.008117 0.210558 -4.395113
v 2.195818 0.208271 -3.803272
v 3.803270 0.208271 -2.195821
v 4.395120 0.210547 -0.008117
v 3.790080 0.203936 -4.514550
v 4.515983 0.203936 -3.788647
v 5.539581 0.203936 -2.014675
v 5.805279 0.203936 -1.023073
v 1.025031 0.203935 -5.804755
v 2.016634 0.203936 -5.539056
v 5.926478 -1.719531 -0.576546
v 5.940352 -0.860401 -0.524482
v 5.902140 -0.001780 -0.666195
v 4.295152 0.852546 -0.367602
v 3.490064 1.711153 -1.046700
v 5.884469 0.206277 -0.727623
v 3.245790 1.711128 -1.958516
v 5.420753 -1.719538 -2.463933
v 5.406944 -0.860409 -2.515177
v 5.445022 -0.001769 -2.372167
v 3.902964 0.852815 -1.829489
v 5.460171 0.206288 -2.311103
v 4.844205 -1.719531 -3.462544
v 4.882253 -0.860401 -3.424393
v 4.778305 -0.001780 -3.528013
v 3.535481 0.853326 -2.464991
v 3.018579 1.711450 -2.350950
v 4.732288 0.206277 -3.572375
v 2.350950 1.711450 -3.018579
v 3.462544 -1.719538 -4.844204
v 3.424963 -0.860409 -4.881679
v 3.529444 -0.001769 -4.776867
v 2.464991 0.853327 -3.535480
v 3.573096 0.206288 -4.731559
v 2.463933 -1.719531 -5.420754
v 2.515960 -0.860401 -5.406738
v 2.374127 -0.001779 -5.444501
v 1.829490 0.852814 -3.902965
v 1.958516 1.711128 -3.245790
v 2.312095 0.206279 -5.459911
v 1.046700 1.711153 -3.490064
v 0.576546 -1.719538 -5.926476
v 0.525263 -0.860409 -5.940140
v 0.668153 -0.001769 -5.901611
v 0.367602 0.852547 -4.295151
v 0.728611 0.206286 -5.884200
v 2.313545 1.710255 -2.313545
v 2.013024 2.048188 -2.013023
v 2.684764 1.711450 -2.684764
v 4.376663 -1.720000 -5.557703
v 7.001445 -1.720001 -1.011444
v 6.569152 -1.720000 -2.624785
v 5.557705 -1.720001 -4.376661
v 4.276165 -1.719573 -5.662152
v 4.239182 -0.860398 -5.699682
v 4.301610 -0.860000 -5.632756
v 4.343661 -0.001685 -5.595050
v 4.511132 -0.000001 -5.423234
v 5.426102 0.000000 -4.508265
v 4.607019 0.206685 -5.331489
v 5.332922 0.206686 -4.605586
v 5.633905 -0.860000 -4.300461
v 6.534343 -1.719573 -2.765490
v 6.521079 -0.860398 -2.816482
v 6.541680 -0.860000 -2.727309
v 6.559245 -0.001685 -2.673628
v 6.618371 -0.000001 -2.441094
v 6.953274 0.000000 -1.191220
v 6.655540 0.206684 -2.313696
v 6.921239 0.206686 -1.322093
v 7.029336 -0.860000 -0.907354
v 0.872182 -1.719574 -7.041653
v 1.011441 -1.720001 -7.001446
v 0.821391 -0.860398 -7.055662
v 0.908918 -0.860000 -7.028917
v 0.964193 -0.001687 -7.017287
v 1.195136 -0.000003 -6.952225
v 2.445010 0.000001 -6.617322
v 1.324051 0.206683 -6.920715
v 2.315654 0.206686 -6.655015
v 2.728872 -0.860000 -6.541261
v 2.624781 -1.720000 -6.569153
v 1.026358 0.207279 -7.001644
v 6.576779 0.207283 -2.611971
v 4.389674 0.207285 -5.550422
v 7.041650 -1.719567 -0.872182
v 7.055871 -0.860390 -0.820610
v 7.017817 -0.001696 -0.962239
v 7.001907 0.207277 -1.025363
v 5.662155 -1.719567 -4.276160
v 5.700257 -0.860390 -4.238606
v 5.596487 -0.001696 -4.342233
v 5.551148 0.207277 -4.388944
v 2.765487 -1.719566 -6.534341
v 2.817262 -0.860390 -6.520870
v 2.675583 -0.001695 -6.558728
v 2.612964 0.207280 -6.576510
v -2.200000 -1.720000 3.810512
v -2.187710 1.720000 3.189154
v -3.810512 -1.720000 2.200000
v -3.189154 1.720000 2.187710
v -2.200000 0.860000 3.810512
v -2.200000 0.000000 3.810512
v -2.200000 -0.860000 3.810512
v -3.810512 0.860000 2.200000
v -3.810512 0.000000 2.200000
v -3.810512 -0.860000 2.200000
v -2.855339 1.720000 2.521525
v -2.521525 1.720000 2.855339
v -2.736837 0.860000 3.273674
v -3.273674 0.860000 2.736837
v -3.433523 1.720000 1.275712
v -3.311338 1.720000 1.731711
v -4.007008 0.860000 1.466667
v -4.203504 0.860000 0.733333
v -1.731711 1.720000 3.311338
v -1.275712 1.720000 3.433523
v -0.733333 0.860000 4.203504
v -1.466667 0.860000 4.007008
v -2.200000 0.213757 3.810512
v -3.810512 0.213757 2.200000
v -3.791411 0.213757 4.515881
v -4.517314 0.213757 3.789978
v -5.541399 0.213757 2.015162
v -5.807097 0.213757 1.023560
v -1.025518 0.213756 5.806573
v -2.017121 0.213757 5.540874
v -5.929431 -1.720000 0.567004
v -5.943377 -0.860000 0.514959
v -5.905346 -0.000000 0.656892
v -4.301752 0.860000 0.366667
v -3.494615 1.720000 1.047712
v -5.887914 0.213757 0.721950
v -3.250246 1.720000 1.959710
v -5.418540 -1.720000 2.473674
v -5.404805 -0.860000 2.524937
v -5.443150 -0.000000 2.381830
v -3.908760 0.860000 1.833333
v -5.460320 0.213756 2.317751
v -4.851534 -1.720000 3.455757
v -4.889634 -0.860000 3.417658
v -4.785733 0.000000 3.521559
v -3.542093 0.860000 2.468419
v -3.022247 1.720000 2.354617
v -4.738108 0.213757 3.569184
v -2.354617 1.720000 3.022246
v -3.455757 -1.720000 4.851534
v -3.418231 -0.860000 4.889061
v -3.522992 0.000000 4.784299
v -2.468419 0.860000 3.542093
v -3.569901 0.213757 4.737391
v -2.473674 -1.720000 5.418541
v -2.525719 -0.860000 5.404595
v -2.383787 0.000001 5.442626
v -1.833333 0.860000 3.908760
v -1.959710 1.720000 3.250246
v -2.318731 0.213759 5.460057
v -1.047712 1.720000 3.494615
v -0.567003 -1.720001 5.929431
v -0.515741 -0.860000 5.943167
v -0.658849 -0.000001 5.904821
v -0.366667 0.860000 4.301752
v -0.722928 0.213755 5.887652
v -2.315131 1.720000 2.315131
v -2.017499 2.055931 2.017499
v -2.688432 1.720000 2.688432
v -4.383734 -1.720000 5.564774
v -7.011104 -1.720001 1.014032
v -6.578811 -1.720000 2.627373
v -5.564776 -1.720001 4.383732
v -4.276366 -1.720000 5.672141
v -4.238840 -0.860000 5.709669
v -4.308681 -0.860000 5.639827
v -4.343601 -0.000000 5.604907
v -4.518203 -0.000001 5.430305
v -5.433173 0.000000 4.515336
v -4.612020 0.213756 5.336489
v -5.337922 0.213757 4.610586
v -5.640976 -0.860000 4.307532
v -6.539512 -1.720000 2.774040
v -6.525776 -0.860000 2.825301
v -6.551340 -0.860000 2.729897
v -6.564121 -0.000001 2.682194
v -6.628031 -0.000001 2.443682
v -6.962934 0.000000 1.193808
v -6.662371 0.213756 2.315526
v -6.928069 0.213757 1.323923
v -7.038996 -0.860000 0.909942
v -0.867362 -1.720001 7.050404
v -1.014029 -1.720001 7.011106
v -0.816102 -0.860000 7.064139
v -0.911506 -0.860000 7.038576
v -0.959212 -0.000002 7.025793
v -1.197725 -0.000003 6.961884
v -2.447598 0.000001 6.626982
v -1.325881 0.213754 6.927545
v -2.317484 0.213757 6.661846
v -2.731460 -0.860000 6.550920
v -2.627369 -1.720000 6.578812
v -1.023292 0.213751 7.008624
v -6.581291 0.213754 2.618116
v -4.390509 0.213756 5.558000
v -7.050403 -1.720001 0.867365
v -7.064349 -0.860000 0.815320
v -7.026318 0.000000 0.957254
v -7.008885 0.213758 1.022313
v -5.672143 -1.720001 4.276365
v -5.710243 -0.860000 4.238265
v -5.606342 0.000000 4.342166
v -5.558717 0.213757 4.389791
v -2.774035 -1.720000 6.539513
v -2.826081 -0.860000 6.525567
v -2.684151 0.000001 6.563598
v -2.619095 0.213761 6.581028
v -0.009427 -1.719693 4.396678
v -2.195021 -1.719071 3.801890
v -2.184730 1.711620 3.184582
v -3.801888 -1.719071 2.195023
v -3.184582 1.711620 2.184730
v -4.396680 -1.719688 0.009428
v -0.009379 -0.860273 4.396542
v -0.009146 -0.001184 4.396132
v -0.003604 0.853770 4.393057
v -2.196157 0.854033 3.803467
v -2.195219 -0.002939 3.802235
v -2.195013 -0.860780 3.801880
v -3.803467 0.854033 2.196158
v -3.802233 -0.002939 2.195223
v -3.801877 -0.860780 2.195018
v -4.393059 0.853769 0.003606
v -4.396141 -0.001192 0.009148
v -4.396547 -0.860268 0.009381
v -2.851672 1.711450 2.517857
v -2.517857 1.711450 2.851672
v -2.732098 0.852579 3.268935
v -3.268935 0.852579 2.732098
v -3.429067 1.711128 1.274518
v -3.306882 1.711128 1.730517
v -4.001019 0.852155 1.465062
v -4.197515 0.852155 0.731728
v -1.730517 1.711128 3.306882
v -1.274518 1.711128 3.429067
v -0.731728 0.852155 4.197515
v -1.465062 0.852155 4.001019
v -2.512218 2.048704 -0.001640
v -2.868553 1.710542 -0.000771
v 0.000771 1.710542 2.868553
v 0.001640 2.048704 2.512217
v -0.008117 0.210558 4.395113
v -2.195818 0.208271 3.803272
v -3.803270 0.208271 2.195821
v -4.395120 0.210547 0.008117
v -3.790080 0.203936 4.514550
v -4.515983 0.203936 3.788647
v -5.539581 0.203936 2.014675
v -5.805279 0.203936 1.023073
v -1.025031 0.203935 5.804755
v -2.016634 0.203936 5.539056
v -5.926478 -1.719531 0.576546
v -5.940352 -0.860401 0.524482
v -5.902140 -0.001780 0.666195
v -4.295152 0.852546 0.367602
v -3.490064 1.711153 1.046700
v -5.884469 0.206277 0.727623
v -3.245790 1.711128 1.958516
v -5.420753 -1.719538 2.463933
v -5.406944 -0.860409 2.515177
v -5.445022 -0.001769 2.372167
v -3.902964 0.852815 1.829489
v -5.460171 0.206288 2.311103
v -4.844205 -1.719531 3.462544
v -4.882253 -0.860401 3.424393
v -4.778305 -0.001780 3.528013
v -3.535481 0.853326 2.464991
v -3.018579 1.711450 2.350950
v -4.732288 0.206277 3.572375
v -2.350950 1.711450 3.018579
v -3.462544 -1.719538 4.844204
v -3.424963 -0.860409 4.881679
v -3.529444 -0.001769 4.776867
v -2.464991 0.853327 3.535480
v -3.573096 0.206288 4.731559
v -2.463933 -1.719531 5.420754
v -2.515960 -0.860401 5.406738
v -2.374127 -0.001779 5.444501
v -1.829490 0.852814 3.902965
v -1.958516 1.711128 3.245790
v -2.312095 0.206279 5.459911
v -1.046700 1.711153 3.490064
v -0.576546 -1.719538 5.926476
v -0.525263 -0.860409 5.940140
v -0.668153 -0.001769 5.901611
v -0.367602 0.852547 4.295151
v -0.728611 0.206286 5.884200
v -2.313545 1.710255 2.313545
v -2.013024 2.048188 2.013023
v -2.684764 1.711450 2.684764
v -4.376663 -1.720000 5.557703
v -7.001445 -1.720001 1.011444
v -6.569152 -1.720000 2.624785
v -5.557705 -1.720001 4.376661
v -4.276165 -1.719573 5.662152
v -4.239182 -0.860398 5.699682
v -4.301610 -0.860000 5.632756
v -4.343661 -0.001685 5.595050
v -4.511132 -0.000001 5.423234
v -5.426102 0.000000 4.508265
v -4.607019 0.206685 5.331489
v -5.332922 0.206686 4.605586
v -5.633905 -0.860000 4.300461
v -6.534343 -1.719573 2.765490
v -6.521079 -0.860398 2.816482
v -6.541680 -0.860000 2.727309
v -6.559245 -0.001685 2.673628
v -6.618371 -0.000001 2.441094
v -6.953274 0.000000 1.191220
v -6.655540 0.206684 2.313696
v -6.921239 0.206686 1.322093
v -7.029336 -0.860000 0.907354
v -0.872182 -1.719574 7.041653
v -1.011441 -1.720001 7.001446
v -0.821391 -0.860398 7.055662
v -0.908918 -0.860000 7.028917
v -0.964193 -0.001687 7.017287
v -1.195136 -0.000003 6.952225
v -2.445010 0.000001 6.617322
v -1.324051 0.206683 6.920715
v -2.315654 0.206686 6.655015
v -2.728872 -0.860000 6.541261
v -2.624781 -1.720000 6.569153
v -1.026358 0.207279 7.001644
v -6.576779 0.207283 2.611971
v -4.389674 0.207285 5.550422
v -7.041650 -1.719567 0.872182
v -7.055871 -0.860390 0.820610
v -7.017817 -0.001696 0.962239
v -7.001907 0.207277 1.025363
v -5.662155 -1.719567 4.276160
v -5.700257 -0.860390 4.238606
v -5.596487 -0.001696 4.342233
v -5.551148 0.207277 4.388944
v -2.765487 -1.719566 6.534341
v -2.817262 -0.860390 6.520870
v -2.675583 -0.001695 6.558728
v -2.612964 0.207280 6.576510
v 2.200000 -1.720000 3.810512
v 2.187710 1.720000 3.189154
v 3.810512 -1.720000 2.200000
v 3.189154 1.720000 2.187710
v 2.200000 0.860000 3.810512
v 2.200000 0.000000 3.810512
v 2.200000 -0.860000 3.810512
v 3.810512 0.860000 2.200000
v 3.810512 0.000000 2.200000
v 3.810512 -0.860000 2.200000
v 2.855339 1.720000 2.521525
v 2.521525 1.720000 2.855339
v 2.736837 0.860000 3.273674
v 3.273674 0.860000 2.736837
v 3.433523 1.720000 1.275712
v 3.311338 1.720000 1.731711
v 4.007008 0.860000 1.466667
v 4.203504 0.860000 0.733333
v 1.731711 1.720000 3.311338
v 1.275712 1.720000 3.433523
v 0.733333 0.860000 4.203504
v 1.466667 0.860000 4.007008
v 2.200000 0.213757 3.810512
v 3.810512 0.213757 2.200000
v 3.791411 0.213757 4.515881
v 4.517314 0.213757 3.789978
v 5.541399 0.213757 2.015162
v 5.807097 0.213757 1.023560
v 1.025518 0.213756 5.806573
v 2.017121 0.213757 5.540874
v 5.929431 -1.720000 0.567004
v 5.943377 -0.860000 0.514959
v 5.905346 -0.000000 0.656892
v 4.301752 0.860000 0.366667
v 3.494615 1.720000 1.047712
v 5.887914 0.213757 0.721950
v 3.250246 1.720000 1.959710
v 5.418540 -1.720000 2.473674
v 5.404805 -0.860000 2.524937
v 5.443150 -0.000000 2.381830
v 3.908760 0.860000 1.833333
v 5.460320 0.213756 2.317751
v 4.851534 -1.720000 3.455757
v 4.889634 -0.860000 3.417658
v 4.785733 0.000000 3.521559
v 3.542093 0.860000 2.468419
v 3.022247 1.720000 2.354617
v 4.738108 0.213757 3.569184
v 2.354617 1.720000 3.022246
v 3.455757 -1.720000 4.851534
v 3.418231 -0.860000 4.889061
v 3.522992 0.000000 4.784299
v 2.468419 0.860000 3.542093
v 3.569901 0.213757 4.737391
v 2.473674 -1.720000 5.418541
v 2.525719 -0.860000 5.404595
v 2.383787 0.000001 5.442626
v 1.833333 0.860000 3.908760
v 1.959710 1.720000 3.250246
v 2.318731 0.213759 5.460057
v 1.047712 1.720000 3.494615
v 0.567003 -1.720001 5.929431
v 0.515741 -0.860000 5.943167
v 0.658849 -0.000001 5.904821
v 0.366667 0.860000 4.301752
v 0.722928 0.213755 5.887652
v 2.315131 1.720000 2.315131
v 2.017499 2.055931 2.017499
v 2.688432 1.720000 2.688432
v 4.383734 -1.720000 5.564774
v 7.011104 -1.720001 1.014032
v 6.578811 -1.720000 2.627373
v 5.564776 -1.720001 4.383732
v 4.276366 -1.720000 5.672141
v 4.238840 -0.860000 5.709669
v 4.308681 -0.860000 5.639827
v 4.343601 -0.000000 5.604907
v 4.518203 -0.000001 5.430305
v 5.433173 0.000000 4.515336
v 4.612020 0.213756 5.336489
v 5.337922 0.213757 4.610586
v 5.640976 -0.860000 4.307532
v 6.539512 -1.720000 2.774040
v 6.525776 -0.860000 2.825301
v 6.551340 -0.860000 2.729897
v 6.564121 -0.000001 2.682194
v 6.628031 -0.000001 2.443682
v 6.962934 0.000000 1.193808
v 6.662371 0.213756 2.315526
v 6.928069 0.213757 1.323923
v 7.038996 -0.860000 0.909942
v 0.867362 -1.720001 7.050404
v 1.014029 -1.720001 7.011106
v 0.816102 -0.860000 7.064139
v 0.911506 -0.860000 7.038576
v 0.959212 -0.000002 7.025793
v 1.197725 -0.000003 6.961884
v 2.447598 0.000001 6.626982
v 1.325881 0.213754 6.927545
v 2.317484 0.213757 6.661846
v 2.731460 -0.860000 6.550920
v 2.627369 -1.720000 6.578812
v 1.023292 0.213751 7.008624
v 6.581291 0.213754 2.618116
v 4.390509 0.213756 5.558000
v 7.050403 -1.720001 0.867365
v 7.064349 -0.860000 0.815320
v 7.026318 0.000000 0.957254
v 7.008885 0.213758 1.022313
v 5.672143 -1.720001 4.276365
v 5.710243 -0.860000 4.238265
v 5.606342 0.000000 4.342166
v 5.558717 0.213757 4.389791
v 2.774035 -1.720000 6.539513
v 2.826081 -0.860000 6.525567
v 2.684151 0.000001 6.563598
v 2.619095 0.213761 6.581028
v 0.009427 -1.719693 4.396678
v 2.195021 -1.719071 3.801890
v 2.184730 1.711620 3.184582
v 3.801888 -1.719071 2.195023
v 3.184582 1.711620 2.184730
v 4.396680 -1.719688 0.009428
v 0.009379 -0.860273 4.396542
v 0.009146 -0.001184 4.396132
v 0.003604 0.853770 4.393057
v 2.196157 0.854033 3.803467
v 2.195219 -0.002939 3.802235
v 2.195013 -0.860780 3.801880
v 3.803467 0.854033 2.196158
v 3.802233 -0.002939 2.195223
v 3.801877 -0.860780 2.195018
v 4.393059 0.853769 0.003606
v 4.396141 -0.001192 0.009148
v 4.396547 -0.860268 0.009381
v 2.851672 1.711450 2.517857
v 2.517857 1.711450 2.851672
v 2.732098 0.852579 3.268935
v 3.268935 0.852579 2.732098
v 3.429067 1.711128 1.274518
v 3.306882 1.711128 1.730517
v 4.001019 0.852155 1.465062
v 4.197515 0.852155 0.731728
v 1.730517 1.711128 3.306882
v 1.274518 1.711128 3.429067
v 0.731728 0.852155 4.197515
v 1.465062 0.852155 4.001019
v 2.512218 2.048704 -0.001640
v 2.868553 1.710542 -0.000771
v -0.000771 1.710542 2.868553
v -0.001640 2.048704 2.512217
v 0.008117 0.210558 4.395113
v 2.195818 0.208271 3.803272
v 3.803270 0.208271 2.195821
v 4.395120 0.210547 0.008117
v 3.790080 0.203936 4.514550
v 4.515983 0.203936 3.788647
v 5.539581 0.203936 2.014675
v 5.805279 0.203936 1.023073
v 1.025031 0.203935 5.804755
v 2.016634 0.203936 5.539056
v 5.926478 -1.719531 0.576546
v 5.940352 -0.860401 0.524482
v 5.902140 -0.001780 0.666195
v 4.295152 0.852546 0.367602
v 3.490064 1.711153 1.046700
v 5.884469 0.206277 0.727623
v 3.245790 1.711128 1.958516
v 5.420753 -1.719538 2.463933
v 5.406944 -0.860409 2.515177
v 5.445022 -0.001769 2.372167
v 3.902964 0.852815 1.829489
v 5.460171 0.206288 2.311103
v 4.844205 -1.719531 3.462544
v 4.882253 -0.860401 3.424393
v 4.778305 -0.001780 3.528013
v 3.535481 0.853326 2.464991
v 3.018579 1.711450 2.350950
v 4.732288 0.206277 3.572375
v 2.350950 1.711450 3.018579
v 3.462544 -1.719538 4.844204
v 3.424963 -0.860409 4.881679
v 3.529444 -0.001769 4.776867
v 2.464991 0.853327 3.535480
v 3.573096 0.206288 4.731559
v 2.463933 -1.719531 5.420754
v 2.515960 -0.860401 5.406738
v 2.374127 -0.001779 5.444501
v 1.829490 0.852814 3.902965
v 1.958516 1.711128 3.245790
v 2.312095 0.206279 5.459911
v 1.046700 1.711153 3.490064
v 0.576546 -1.719538 5.926476
v 0.525263 -0.860409 5.940140
v 0.668153 -0.001769 5.901611
v 0.367602 0.852547 4.295151
v 0.728611 0.206286 5.884200
v 2.313545 1.710255 2.313545
v 2.013024 2.048188 2.013023
v 2.684764 1.711450 2.684764
v 4.376663 -1.720000 5.557703
v 7.001445 -1.720001 1.011444
v 6.569152 -1.720000 2.624785
v 5.557705 -1.720001 4.376661
v 4.276165 -1.719573 5.662152
v 4.239182 -0.860398 5.699682
v 4.301610 -0.860000 5.632756
v 4.343661 -0.001685 5.595050
v 4.511132 -0.000001 5.423234
v 5.426102 0.000000 4.508265
v 4.607019 0.206685 5.331489
v 5.332922 0.206686 4.605586
v 5.633905 -0.860000 4.300461
v 6.534343 -1.719573 2.765490
v 6.521079 -0.860398 2.816482
v 6.541680 -0.860000 2.727309
v 6.559245 -0.001685 2.673628
v 6.618371 -0.000001 2.441094
v 6.953274 0.000000 1.191220
v 6.655540 0.206684 2.313696
v 6.921239 0.206686 1.322093
v 7.029336 -0.860000 0.907354
v 0.872182 -1.719574 7.041653
v 1.011441 -1.720001 7.001446
v 0.821391 -0.860398 7.055662
v 0.908918 -0.860000 7.028917
v 0.964193 -0.001687 7.017287
v 1.195136 -0.000003 6.952225
v 2.445010 0.000001 6.617322
v 1.324051 0.206683 6.920715
v 2.315654 0.206686 6.655015
v 2.728872 -0.860000 6.541261
v 2.624781 -1.720000 6.569153
v 1.026358 0.207279 7.001644
v 6.576779 0.207283 2.611971
v 4.389674 0.207285 5.550422
v 7.041650 -1.719567 0.872182
v 7.055871 -0.860390 0.820610
v 7.017817 -0.001696 0.962239
v 7.001907 0.207277 1.025363
v 5.662155 -1.719567 4.276160
v 5.700257 -0.860390 4.238606
v 5.596487 -0.001696 4.342233
v 5.551148 0.207277 4.388944
v 2.765487 -1.719566 6.534341
v 2.817262 -0.860390 6.520870
v 2.675583 -0.001695 6.558728
v 2.612964 0.207280 6.576510
v 0.000000 -1.720000 4.400000
v 0.000000 1.720000 3.555707
v 2.200000 -1.720000 3.810512
v 2.187710 1.720000 3.189154
v 3.810512 -1.720000 2.200000
v 3.189154 1.720000 2.187710
v 0.000000 -0.860000 4.400000
v 0.000000 0.000000 4.400000
v 0.000000 0.860000 4.400000
v 2.200000 0.860000 3.810512
v 2.200000 0.000000 3.810512
v 2.200000 -0.860000 3.810512
v 3.810512 0.860000 2.200000
v 3.810512 0.000000 2.200000
v 3.810512 -0.860000 2.200000
v 2.855339 1.720000 2.521525
v 2.521525 1.720000 2.855339
v 2.736837 0.860000 3.273674
v 3.273674 0.860000 2.736837
v 3.433523 1.720000 1.275712
v 3.311338 1.720000 1.731711
v 4.007008 0.860000 1.466667
v 4.203504 0.860000 0.733333
v 1.731711 1.720000 3.311338
v 1.275712 1.720000 3.433523
v 0.733333 0.860000 4.203504
v 1.466667 0.860000 4.007008
v 0.000000 1.720000 2.871709
v 0.000000 2.055931 2.518932
v 0.000000 0.213757 4.400000
v 2.200000 0.213757 3.810512
v 3.810512 0.213757 2.200000
v 3.791411 0.213757 4.515881
v 4.517314 0.213757 3.789978
v 5.541399 0.213757 2.015162
v 5.807097 0.213757 1.023560
v 1.025518 0.213756 5.806573
v 2.017121 0.213757 5.540874
v 5.929431 -1.720000 0.567004
v 5.943377 -0.860000 0.514959
v 5.905346 -0.000000 0.656892
v 4.301752 0.860000 0.366667
v 3.494615 1.720000 1.047712
v 5.887914 0.213757 0.721950
v 3.250246 1.720000 1.959710
v 5.418540 -1.720000 2.473674
v 5.404805 -0.860000 2.524937
v 5.443150 -0.000000 2.381830
v 3.908760 0.860000 1.833333
v 5.460320 0.213756 2.317751
v 4.851534 -1.720000 3.455757
v 4.889634 -0.860000 3.417658
v 4.785733 0.000000 3.521559
v 3.542093 0.860000 2.468419
v 3.022247 1.720000 2.354617
v 4.738108 0.213757 3.569184
v 2.354617 1.720000 3.022246
v 3.455757 -1.720000 4.851534
v 3.418231 -0.860000 4.889061
v 3.522992 0.000000 4.784299
v 2.468419 0.860000 3.542093
v 3.569901 0.213757 4.737391
v 2.473674 -1.720000 5.418541
v 2.525719 -0.860000 5.404595
v 2.383787 0.000001 5.442626
v 1.833333 0.860000 3.908760
v 1.959710 1.720000 3.250246
v 2.318731 0.213759 5.460057
v 1.047712 1.720000 3.494615
v 0.567003 -1.720001 5.929431
v 0.515741 -0.860000 5.943167
v 0.658849 -0.000001 5.904821
v 0.366667 0.860000 4.301752
v 0.722928 0.213755 5.887652
v 2.315131 1.720000 2.315131
v 2.017499 2.055931 2.017499
v 2.688432 1.720000 2.688432
v 4.383734 -1.720000 5.564774
v 7.011104 -1.720001 1.014032
v 6.578811 -1.720000 2.627373
v 5.564776 -1.720001 4.383732
v 4.276366 -1.720000 5.672141
v 4.238840 -0.860000 5.709669
v 4.308681 -0.860000 5.639827
v 4.343601 -0.000000 5.604907
v 4.518203 -0.000001 5.430305
v 5.433173 0.000000 4.515336
v 4.612020 0.213756 5.336489
v 5.337922 0.213757 4.610586
v 5.640976 -0.860000 4.307532
v 6.539512 -1.720000 2.774040
v 6.525776 -0.860000 2.825301
v 6.551340 -0.860000 2.729897
v 6.564121 -0.000001 2.682194
v 6.628031 -0.000001 2.443682
v 6.962934 0.000000 1.193808
v 6.662371 0.213756 2.315526
v 6.928069 0.213757 1.323923
v 7.038996 -0.860000 0.909942
v 0.867362 -1.720001 7.050404
v 1.014029 -1.720001 7.011106
v 0.816102 -0.860000 7.064139
v 0.911506 -0.860000 7.038576
v 0.959212 -0.000002 7.025793
v 1.197725 -0.000003 6.961884
v 2.447598 0.000001 6.626982
v 1.325881 0.213754 6.927545
v 2.317484 0.213757 6.661846
v 2.731460 -0.860000 6.550920
v 2.627369 -1.720000 6.578812
v 1.023292 0.213751 7.008624
v 6.581291 0.213754 2.618116
v 4.390509 0.213756 5.558000
v 7.050403 -1.720001 0.867365
v 7.064349 -0.860000 0.815320
v 7.026318 0.000000 0.957254
v 7.008885 0.213758 1.022313
v 5.672143 -1.720001 4.276365
v 5.710243 -0.860000 4.238265
v 5.606342 0.000000 4.342166
v 5.558717 0.213757 4.389791
v 2.774035 -1.720000 6.539513
v 2.826081 -0.860000 6.525567
v 2.684151 0.000001 6.563598
v 2.619095 0.213761 6.581028
v 0.009427 -1.719693 4.396678
v 0.000000 1.710912 3.551562
v 2.195021 -1.719071 3.801890
v 2.184730 1.711620 3.184582
v 3.801888 -1.719071 2.195023
v 3.184582 1.711620 2.184730
v 4.396680 -1.719688 0.009428
v 0.009379 -0.860273 4.396542
v 0.009146 -0.001184 4.396132
v 0.003604 0.853770 4.393057
v 2.196157 0.854033 3.803467
v 2.195219 -0.002939 3.802235
v 2.195013 -0.860780 3.801880
v 3.803467 0.854033 2.196158
v 3.802233 -0.002939 2.195223
v 3.801877 -0.860780 2.195018
v 4.393059 0.853769 0.003606
v 4.396141 -0.001192 0.009148
v 4.396547 -0.860268 0.009381
v 2.851672 1.711450 2.517857
v 2.517857 1.711450 2.851672
v 2.732098 0.852579 3.268935
v 3.268935 0.852579 2.732098
v 3.429067 1.711128 1.274518
v 3.306882 1.711128 1.730517
v 4.001019 0.852155 1.465062
v 4.197515 0.852155 0.731728
v 1.730517 1.711128 3.306882
v 1.274518 1.711128 3.429067
v 0.731728 0.852155 4.197515
v 1.465062 0.852155 4.001019
v 2.512218 2.048704 -0.001640
v 2.868553 1.710542 -0.000771
v -0.000771 1.710542 2.868553
v -0.001640 2.048704 2.512217
v 0.008117 0.210558 4.395113
v 2.195818 0.208271 3.803272
v 3.803270 0.208271 2.195821
v 4.395120 0.210547 0.008117
v 3.790080 0.203936 4.514550
v 4.515983 0.203936 3.788647
v 5.539581 0.203936 2.014675
v 5.805279 0.203936 1.023073
v 1.025031 0.203935 5.804755
v 2.016634 0.203936 5.539056
v 5.926478 -1.719531 0.576546
v 5.940352 -0.860401 0.524482
v 5.902140 -0.001780 0.666195
v 4.295152 0.852546 0.367602
v 3.490064 1.711153 1.046700
v 5.884469 0.206277 0.727623
v 3.245790 1.711128 1.958516
v 5.420753 -1.719538 2.463933
v 5.406944 -0.860409 2.515177
v 5.445022 -0.001769 2.372167
v 3.902964 0.852815 1.829489
v 5.460171 0.206288 2.311103
v 4.844205 -1.719531 3.462544
v 4.882253 -0.860401 3.424393
v 4.778305 -0.001780 3.528013
v 3.535481 0.853326 2.464991
v 3.018579 1.711450 2.350950
v 4.732288 0.206277 3.572375
v 2.350950 1.711450 3.018579
v 3.462544 -1.719538 4.844204
v 3.424963 -0.860409 4.881679
v 3.529444 -0.001769 4.776867
v 2.464991 0.853327 3.535480
v 3.573096 0.206288 4.731559
v 2.463933 -1.719531 5.420754
v 2.515960 -0.860401 5.406738
v 2.374127 -0.001779 5.444501
v 1.829490 0.852814 3.902965
v 1.958516 1.711128 3.245790
v 2.312095 0.206279 5.459911
v 1.046700 1.711153 3.490064
v 0.576546 -1.719538 5.926476
v 0.525263 -0.860409 5.940140
v 0.668153 -0.001769 5.901611
v 0.367602 0.852547 4.295151
v 0.728611 0.206286 5.884200
v 2.313545 1.710255 2.313545
v 2.013024 2.048188 2.013023
v 2.684764 1.711450 2.684764
v 4.376663 -1.720000 5.557703
v 7.001445 -1.720001 1.011444
v 6.569152 -1.720000 2.624785
v 5.557705 -1.720001 4.376661
v 4.276165 -1.719573 5.662152
v 4.239182 -0.860398 5.699682
v 4.301610 -0.860000 5.632756
v 4.343661 -0.001685 5.595050
v 4.511132 -0.000001 5.423234
v 5.426102 0.000000 4.508265
v 4.607019 0.206685 5.331489
v 5.332922 0.206686 4.605586
v 5.633905 -0.860000 4.300461
v 6.534343 -1.719573 2.765490
v 6.521079 -0.860398 2.816482
v 6.541680 -0.860000 2.727309
v 6.559245 -0.001685 2.673628
v 6.618371 -0.000001 2.441094
v 6.953274 0.000000 1.191220
v 6.655540 0.206684 2.313696
v 6.921239 0.206686 1.322093
v 7.029336 -0.860000 0.907354
v 0.872182 -1.719574 7.041653
v 1.011441 -1.720001 7.001446
v 0.821391 -0.860398 7.055662
v 0.908918 -0.860000 7.028917
v 0.964193 -0.001687 7.017287
v 1.195136 -0.000003 6.952225
v 2.445010 0.000001 6.617322
v 1.324051 0.206683 6.920715
v 2.315654 0.206686 6.655015
v 2.728872 -0.860000 6.541261
v 2.624781 -1.720000 6.569153
v 1.026358 0.207279 7.001644
v 6.576779 0.207283 2.611971
v 4.389674 0.207285 5.550422
v 7.041650 -1.719567 0.872182
v 7.055871 -0.860390 0.820610
v 7.017817 -0.001696 0.962239
v 7.001907 0.207277 1.025363
v 5.662155 -1.719567 4.276160
v 5.700257 -0.860390 4.238606
v 5.596487 -0.001696 4.342233
v 5.551148 0.207277 4.388944
v 2.765487 -1.719566 6.534341
v 2.817262 -0.860390 6.520870
v 2.675583 -0.001695 6.558728
v 2.612964 0.207280 6.576510
v -2.200000 -1.720000 3.810512
v -2.187710 1.720000 3.189154
v -3.810512 -1.720000 2.200000
v -3.189154 1.720000 2.187710
v -2.200000 0.860000 3.810512
v -2.200000 0.000000 3.810512
v -2.200000 -0.860000 3.810512
v -3.810512 0.860000 2.200000
v -3.810512 0.000000 2.200000
v -3.810512 -0.860000 2.200000
v -2.855339 1.720000 2.521525
v -2.521525 1.720000 2.855339
v -2.736837 0.860000 3.273674
v -3.273674 0.860000 2.736837
v -3.433523 1.720000 1.275712
v -3.311338 1.720000 1.731711
v -4.007008 0.860000 1.466667
v -4.203504 0.860000 0.733333
v -1.731711 1.720000 3.311338
v -1.275712 1.720000 3.433523
v -0.733333 0.860000 4.203504
v -1.466667 0.860000 4.007008
v -2.200000 0.213757 3.810512
v -3.810512 0.213757 2.200000
v -3.791411 0.213757 4.515881
v -4.517314 0.213757 3.789978
v -5.541399 0.213757 2.015162
v -5.807097 0.213757 1.023560
v -1.025518 0.213756 5.806573
v -2.017121 0.213757 5.540874
v -5.929431 -1.720000 0.567004
v -5.943377 -0.860000 0.514959
v -5.905346 -0.000000 0.656892
v -4.301752 0.860000 0.366667
v -3.494615 1.720000 1.047712
v -5.887914 0.213757 0.721950
v -3.250246 1.720000 1.959710
v -5.418540 -1.720000 2.473674
v -5.404805 -0.860000 2.524937
v -5.443150 -0.000000 2.381830
v -3.908760 0.860000 1.833333
v -5.460320 0.213756 2.317751
v -4.851534 -1.720000 3.455757
v -4.889634 -0.860000 3.417658
v -4.785733 0.000000 3.521559
v -3.542093 0.860000 2.468419
v -3.022247 1.720000 2.354617
v -4.738108 0.213757 3.569184
v -2.354617 1.720000 3.022246
v -3.455757 -1.720000 4.851534
v -3.418231 -0.860000 4.889061
v -3.522992 0.000000 4.784299
v -2.468419 0.860000 3.542093
v -3.569901 0.213757 4.737391
v -2.473674 -1.720000 5.418541
v -2.525719 -0.860000 5.404595
v -2.383787 0.000001 5.442626
v -1.833333 0.860000 3.908760
v -1.959710 1.720000 3.250246
v -2.318731 0.213759 5.460057
v -1.047712 1.720000 3.494615
v -0.567003 -1.720001 5.929431
v -0.515741 -0.860000 5.943167
v -0.658849 -0.000001 5.904821
v -0.366667 0.860000 4.301752
v -0.722928 0.213755 5.887652
v -2.315131 1.720000 2.315131
v -2.017499 2.055931 2.017499
v -2.688432 1.720000 2.688432
v -4.383734 -1.720000 5.564774
v -7.011104 -1.720001 1.014032
v -6.578811 -1.720000 2.627373
v -5.564776 -1.720001 4.383732
v -4.276366 -1.720000 5.672141
v -4.238840 -0.860000 5.709669
v -4.308681 -0.860000 5.639827
v -4.343601 -0.000000 5.604907
v -4.518203 -0.000001 5.430305
v -5.433173 0.000000 4.515336
v -4.612020 0.213756 5.336489
v -5.337922 0.213757 4.610586
v -5.640976 -0.860000 4.307532
v -6.539512 -1.720000 2.774040
v -6.525776 -0.860000 2.825301
v -6.551340 -0.860000 2.729897
v -6.564121 -0.000001 2.682194
v -6.628031 -0.000001 2.443682
v -6.962934 0.000000 1.193808
v -6.662371 0.213756 2.315526
v -6.928069 0.213757 1.323923
v -7.038996 -0.860000 0.909942
v -0.867362 -1.720001 7.050404
v -1.014029 -1.720001 7.011106
v -0.816102 -0.860000 7.064139
v -0.911506 -0.860000 7.038576
v -0.959212 -0.000002 7.025793
v -1.197725 -0.000003 6.961884
v -2.447598 0.000001 6.626982
v -1.325881 0.213754 6.927545
v -2.317484 0.213757 6.661846
v -2.731460 -0.860000 6.550920
v -2.627369 -1.720000 6.578812
v -1.023292 0.213751 7.008624
v -6.581291 0.213754 2.618116
v -4.390509 0.213756 5.558000
v -7.050403 -1.720001 0.867365
v -7.064349 -0.860000 0.815320
v -7.026318 0.000000 0.957254
v -7.008885 0.213758 1.022313
v -5.672143 -1.720001 4.276365
v -5.710243 -0.860000 4.238265
v -5.606342 0.000000 4.342166
v -5.558717 0.213757 4.389791
v -2.774035 -1.720000 6.539513
v -2.826081 -0.860000 6.525567
v -2.684151 0.000001 6.563598
v -2.619095 0.213761 6.581028
v -0.009427 -1.719693 4.396678
v -2.195021 -1.719071 3.801890
v -2.184730 1.711620 3.184582
v -3.801888 -1.719071 2.195023
v -3.184582 1.711620 2.184730
v -4.396680 -1.719688 0.009428
v -0.009379 -0.860273 4.396542
v -0.009146 -0.001184 4.396132
v -0.003604 0.853770 4.393057
v -2.196157 0.854033 3.803467
v -2.195219 -0.002939 3.802235
v -2.195013 -0.860780 3.801880
v -3.803467 0.854033 2.196158
v -3.802233 -0.002939 2.195223
v -3.801877 -0.860780 2.195018
v -4.393059 0.853769 0.003606
v -4.396141 -0.001192 0.009148
v -4.396547 -0.860268 0.009381
v -2.851672 1.711450 2.517857
v -2.517857 1.711450 2.851672
v -2.732098 0.852579 3.268935
v -3.268935 0.852579 2.732098
v -3.429067 1.711128 1.274518
v -3.306882 1.711128 1.730517
v -4.001019 0.852155 1.465062
v -4.197515 0.852155 0.731728
v -1.730517 1.711128 3.306882
v -1.274518 1.711128 3.429067
v -0.731728 0.852155 4.197515
v -1.465062 0.852155 4.001019
v -2.512218 2.048704 -0.001640
v -2.868553 1.710542 -0.000771
v 0.000771 1.710542 2.868553
v 0.001640 2.048704 2.512217
v -0.008117 0.210558 4.395113
v -2.195818 0.208271 3.803272
v -3.803270 0.208271 2.195821
v -4.395120 0.210547 0.008117
v -3.790080 0.203936 4.514550
v -4.515983 0.203936 3.788647
v -5.539581 0.203936 2.014675
v -5.805279 0.203936 1.023073
v -1.025031 0.203935 5.804755
v -2.016634 0.203936 5.539056
v -5.926478 -1.719531 0.576546
v -5.940352 -0.860401 0.524482
v -5.902140 -0.001780 0.666195
v -4.295152 0.852546 0.367602
v -3.490064 1.711153 1.046700
v -5.884469 0.206277 0.727623
v -3.245790 1.711128 1.958516
v -5.420753 -1.719538 2.463933
v -5.406944 -0.860409 2.515177
v -5.445022 -0.001769 2.372167
v -3.902964 0.852815 1.829489
v -5.460171 0.206288 2.311103
v -4.844205 -1.719531 3.462544
v -4.882253 -0.860401 3.424393
v -4.778305 -0.001780 3.528013
v -3.535481 0.853326 2.464991
v -3.018579 1.711450 2.350950
v -4.732288 0.206277 3.572375
v -2.350950 1.711450 3.018579
v -3.462544 -1.719538 4.844204
v -3.424963 -0.860409 4.881679
v -3.529444 -0.001769 4.776867
v -2.464991 0.853327 3.535480
v -3.573096 0.206288 4.731559
v -2.463933 -1.719531 5.420754
v -2.515960 -0.860401 5.406738
v -2.374127 -0.001779 5.444501
v -1.829490 0.852814 3.902965
v -1.958516 1.711128 3.245790
v -2.312095 0.206279 5.459911
v -1.046700 1.711153 3.490064
v -0.576546 -1.719538 5.926476
v -0.525263 -0.860409 5.940140
v -0.668153 -0.001769 5.901611
v -0.367602 0.852547 4.295151
v -0.728611 0.206286 5.884200
v -2.313545 1.710255 2.313545
v -2.013024 2.048188 2.013023
v -2.684764 1.711450 2.684764
v -4.376663 -1.720000 5.557703
v -7.001445 -1.720001 1.011444
v -6.569152 -1.720000 2.624785
v -5.557705 -1.720001 4.376661
v -4.276165 -1.719573 5.662152
v -4.239182 -0.860398 5.699682
v -4.301610 -0.860000 5.632756
v -4.343661 -0.001685 5.595050
v -4.511132 -0.000001 5.423234
v -5.426102 0.000000 4.508265
v -4.607019 0.206685 5.331489
v -5.332922 0.206686 4.605586
v -5.633905 -0.860000 4.300461
v -6.534343 -1.719573 2.765490
v -6.521079 -0.860398 2.816482
v -6.541680 -0.860000 2.727309
v -6.559245 -0.001685 2.673628
v -6.618371 -0.000001 2.441094
v -6.953274 0.000000 1.191220
v -6.655540 0.206684 2.313696
v -6.921239 0.206686 1.322093
v -7.029336 -0.860000 0.907354
v -0.872182 -1.719574 7.041653
v -1.011441 -1.720001 7.001446
v -0.821391 -0.860398 7.055662
v -0.908918 -0.860000 7.028917
v -0.964193 -0.001687 7.017287
v -1.195136 -0.000003 6.952225
v -2.445010 0.000001 6.617322
v -1.324051 0.206683 6.920715
v -2.315654 0.206686 6.655015
v -2.728872 -0.860000 6.541261
v -2.624781 -1.720000 6.569153
v -1.026358 0.207279 7.001644
v -6.576779 0.207283 2.611971
v -4.389674 0.207285 5.550422
v -7.041650 -1.719567 0.872182
v -7.055871 -0.860390 0.820610
v -7.017817 -0.001696 0.962239
v -7.001907 0.207277 1.025363
v -5.662155 -1.719567 4.276160
v -5.700257 -0.860390 4.238606
v -5.596487 -0.001696 4.342233
v -5.551148 0.207277 4.388944
v -2.765487 -1.719566 6.534341
v -2.817262 -0.860390 6.520870
v -2.675583 -0.001695 6.558728
v -2.612964 0.207280 6.576510
v 0.000000 -1.720000 -4.400000
v 0.000000 1.720000 -3.555707
v 2.200000 -1.720000 -3.810512
v 2.187710 1.720000 -3.189154
v 3.810512 -1.720000 -2.200000
v 3.189154 1.720000 -2.187710
v 0.000000 -0.860000 -4.400000
v 0.000000 0.000000 -4.400000
v 0.000000 0.860000 -4.400000
v 2.200000 0.860000 -3.810512
v 2.200000 0.000000 -3.810512
v 2.200000 -0.860000 -3.810512
v 3.810512 0.860000 -2.200000
v 3.810512 0.000000 -2.200000
v 3.810512 -0.860000 -2.200000
v 2.855339 1.720000 -2.521525
v 2.521525 1.720000 -2.855339
v 2.736837 0.860000 -3.273674
v 3.273674 0.860000 -2.736837
v 3.433523 1.720000 -1.275712
v 3.311338 1.720000 -1.731711
v 4.007008 0.860000 -1.466667
v 4.203504 0.860000 -0.733333
v 1.731711 1.720000 -3.311338
v 1.275712 1.720000 -3.433523
v 0.733333 0.860000 -4.203504
v 1.466667 0.860000 -4.007008
v 0.000000 1.720000 -2.871709
v 0.000000 2.055931 -2.518932
v 0.000000 0.213757 -4.400000
v 2.200000 0.213757 -3.810512
v 3.810512 0.213757 -2.200000
v 3.791411 0.213757 -4.515881
v 4.517314 0.213757 -3.789978
v 5.541399 0.213757 -2.015162
v 5.807097 0.213757 -1.023560
v 1.025518 0.213756 -5.806573
v 2.017121 0.213757 -5.540874
v 5.929431 -1.720000 -0.567004
v 5.943377 -0.860000 -0.514959
v 5.905346 -0.000000 -0.656892
v 4.301752 0.860000 -0.366667
v 3.494615 1.720000 -1.047712
v 5.887914 0.213757 -0.721950
v 3.250246 1.720000 -1.959710
v 5.418540 -1.720000 -2.473674
v 5.404805 -0.860000 -2.524937
v 5.443150 -0.000000 -2.381830
v 3.908760 0.860000 -1.833333
v 5.460320 0.213756 -2.317751
v 4.851534 -1.720000 -3.455757
v 4.889634 -0.860000 -3.417658
v 4.785733 0.000000 -3.521559
v 3.542093 0.860000 -2.468419
v 3.022247 1.720000 -2.354617
v 4.738108 0.213757 -3.569184
v 2.354617 1.720000 -3.022246
v 3.455757 -1.720000 -4.851534
v 3.418231 -0.860000 -4.889061
v 3.522992 0.000000 -4.784299
v 2.468419 0.860000 -3.542093
v 3.569901 0.213757 -4.737391
v 2.473674 -1.720000 -5.418541
v 2.525719 -0.860000 -5.404595
v 2.383787 0.000001 -5.442626
v 1.833333 0.860000 -3.908760
v 1.959710 1.720000 -3.250246
v 2.318731 0.213759 -5.460057
v 1.047712 1.720000 -3.494615
v 0.567003 -1.720001 -5.929431
v 0.515741 -0.860000 -5.943167
v 0.658849 -0.000001 -5.904821
v 0.366667 0.860000 -4.301752
v 0.722928 0.213755 -5.887652
v 2.315131 1.720000 -2.315131
v 2.017499 2.055931 -2.017499
v 2.688432 1.720000 -2.688432
v 4.383734 -1.720000 -5.564774
v 7.011104 -1.720001 -1.014032
v 6.578811 -1.720000 -2.627373
v 5.564776 -1.720001 -4.383732
v 4.276366 -1.720000 -5.672141
v 4.238840 -0.860000 -5.709669
v 4.308681 -0.860000 -5.639827
v 4.343601 -0.000000 -5.604907
v 4.518203 -0.000001 -5.430305
v 5.433173 0.000000 -4.515336
v 4.612020 0.213756 -5.336489
v 5.337922 0.213757 -4.610586
v 5.640976 -0.860000 -4.307532
v 6.539512 -1.720000 -2.774040
v 6.525776 -0.860000 -2.825301
v 6.551340 -0.860000 -2.729897
v 6.564121 -0.000001 -2.682194
v 6.628031 -0.000001 -2.443682
v 6.962934 0.000000 -1.193808
v 6.662371 0.213756 -2.315526
v 6.928069 0.213757 -1.323923
v 7.038996 -0.860000 -0.909942
v 0.867362 -1.720001 -7.050404
v 1.014029 -1.720001 -7.011106
v 0.816102 -0.860000 -7.064139
v 0.911506 -0.860000 -7.038576
v 0.959212 -0.000002 -7.025793
v 1.197725 -0.000003 -6.961884
v 2.447598 0.000001 -6.626982
v 1.325881 0.213754 -6.927545
v 2.317484 0.213757 -6.661846
v 2.731460 -0.860000 -6.550920
v 2.627369 -1.720000 -6.578812
v 1.023292 0.213751 -7.008624
v 6.581291 0.213754 -2.618116
v 4.390509 0.213756 -5.558000
v 7.050403 -1.720001 -0.867365
v 7.064349 -0.860000 -0.815320
v 7.026318 0.000000 -0.957254
v 7.008885 0.213758 -1.022313
v 5.672143 -1.720001 -4.276365
v 5.710243 -0.860000 -4.238265
v 5.606342 0.000000 -4.342166
v 5.558717 0.213757 -4.389791
v 2.774035 -1.720000 -6.539513
v 2.826081 -0.860000 -6.525567
v 2.684151 0.000001 -6.563598
v 2.619095 0.213761 -6.581028
v 0.009427 -1.719693 -4.396678
v 0.000000 1.710912 -3.551562
v 2.195021 -1.719071 -3.801890
v 2.184730 1.711620 -3.184582
v 3.801888 -1.719071 -2.195023
v 3.184582 1.711620 -2.184730
v 4.396680 -1.719688 -0.009428
v 0.009379 -0.860273 -4.396542
v 0.009146 -0.001184 -4.396132
v 0.003604 0.853770 -4.393057
v 2.196157 0.854033 -3.803467
v 2.195219 -0.002939 -3.802235
v 2.195013 -0.860780 -3.801880
v 3.803467 0.854033 -2.196158
v 3.802233 -0.002939 -2.195223
v 3.801877 -0.860780 -2.195018
v 4.393059 0.853769 -0.003606
v 4.396141 -0.001192 -0.009148
v 4.396547 -0.860268 -0.009381
v 2.851672 1.711450 -2.517857
v 2.517857 1.711450 -2.851672
v 2.732098 0.852579 -3.268935
v 3.268935 0.852579 -2.732098
v 3.429067 1.711128 -1.274518
v 3.306882 1.711128 -1.730517
v 4.001019 0.852155 -1.465062
v 4.197515 0.852155 -0.731728
v 1.730517 1.711128 -3.306882
v 1.274518 1.711128 -3.429067
v 0.731728 0.852155 -4.197515
v 1.465062 0.852155 -4.001019
v 2.512218 2.048704 0.001640
v 2.868553 1.710542 0.000771
v -0.000771 1.710542 -2.868553
v -0.001640 2.048704 -2.512217
v 0.008117 0.210558 -4.395113
v 2.195818 0.208271 -3.803272
v 3.803270 0.208271 -2.195821
v 4.395120 0.210547 -0.008117
v 3.790080 0.203936 -4.514550
v 4.515983 0.203936 -3.788647
v 5.539581 0.203936 -2.014675
v 5.805279 0.203936 -1.023073
v 1.025031 0.203935 -5.804755
v 2.016634 0.203936 -5.539056
v 5.926478 -1.719531 -0.576546
v 5.940352 -0.860401 -0.524482
v 5.902140 -0.001780 -0.666195
v 4.295152 0.852546 -0.367602
v 3.490064 1.711153 -1.046700
v 5.884469 0.206277 -0.727623
v 3.245790 1.711128 -1.958516
v 5.420753 -1.719538 -2.463933
v 5.406944 -0.860409 -2.515177
v 5.445022 -0.001769 -2.372167
v 3.902964 0.852815 -1.829489
v 5.460171 0.206288 -2.311103
v 4.844205 -1.719531 -3.462544
v 4.882253 -0.860401 -3.424393
v 4.778305 -0.001780 -3.528013
v 3.535481 0.853326 -2.464991
v 3.018579 1.711450 -2.350950
v 4.732288 0.206277 -3.572375
v 2.350950 1.711450 -3.018579
v 3.462544 -1.719538 -4.844204
v 3.424963 -0.860409 -4.881679
v 3.529444 -0.001769 -4.776867
v 2.464991 0.853327 -3.535480
v 3.573096 0.206288 -4.731559
v 2.463933 -1.719531 -5.420754
v 2.515960 -0.860401 -5.406738
v 2.374127 -0.001779 -5.444501
v 1.829490 0.852814 -3.902965
v 1.958516 1.711128 -3.245790
v 2.312095 0.206279 -5.459911
v 1.046700 1.711153 -3.490064
v 0.576546 -1.719538 -5.926476
v 0.525263 -0.860409 -5.940140
v 0.668153 -0.001769 -5.901611
v 0.367602 0.852547 -4.295151
v 0.728611 0.206286 -5.884200
v 2.313545 1.710255 -2.313545
v 2.013024 2.048188 -2.013023
v 2.684764 1.711450 -2.684764
v 4.376663 -1.720000 -5.557703
v 7.001445 -1.720001 -1.011444
v 6.569152 -1.720000 -2.624785
v 5.557705 -1.720001 -4.376661
v 4.276165 -1.719573 -5.662152
v 4.239182 -0.860398 -5.699682
v 4.301610 -0.860000 -5.632756
v 4.343661 -0.001685 -5.595050
v 4.511132 -0.000001 -5.423234
v 5.426102 0.000000 -4.508265
v 4.607019 0.206685 -5.331489
v 5.332922 0.206686 -4.605586
v 5.633905 -0.860000 -4.300461
v 6.534343 -1.719573 -2.765490
v 6.521079 -0.860398 -2.816482
v 6.541680 -0.860000 -2.727309
v 6.559245 -0.001685 -2.673628
v 6.618371 -0.000001 -2.441094
v 6.953274 0.000000 -1.191220
v 6.655540 0.206684 -2.313696
v 6.921239 0.206686 -1.322093
v 7.029336 -0.860000 -0.907354
v 0.872182 -1.719574 -7.041653
v 1.011441 -1.720001 -7.001446
v 0.821391 -0.860398 -7.055662
v 0.908918 -0.860000 -7.028917
v 0.964193 -0.001687 -7.017287
v 1.195136 -0.000003 -6.952225
v 2.445010 0.000001 -6.617322
v 1.324051 0.206683 -6.920715
v 2.315654 0.206686 -6.655015
v 2.728872 -0.860000 -6.541261
v 2.624781 -1.720000 -6.569153
v 1.026358 0.207279 -7.001644
v 6.576779 0.207283 -2.611971
v 4.389674 0.207285 -5.550422
v 7.041650 -1.719567 -0.872182
v 7.055871 -0.860390 -0.820610
v 7.017817 -0.001696 -0.962239
v 7.001907 0.207277 -1.025363
v 5.662155 -1.719567 -4.276160
v 5.700257 -0.860390 -4.238606
v 5.596487 -0.001696 -4.342233
v 5.551148 0.207277 -4.388944
v 2.765487 -1.719566 -6.534341
v 2.817262 -0.860390 -6.520870
v 2.675583 -0.001695 -6.558728
v 2.612964 0.207280 -6.576510
v -2.200000 -1.720000 -3.810512
v -2.187710 1.720000 -3.189154
v -3.810512 -1.720000 -2.200000
v -3.189154 1.720000 -2.187710
v -2.200000 0.860000 -3.810512
v -2.200000 0.000000 -3.810512
v -2.200000 -0.860000 -3.810512
v -3.810512 0.860000 -2.200000
v -3.810512 0.000000 -2.200000
v -3.810512 -0.860000 -2.200000
v -2.855339 1.720000 -2.521525
v -2.521525 1.720000 -2.855339
v -2.736837 0.860000 -3.273674
v -3.273674 0.860000 -2.736837
v -3.433523 1.720000 -1.275712
v -3.311338 1.720000 -1.731711
v -4.007008 0.860000 -1.466667
v -4.203504 0.860000 -0.733333
v -1.731711 1.720000 -3.311338
v -1.275712 1.720000 -3.433523
v -0.733333 0.860000 -4.203504
v -1.466667 0.860000 -4.007008
v -2.200000 0.213757 -3.810512
v -3.810512 0.213757 -2.200000
v -3.791411 0.213757 -4.515881
v -4.517314 0.213757 -3.789978
v -5.541399 0.213757 -2.015162
v -5.807097 0.213757 -1.023560
v -1.025518 0.213756 -5.806573
v -2.017121 0.213757 -5.540874
v -5.929431 -1.720000 -0.567004
v -5.943377 -0.860000 -0.514959
v -5.905346 -0.000000 -0.656892
v -4.301752 0.860000 -0.366667
v -3.494615 1.720000 -1.047712
v -5.887914 0.213757 -0.721950
v -3.250246 1.720000 -1.959710
v -5.418540 -1.720000 -2.473674
v -5.404805 -0.860000 -2.524937
v -5.443150 -0.000000 -2.381830
v -3.908760 0.860000 -1.833333
v -5.460320 0.213756 -2.317751
v -4.851534 -1.720000 -3.455757
v -4.889634 -0.860000 -3.417658
v -4.785733 0.000000 -3.521559
v -3.542093 0.860000 -2.468419
v -3.022247 1.720000 -2.354617
v -4.738108 0.213757 -3.569184
v -2.354617 1.720000 -3.022246
v -3.455757 -1.720000 -4.851534
v -3.418231 -0.860000 -4.889061
v -3.522992 0.000000 -4.784299
v -2.468419 0.860000 -3.542093
v -3.569901 0.213757 -4.737391
v -2.473674 -1.720000 -5.418541
v -2.525719 -0.860000 -5.404595
v -2.383787 0.000001 -5.442626
v -1.833333 0.860000 -3.908760
v -1.959710 1.720000 -3.250246
v -2.318731 0.213759 -5.460057
v -1.047712 1.720000 -3.494615
v -0.567003 -1.720001 -5.929431
v -0.515741 -0.860000 -5.943167
v -0.658849 -0.000001 -5.904821
v -0.366667 0.860000 -4.301752
v -0.722928 0.213755 -5.887652
v -2.315131 1.720000 -2.315131
v -2.017499 2.055931 -2.017499
v -2.688432 1.720000 -2.688432
v -4.383734 -1.720000 -5.564774
v -7.011104 -1.720001 -1.014032
v -6.578811 -1.720000 -2.627373
v -5.564776 -1.720001 -4.383732
v -4.276366 -1.720000 -5.672141
v -4.238840 -0.860000 -5.709669
v -4.308681 -0.860000 -5.639827
v -4.343601 -0.000000 -5.604907
v -4.518203 -0.000001 -5.430305
v -5.433173 0.000000 -4.515336
v -4.612020 0.213756 -5.336489
v -5.337922 0.213757 -4.610586
v -5.640976 -0.860000 -4.307532
v -6.539512 -1.720000 -2.774040
v -6.525776 -0.860000 -2.825301
v -6.551340 -0.860000 -2.729897
v -6.564121 -0.000001 -2.682194
v -6.628031 -0.000001 -2.443682
v -6.962934 0.000000 -1.193808
v -6.662371 0.213756 -2.315526
v -6.928069 0.213757 -1.323923
v -7.038996 -0.860000 -0.909942
v -0.867362 -1.720001 -7.050404
v -1.014029 -1.720001 -7.011106
v -0.816102 -0.860000 -7.064139
v -0.911506 -0.860000 -7.038576
v -0.959212 -0.000002 -7.025793
v -1.197725 -0.000003 -6.961884
v -2.447598 0.000001 -6.626982
v -1.325881 0.213754 -6.927545
v -2.317484 0.213757 -6.661846
v -2.731460 -0.860000 -6.550920
v -2.627369 -1.720000 -6.578812
v -1.023292 0.213751 -7.008624
v -6.581291 0.213754 -2.618116
v -4.390509 0.213756 -5.558000
v -7.050403 -1.720001 -0.867365
v -7.064349 -0.860000 -0.815320
v -7.026318 0.000000 -0.957254
v -7.008885 0.213758 -1.022313
v -5.672143 -1.720001 -4.276365
v -5.710243 -0.860000 -4.238265
v -5.606342 0.000000 -4.342166
v -5.558717 0.213757 -4.389791
v -2.774035 -1.720000 -6.539513
v -2.826081 -0.860000 -6.525567
v -2.684151 0.000001 -6.563598
v -2.619095 0.213761 -6.581028
v -0.009427 -1.719693 -4.396678
v -2.195021 -1.719071 -3.801890
v -2.184730 1.711620 -3.184582
v -3.801888 -1.719071 -2.195023
v -3.184582 1.711620 -2.184730
v -4.396680 -1.719688 -0.009428
v -0.009379 -0.860273 -4.396542
v -0.009146 -0.001184 -4.396132
v -0.003604 0.853770 -4.393057
v -2.196157 0.854033 -3.803467
v -2.195219 -0.002939 -3.802235
v -2.195013 -0.860780 -3.801880
v -3.803467 0.854033 -2.196158
v -3.802233 -0.002939 -2.195223
v -3.801877 -0.860780 -2.195018
v -4.393059 0.853769 -0.003606
v -4.396141 -0.001192 -0.009148
v -4.396547 -0.860268 -0.009381
v -2.851672 1.711450 -2.517857
v -2.517857 1.711450 -2.851672
v -2.732098 0.852579 -3.268935
v -3.268935 0.852579 -2.732098
v -3.429067 1.711128 -1.274518
v -3.306882 1.711128 -1.730517
v -4.001019 0.852155 -1.465062
v -4.197515 0.852155 -0.731728
v -1.730517 1.711128 -3.306882
v -1.274518 1.711128 -3.429067
v -0.731728 0.852155 -4.197515
v -1.465062 0.852155 -4.001019
v -2.512218 2.048704 0.001640
v -2.868553 1.710542 0.000771
v 0.000771 1.710542 -2.868553
v 0.001640 2.048704 -2.512217
v -0.008117 0.210558 -4.395113
v -2.195818 0.208271 -3.803272
v -3.803270 0.208271 -2.195821
v -4.395120 0.210547 -0.008117
v -3.790080 0.203936 -4.514550
v -4.515983 0.203936 -3.788647
v -5.539581 0.203936 -2.014675
v -5.805279 0.203936 -1.023073
v -1.025031 0.203935 -5.804755
v -2.016634 0.203936 -5.539056
v -5.926478 -1.719531 -0.576546
v -5.940352 -0.860401 -0.524482
v -5.902140 -0.001780 -0.666195
v -4.295152 0.852546 -0.367602
v -3.490064 1.711153 -1.046700
v -5.884469 0.206277 -0.727623
v -3.245790 1.711128 -1.958516
v -5.420753 -1.719538 -2.463933
v -5.406944 -0.860409 -2.515177
v -5.445022 -0.001769 -2.372167
v -3.902964 0.852815 -1.829489
v -5.460171 0.206288 -2.311103
v -4.844205 -1.719531 -3.462544
v -4.882253 -0.860401 -3.424393
v -4.778305 -0.001780 -3.528013
v -3.535481 0.853326 -2.464991
v -3.018579 1.711450 -2.350950
v -4.732288 0.206277 -3.572375
v -2.350950 1.711450 -3.018579
v -3.462544 -1.719538 -4.844204
v -3.424963 -0.860409 -4.881679
v -3.529444 -0.001769 -4.776867
v -2.464991 0.853327 -3.535480
v -3.573096 0.206288 -4.731559
v -2.463933 -1.719531 -5.420754
v -2.515960 -0.860401 -5.406738
v -2.374127 -0.001779 -5.444501
v -1.829490 0.852814 -3.902965
v -1.958516 1.711128 -3.245790
v -2.312095 0.206279 -5.459911
v -1.046700 1.711153 -3.490064
v -0.576546 -1.719538 -5.926476
v -0.525263 -0.860409 -5.940140
v -0.668153 -0.001769 -5.901611
v -0.367602 0.852547 -4.295151
v -0.728611 0.206286 -5.884200
v -2.313545 1.710255 -2.313545
v -2.013024 2.048188 -2.013023
v -2.684764 1.711450 -2.684764
v -4.376663 -1.720000 -5.557703
v -7.001445 -1.720001 -1.011444
v -6.569152 -1.720000 -2.624785
v -5.557705 -1.720001 -4.376661
v -4.276165 -1.719573 -5.662152
v -4.239182 -0.860398 -5.699682
v -4.301610 -0.860000 -5.632756
v -4.343661 -0.001685 -5.595050
v -4.511132 -0.000001 -5.423234
v -5.426102 0.000000 -4.508265
v -4.607019 0.206685 -5.331489
v -5.332922 0.206686 -4.605586
v -5.633905 -0.860000 -4.300461
v -6.534343 -1.719573 -2.765490
v -6.521079 -0.860398 -2.816482
v -6.541680 -0.860000 -2.727309
v -6.559245 -0.001685 -2.673628
v -6.618371 -0.000001 -2.441094
v -6.953274 0.000000 -1.191220
v -6.655540 0.206684 -2.313696
v -6.921239 0.206686 -1.322093
v -7.029336 -0.860000 -0.907354
v -0.872182 -1.719574 -7.041653
v -1.011441 -1.720001 -7.001446
v -0.821391 -0.860398 -7.055662
v -0.908918 -0.860000 -7.028917
v -0.964193 -0.001687 -7.017287
v -1.195136 -0.000003 -6.952225
v -2.445010 0.000001 -6.617322
v -1.324051 0.206683 -6.920715
v -2.315654 0.206686 -6.655015
v -2.728872 -0.860000 -6.541261
v -2.624781 -1.720000 -6.569153
v -1.026358 0.207279 -7.001644
v -6.576779 0.207283 -2.611971
v -4.389674 0.207285 -5.550422
v -7.041650 -1.719567 -0.872182
v -7.055871 -0.860390 -0.820610
v -7.017817 -0.001696 -0.962239
v -7.001907 0.207277 -1.025363
v -5.662155 -1.719567 -4.276160
v -5.700257 -0.860390 -4.238606
v -5.596487 -0.001696 -4.342233
v -5.551148 0.207277 -4.388944
v -2.765487 -1.719566 -6.534341
v -2.817262 -0.860390 -6.520870
v -2.675583 -0.001695 -6.558728
v -2.612964 0.207280 -6.576510
v -2.200000 -1.720000 3.810512
v -2.187710 1.720000 3.189154
v -3.810512 -1.720000 2.200000
v -3.189154 1.720000 2.187710
v -2.200000 0.860000 3.810512
v -2.200000 0.000000 3.810512
v -2.200000 -0.860000 3.810512
v -3.810512 0.860000 2.200000
v -3.810512 0.000000 2.200000
v -3.810512 -0.860000 2.200000
v -2.855339 1.720000 2.521525
v -2.521525 1.720000 2.855339
v -2.736837 0.860000 3.273674
v -3.273674 0.860000 2.736837
v -3.433523 1.720000 1.275712
v -3.311338 1.720000 1.731711
v -4.007008 0.860000 1.466667
v -4.203504 0.860000 0.733333
v -1.731711 1.720000 3.311338
v -1.275712 1.720000 3.433523
v -0.733333 0.860000 4.203504
v -1.466667 0.860000 4.007008
v -2.200000 0.213757 3.810512
v -3.810512 0.213757 2.200000
v -3.791411 0.213757 4.515881
v -4.517314 0.213757 3.789978
v -5.541399 0.213757 2.015162
v -5.807097 0.213757 1.023560
v -1.025518 0.213756 5.806573
v -2.017121 0.213757 5.540874
v -5.929431 -1.720000 0.567004
v -5.943377 -0.860000 0.514959
v -5.905346 -0.000000 0.656892
v -4.301752 0.860000 0.366667
v -3.494615 1.720000 1.047712
v -5.887914 0.213757 0.721950
v -3.250246 1.720000 1.959710
v -5.418540 -1.720000 2.473674
v -5.404805 -0.860000 2.524937
v -5.443150 -0.000000 2.381830
v -3.908760 0.860000 1.833333
v -5.460320 0.213756 2.317751
v -4.851534 -1.720000 3.455757
v -4.889634 -0.860000 3.417658
v -4.785733 0.000000 3.521559
v -3.542093 0.860000 2.468419
v -3.022247 1.720000 2.354617
v -4.738108 0.213757 3.569184
v -2.354617 1.720000 3.022246
v -3.455757 -1.720000 4.851534
v -3.418231 -0.860000 4.889061
v -3.522992 0.000000 4.784299
v -2.468419 0.860000 3.542093
v -3.569901 0.213757 4.737391
v -2.473674 -1.720000 5.418541
v -2.525719 -0.860000 5.404595
v -2.383787 0.000001 5.442626
v -1.833333 0.860000 3.908760
v -1.959710 1.720000 3.250246
v -2.318731 0.213759 5.460057
v -1.047712 1.720000 3.494615
v -0.567003 -1.720001 5.929431
v -0.515741 -0.860000 5.943167
v -0.658849 -0.000001 5.904821
v -0.366667 0.860000 4.301752
v -0.722928 0.213755 5.887652
v -2.315131 1.720000 2.315131
v -2.017499 2.055931 2.017499
v -2.688432 1.720000 2.688432
v -4.383734 -1.720000 5.564774
v -7.011104 -1.720001 1.014032
v -6.578811 -1.720000 2.627373
v -5.564776 -1.720001 4.383732
v -4.276366 -1.720000 5.672141
v -4.238840 -0.860000 5.709669
v -4.308681 -0.860000 5.639827
v -4.343601 -0.000000 5.604907
v -4.518203 -0.000001 5.430305
v -5.433173 0.000000 4.515336
v -4.612020 0.213756 5.336489
v -5.337922 0.213757 4.610586
v -5.640976 -0.860000 4.307532
v -6.539512 -1.720000 2.774040
v -6.525776 -0.860000 2.825301
v -6.551340 -0.860000 2.729897
v -6.564121 -0.000001 2.682194
v -6.628031 -0.000001 2.443682
v -6.962934 0.000000 1.193808
v -6.662371 0.213756 2.315526
v -6.928069 0.213757 1.323923
v -7.038996 -0.860000 0.909942
v -0.867362 -1.720001 7.050404
v -1.014029 -1.720001 7.011106
v -0.816102 -0.860000 7.064139
v -0.911506 -0.860000 7.038576
v -0.959212 -0.000002 7.025793
v -1.197725 -0.000003 6.961884
v -2.447598 0.000001 6.626982
v -1.325881 0.213754 6.927545
v -2.317484 0.213757 6.661846
v -2.731460 -0.860000 6.550920
v -2.627369 -1.720000 6.578812
v -1.023292 0.213751 7.008624
v -6.581291 0.213754 2.618116
v -4.390509 0.213756 5.558000
v -7.050403 -1.720001 0.867365
v -7.064349 -0.860000 0.815320
v -7.026318 0.000000 0.957254
v -7.008885 0.213758 1.022313
v -5.672143 -1.720001 4.276365
v -5.710243 -0.860000 4.238265
v -5.606342 0.000000 4.342166
v -5.558717 0.213757 4.389791
v -2.774035 -1.720000 6.539513
v -2.826081 -0.860000 6.525567
v -2.684151 0.000001 6.563598
v -2.619095 0.213761 6.581028
v -0.009427 -1.719693 4.396678
v -2.195021 -1.719071 3.801890
v -2.184730 1.711620 3.184582
v -3.801888 -1.719071 2.195023
v -3.184582 1.711620 2.184730
v -4.396680 -1.719688 0.009428
v -0.009379 -0.860273 4.396542
v -0.009146 -0.001184 4.396132
v -0.003604 0.853770 4.393057
v -2.196157 0.854033 3.803467
v -2.195219 -0.002939 3.802235
v -2.195013 -0.860780 3.801880
v -3.803467 0.854033 2.196158
v -3.802233 -0.002939 2.195223
v -3.801877 -0.860780 2.195018
v -4.393059 0.853769 0.003606
v -4.396141 -0.001192 0.009148
v -4.396547 -0.860268 0.009381
v -2.851672 1.711450 2.517857
v -2.517857 1.711450 2.851672
v -2.732098 0.852579 3.268935
v -3.268935 0.852579 2.732098
v -3.429067 1.711128 1.274518
v -3.306882 1.711128 1.730517
v -4.001019 0.852155 1.465062
v -4.197515 0.852155 0.731728
v -1.730517 1.711128 3.306882
v -1.274518 1.711128 3.429067
v -0.731728 0.852155 4.197515
v -1.465062 0.852155 4.001019
v -2.512218 2.048704 -0.001640
v -2.868553 1.710542 -0.000771
v 0.000771 1.710542 2.868553
v 0.001640 2.048704 2.512217
v -0.008117 0.210558 4.395113
v -2.195818 0.208271 3.803272
v -3.803270 0.208271 2.195821
v -4.395120 0.210547 0.008117
v -3.790080 0.203936 4.514550
v -4.515983 0.203936 3.788647
v -5.539581 0.203936 2.014675
v -5.805279 0.203936 1.023073
v -1.025031 0.203935 5.804755
v -2.016634 0.203936 5.539056
v -5.926478 -1.719531 0.576546
v -5.940352 -0.860401 0.524482
v -5.902140 -0.001780 0.666195
v -4.295152 0.852546 0.367602
v -3.490064 1.711153 1.046700
v -5.884469 0.206277 0.727623
v -3.245790 1.711128 1.958516
v -5.420753 -1.719538 2.463933
v -5.406944 -0.860409 2.515177
v -5.445022 -0.001769 2.372167
v -3.902964 0.852815 1.829489
v -5.460171 0.206288 2.311103
v -4.844205 -1.719531 3.462544
v -4.882253 -0.860401 3.424393
v -4.778305 -0.001780 3.528013
v -3.535481 0.853326 2.464991
v -3.018579 1.711450 2.350950
v -4.732288 0.206277 3.572375
v -2.350950 1.711450 3.018579
v -3.462544 -1.719538 4.844204
v -3.424963 -0.860409 4.881679
v -3.529444 -0.001769 4.776867
v -2.464991 0.853327 3.535480
v -3.573096 0.206288 4.731559
v -2.463933 -1.719531 5.420754
v -2.515960 -0.860401 5.406738
v -2.374127 -0.001779 5.444501
v -1.829490 0.852814 3.902965
v -1.958516 1.711128 3.245790
v -2.312095 0.206279 5.459911
v -1.046700 1.711153 3.490064
v -0.576546 -1.719538 5.926476
v -0.525263 -0.860409 5.940140
v -0.668153 -0.001769 5.901611
v -0.367602 0.852547 4.295151
v -0.728611 0.206286 5.884200
v -2.313545 1.710255 2.313545
v -2.013024 2.048188 2.013023
v -2.684764 1.711450 2.684764
v -4.376663 -1.720000 5.557703
v -7.001445 -1.720001 1.011444
v -6.569152 -1.720000 2.624785
v -5.557705 -1.720001 4.376661
v -4.276165 -1.719573 5.662152
v -4.239182 -0.860398 5.699682
v -4.301610 -0.860000 5.632756
v -4.343661 -0.001685 5.595050
v -4.511132 -0.000001 5.423234
v -5.426102 0.000000 4.508265
v -4.607019 0.206685 5.331489
v -5.332922 0.206686 4.605586
v -5.633905 -0.860000 4.300461
v -6.534343 -1.719573 2.765490
v -6.521079 -0.860398 2.816482
v -6.541680 -0.860000 2.727309
v -6.559245 -0.001685 2.673628
v -6.618371 -0.000001 2.441094
v -6.953274 0.000000 1.191220
v -6.655540 0.206684 2.313696
v -6.921239 0.206686 1.322093
v -7.029336 -0.860000 0.907354
v -0.872182 -1.719574 7.041653
v -1.011441 -1.720001 7.001446
v -0.821391 -0.860398 7.055662
v -0.908918 -0.860000 7.028917
v -0.964193 -0.001687 7.017287
v -1.195136 -0.000003 6.952225
v -2.445010 0.000001 6.617322
v -1.324051 0.206683 6.920715
v -2.315654 0.206686 6.655015
v -2.728872 -0.860000 6.541261
v -2.624781 -1.720000 6.569153
v -1.026358 0.207279 7.001644
v -6.576779 0.207283 2.611971
v -4.389674 0.207285 5.550422
v -7.041650 -1.719567 0.872182
v -7.055871 -0.860390 0.820610
v -7.017817 -0.001696 0.962239
v -7.001907 0.207277 1.025363
v -5.662155 -1.719567 4.276160
v -5.700257 -0.860390 4.238606
v -5.596487 -0.001696 4.342233
v -5.551148 0.207277 4.388944
v -2.765487 -1.719566 6.534341
v -2.817262 -0.860390 6.520870
v -2.675583 -0.001695 6.558728
v -2.612964 0.207280 6.576510
v 2.200000 -1.720000 3.810512
v 2.187710 1.720000 3.189154
v 3.810512 -1.720000 2.200000
v 3.189154 1.720000 2.187710
v 2.200000 0.860000 3.810512
v 2.200000 0.000000 3.810512
v 2.200000 -0.860000 3.810512
v 3.810512 0.860000 2.200000
v 3.810512 0.000000 2.200000
v 3.810512 -0.860000 2.200000
v 2.855339 1.720000 2.521525
v 2.521525 1.720000 2.855339
v 2.736837 0.860000 3.273674
v 3.273674 0.860000 2.736837
v 3.433523 1.720000 1.275712
v 3.311338 1.720000 1.731711
v 4.007008 0.860000 1.466667
v 4.203504 0.860000 0.733333
v 1.731711 1.720000 3.311338
v 1.275712 1.720000 3.433523
v 0.733333 0.860000 4.203504
v 1.466667 0.860000 4.007008
v 2.200000 0.213757 3.810512
v 3.810512 0.213757 2.200000
v 3.791411 0.213757 4.515881
v 4.517314 0.213757 3.789978
v 5.541399 0.213757 2.015162
v 5.807097 0.213757 1.023560
v 1.025518 0.213756 5.806573
v 2.017121 0.213757 5.540874
v 5.929431 -1.720000 0.567004
v 5.943377 -0.860000 0.514959
v 5.905346 -0.000000 0.656892
v 4.301752 0.860000 0.366667
v 3.494615 1.720000 1.047712
v 5.887914 0.213757 0.721950
v 3.250246 1.720000 1.959710
v 5.418540 -1.720000 2.473674
v 5.404805 -0.860000 2.524937
v 5.443150 -0.000000 2.381830
v 3.908760 0.860000 1.833333
v 5.460320 0.213756 2.317751
v 4.851534 -1.720000 3.455757
v 4.889634 -0.860000 3.417658
v 4.785733 0.000000 3.521559
v 3.542093 0.860000 2.468419
v 3.022247 1.720000 2.354617
v 4.738108 0.213757 3.569184
v 2.354617 1.720000 3.022246
v 3.455757 -1.720000 4.851534
v 3.418231 -0.860000 4.889061
v 3.522992 0.000000 4.784299
v 2.468419 0.860000 3.542093
v 3.569901 0.213757 4.737391
v 2.473674 -1.720000 5.418541
v 2.525719 -0.860000 5.404595
v 2.383787 0.000001 5.442626
v 1.833333 0.860000 3.908760
v 1.959710 1.720000 3.250246
v 2.318731 0.213759 5.460057
v 1.047712 1.720000 3.494615
v 0.567003 -1.720001 5.929431
v 0.515741 -0.860000 5.943167
v 0.658849 -0.000001 5.904821
v 0.366667 0.860000 4.301752
v 0.722928 0.213755 5.887652
v 2.315131 1.720000 2.315131
v 2.017499 2.055931 2.017499
v 2.688432 1.720000 2.688432
v 4.383734 -1.720000 5.564774
v 7.011104 -1.720001 1.014032
v 6.578811 -1.720000 2.627373
v 5.564776 -1.720001 4.383732
v 4.276366 -1.720000 5.672141
v 4.238840 -0.860000 5.709669
v 4.308681 -0.860000 5.639827
v 4.343601 -0.000000 5.604907
v 4.518203 -0.000001 5.430305
v 5.433173 0.000000 4.515336
v 4.612020 0.213756 5.336489
v 5.337922 0.213757 4.610586
v 5.640976 -0.860000 4.307532
v 6.539512 -1.720000 2.774040
v 6.525776 -0.860000 2.825301
v 6.551340 -0.860000 2.729897
v 6.564121 -0.000001 2.682194
v 6.628031 -0.000001 2.443682
v 6.962934 0.000000 1.193808
v 6.662371 0.213756 2.315526
v 6.928069 0.213757 1.323923
v 7.038996 -0.860000 0.909942
v 0.867362 -1.720001 7.050404
v 1.014029 -1.720001 7.011106
v 0.816102 -0.860000 7.064139
v 0.911506 -0.860000 7.038576
v 0.959212 -0.000002 7.025793
v 1.197725 -0.000003 6.961884
v 2.447598 0.000001 6.626982
v 1.325881 0.213754 6.927545
v 2.317484 0.213757 6.661846
v 2.731460 -0.860000 6.550920
v 2.627369 -1.720000 6.578812
v 1.023292 0.213751 7.008624
v 6.581291 0.213754 2.618116
v 4.390509 0.213756 5.558000
v 7.050403 -1.720001 0.867365
v 7.064349 -0.860000 0.815320
v 7.026318 0.000000 0.957254
v 7.008885 0.213758 1.022313
v 5.672143 -1.720001 4.276365
v 5.710243 -0.860000 4.238265
v 5.606342 0.000000 4.342166
v 5.558717 0.213757 4.389791
v 2.774035 -1.720000 6.539513
v 2.826081 -0.860000 6.525567
v 2.684151 0.000001 6.563598
v 2.619095 0.213761 6.581028
v 0.009427 -1.719693 4.396678
v 2.195021 -1.719071 3.801890
v 2.184730 1.711620 3.184582
v 3.801888 -1.719071 2.195023
v 3.184582 1.711620 2.184730
v 4.396680 -1.719688 0.009428
v 0.009379 -0.860273 4.396542
v 0.009146 -0.001184 4.396132
v 0.003604 0.853770 4.393057
v 2.196157 0.854033 3.803467
v 2.195219 -0.002939 3.802235
v 2.195013 -0.860780 3.801880
v 3.803467 0.854033 2.196158
v 3.802233 -0.002939 2.195223
v 3.801877 -0.860780 2.195018
v 4.393059 0.853769 0.003606
v 4.396141 -0.001192 0.009148
v 4.396547 -0.860268 0.009381
v 2.851672 1.711450 2.517857
v 2.517857 1.711450 2.851672
v 2.732098 0.852579 3.268935
v 3.268935 0.852579 2.732098
v 3.429067 1.711128 1.274518
v 3.306882 1.711128 1.730517
v 4.001019 0.852155 1.465062
v 4.197515 0.852155 0.731728
v 1.730517 1.711128 3.306882
v 1.274518 1.711128 3.429067
v 0.731728 0.852155 4.197515
v 1.465062 0.852155 4.001019
v 2.512218 2.048704 -0.001640
v 2.868553 1.710542 -0.000771
v -0.000771 1.710542 2.868553
v -0.001640 2.048704 2.512217
v 0.008117 0.210558 4.395113
v 2.195818 0.208271 3.803272
v 3.803270 0.208271 2.195821
v 4.395120 0.210547 0.008117
v 3.790080 0.203936 4.514550
v 4.515983 0.203936 3.788647
v 5.539581 0.203936 2.014675
v 5.805279 0.203936 1.023073
v 1.025031 0.203935 5.804755
v 2.016634 0.203936 5.539056
v 5.926478 -1.719531 0.576546
v 5.940352 -0.860401 0.524482
v 5.902140 -0.001780 0.666195
v 4.295152 0.852546 0.367602
v 3.490064 1.711153 1.046700
v 5.884469 0.206277 0.727623
v 3.245790 1.711128 1.958516
v 5.420753 -1.719538 2.463933
v 5.406944 -0.860409 2.515177
v 5.445022 -0.001769 2.372167
v 3.902964 0.852815 1.829489
v 5.460171 0.206288 2.311103
v 4.844205 -1.719531 3.462544
v 4.882253 -0.860401 3.424393
v 4.778305 -0.001780 3.528013
v 3.535481 0.853326 2.464991
v 3.018579 1.711450 2.350950
v 4.732288 0.206277 3.572375
v 2.350950 1.711450 3.018579
v 3.462544 -1.719538 4.844204
v 3.424963 -0.860409 4.881679
v 3.529444 -0.001769 4.776867
v 2.464991 0.853327 3.535480
v 3.573096 0.206288 4.731559
v 2.463933 -1.719531 5.420754
v 2.515960 -0.860401 5.406738
v 2.374127 -0.001779 5.444501
v 1.829490 0.852814 3.902965
v 1.958516 1.711128 3.245790
v 2.312095 0.206279 5.459911
v 1.046700 1.711153 3.490064
v 0.576546 -1.719538 5.926476
v 0.525263 -0.860409 5.940140
v 0.668153 -0.001769 5.901611
v 0.367602 0.852547 4.295151
v 0.728611 0.206286 5.884200
v 2.313545 1.710255 2.313545
v 2.013024 2.048188 2.013023
v 2.684764 1.711450 2.684764
v 4.376663 -1.720000 5.557703
v 7.001445 -1.720001 1.011444
v 6.569152 -1.720000 2.624785
v 5.557705 -1.720001 4.376661
v 4.276165 -1.719573 5.662152
v 4.239182 -0.860398 5.699682
v 4.301610 -0.860000 5.632756
v 4.343661 -0.001685 5.595050
v 4.511132 -0.000001 5.423234
v 5.426102 0.000000 4.508265
v 4.607019 0.206685 5.331489
v 5.332922 0.206686 4.605586
v 5.633905 -0.860000 4.300461
v 6.534343 -1.719573 2.765490
v 6.521079 -0.860398 2.816482
v 6.541680 -0.860000 2.727309
v 6.559245 -0.001685 2.673628
v 6.618371 -0.000001 2.441094
v 6.953274 0.000000 1.191220
v 6.655540 0.206684 2.313696
v 6.921239 0.206686 1.322093
v 7.029336 -0.860000 0.907354
v 0.872182 -1.719574 7.041653
v 1.011441 -1.720001 7.001446
v 0.821391 -0.860398 7.055662
v 0.908918 -0.860000 7.028917
v 0.964193 -0.001687 7.017287
v 1.195136 -0.000003 6.952225
v 2.445010 0.000001 6.617322
v 1.324051 0.206683 6.920715
v 2.315654 0.206686 6.655015
v 2.728872 -0.860000 6.541261
v 2.624781 -1.720000 6.569153
v 1.026358 0.207279 7.001644
v 6.576779 0.207283 2.611971
v 4.389674 0.207285 5.550422
v 7.041650 -1.719567 0.872182
v 7.055871 -0.860390 0.820610
v 7.017817 -0.001696 0.962239
v 7.001907 0.207277 1.025363
v 5.662155 -1.719567 4.276160
v 5.700257 -0.860390 4.238606
v 5.596487 -0.001696 4.342233
v 5.551148 0.207277 4.388944
v 2.765487 -1.719566 6.534341
v 2.817262 -0.860390 6.520870
v 2.675583 -0.001695 6.558728
v 2.612964 0.207280 6.576510
v -2.200000 -1.720000 -3.810512
v -2.187710 1.720000 -3.189154
v -3.810512 -1.720000 -2.200000
v -3.189154 1.720000 -2.187710
v -2.200000 0.860000 -3.810512
v -2.200000 0.000000 -3.810512
v -2.200000 -0.860000 -3.810512
v -3.810512 0.860000 -2.200000
v -3.810512 0.000000 -2.200000
v -3.810512 -0.860000 -2.200000
v -2.855339 1.720000 -2.521525
v -2.521525 1.720000 -2.855339
v -2.736837 0.860000 -3.273674
v -3.273674 0.860000 -2.736837
v -3.433523 1.720000 -1.275712
v -3.311338 1.720000 -1.731711
v -4.007008 0.860000 -1.466667
v -4.203504 0.860000 -0.733333
v -1.731711 1.720000 -3.311338
v -1.275712 1.720000 -3.433523
v -0.733333 0.860000 -4.203504
v -1.466667 0.860000 -4.007008
v -2.200000 0.213757 -3.810512
v -3.810512 0.213757 -2.200000
v -3.791411 0.213757 -4.515881
v -4.517314 0.213757 -3.789978
v -5.541399 0.213757 -2.015162
v -5.807097 0.213757 -1.023560
v -1.025518 0.213756 -5.806573
v -2.017121 0.213757 -5.540874
v -5.929431 -1.720000 -0.567004
v -5.943377 -0.860000 -0.514959
v -5.905346 -0.000000 -0.656892
v -4.301752 0.860000 -0.366667
v -3.494615 1.720000 -1.047712
v -5.887914 0.213757 -0.721950
v -3.250246 1.720000 -1.959710
v -5.418540 -1.720000 -2.473674
v -5.404805 -0.860000 -2.524937
v -5.443150 -0.000000 -2.381830
v -3.908760 0.860000 -1.833333
v -5.460320 0.213756 -2.317751
v -4.851534 -1.720000 -3.455757
v -4.889634 -0.860000 -3.417658
v -4.785733 0.000000 -3.521559
v -3.542093 0.860000 -2.468419
v -3.022247 1.720000 -2.354617
v -4.738108 0.213757 -3.569184
v -2.354617 1.720000 -3.022246
v -3.455757 -1.720000 -4.851534
v -3.418231 -0.860000 -4.889061
v -3.522992 0.000000 -4.784299
v -2.468419 0.860000 -3.542093
v -3.569901 0.213757 -4.737391
v -2.473674 -1.720000 -5.418541
v -2.525719 -0.860000 -5.404595
v -2.383787 0.000001 -5.442626
v -1.833333 0.860000 -3.908760
v -1.959710 1.720000 -3.250246
v -2.318731 0.213759 -5.460057
v -1.047712 1.720000 -3.494615
v -0.567003 -1.720001 -5.929431
v -0.515741 -0.860000 -5.943167
v -0.658849 -0.000001 -5.904821
v -0.366667 0.860000 -4.301752
v -0.722928 0.213755 -5.887652
v -2.315131 1.720000 -2.315131
v -2.017499 2.055931 -2.017499
v -2.688432 1.720000 -2.688432
v -4.383734 -1.720000 -5.564774
v -7.011104 -1.720001 -1.014032
v -6.578811 -1.720000 -2.627373
v -5.564776 -1.720001 -4.383732
v -4.276366 -1.720000 -5.672141
v -4.238840 -0.860000 -5.709669
v -4.308681 -0.860000 -5.639827
v -4.343601 -0.000000 -5.604907
v -4.518203 -0.000001 -5.430305
v -5.433173 0.000000 -4.515336
v -4.612020 0.213756 -5.336489
v -5.337922 0.213757 -4.610586
v -5.640976 -0.860000 -4.307532
v -6.539512 -1.720000 -2.774040
v -6.525776 -0.860000 -2.825301
v -6.551340 -0.860000 -2.729897
v -6.564121 -0.000001 -2.682194
v -6.628031 -0.000001 -2.443682
v -6.962934 0.000000 -1.193808
v -6.662371 0.213756 -2.315526
v -6.928069 0.213757 -1.323923
v -7.038996 -0.860000 -0.909942
v -0.867362 -1.720001 -7.050404
v -1.014029 -1.720001 -7.011106
v -0.816102 -0.860000 -7.064139
v -0.911506 -0.860000 -7.038576
v -0.959212 -0.000002 -7.025793
v -1.197725 -0.000003 -6.961884
v -2.447598 0.000001 -6.626982
v -1.325881 0.213754 -6.927545
v -2.317484 0.213757 -6.661846
v -2.731460 -0.860000 -6.550920
v -2.627369 -1.720000 -6.578812
v -1.023292 0.213751 -7.008624
v -6.581291 0.213754 -2.618116
v -4.390509 0.213756 -5.558000
v -7.050403 -1.720001 -0.867365
v -7.064349 -0.860000 -0.815320
v -7.026318 0.000000 -0.957254
v -7.008885 0.213758 -1.022313
v -5.672143 -1.720001 -4.276365
v -5.710243 -0.860000 -4.238265
v -5.606342 0.000000 -4.342166
v -5.558717 0.213757 -4.389791
v -2.774035 -1.720000 -6.539513
v -2.826081 -0.860000 -6.525567
v -2.684151 0.000001 -6.563598
v -2.619095 0.213761 -6.581028
v -0.009427 -1.719693 -4.396678
v -2.195021 -1.719071 -3.801890
v -2.184730 1.711620 -3.184582
v -3.801888 -1.719071 -2.195023
v -3.184582 1.711620 -2.184730
v -4.396680 -1.719688 -0.009428
v -0.009379 -0.860273 -4.396542
v -0.009146 -0.001184 -4.396132
v -0.003604 0.853770 -4.393057
v -2.196157 0.854033 -3.803467
v -2.195219 -0.002939 -3.802235
v -2.195013 -0.860780 -3.801880
v -3.803467 0.854033 -2.196158
v -3.802233 -0.002939 -2.195223
v -3.801877 -0.860780 -2.195018
v -4.393059 0.853769 -0.003606
v -4.396141 -0.001192 -0.009148
v -4.396547 -0.860268 -0.009381
v -2.851672 1.711450 -2.517857
v -2.517857 1.711450 -2.851672
v -2.732098 0.852579 -3.268935
v -3.268935 0.852579 -2.732098
v -3.429067 1.711128 -1.274518
v -3.306882 1.711128 -1.730517
v -4.001019 0.852155 -1.465062
v -4.197515 0.852155 -0.731728
v -1.730517 1.711128 -3.306882
v -1.274518 1.711128 -3.429067
v -0.731728 0.852155 -4.197515
v -1.465062 0.852155 -4.001019
v -2.512218 2.048704 0.001640
v -2.868553 1.710542 0.000771
v 0.000771 1.710542 -2.868553
v 0.001640 2.048704 -2.512217
v -0.008117 0.210558 -4.395113
v -2.195818 0.208271 -3.803272
v -3.803270 0.208271 -2.195821
v -4.395120 0.210547 -0.008117
v -3.790080 0.203936 -4.514550
v -4.515983 0.203936 -3.788647
v -5.539581 0.203936 -2.014675
v -5.805279 0.203936 -1.023073
v -1.025031 0.203935 -5.804755
v -2.016634 0.203936 -5.539056
v -5.926478 -1.719531 -0.576546
v -5.940352 -0.860401 -0.524482
v -5.902140 -0.001780 -0.666195
v -4.295152 0.852546 -0.367602
v -3.490064 1.711153 -1.046700
v -5.884469 0.206277 -0.727623
v -3.245790 1.711128 -1.958516
v -5.420753 -1.719538 -2.463933
v -5.406944 -0.860409 -2.515177
v -5.445022 -0.001769 -2.372167
v -3.902964 0.852815 -1.829489
v -5.460171 0.206288 -2.311103
v -4.844205 -1.719531 -3.462544
v -4.882253 -0.860401 -3.424393
v -4.778305 -0.001780 -3.528013
v -3.535481 0.853326 -2.464991
v -3.018579 1.711450 -2.350950
v -4.732288 0.206277 -3.572375
v -2.350950 1.711450 -3.018579
v -3.462544 -1.719538 -4.844204
v -3.424963 -0.860409 -4.881679
v -3.529444 -0.001769 -4.776867
v -2.464991 0.853327 -3.535480
v -3.573096 0.206288 -4.731559
v -2.463933 -1.719531 -5.420754
v -2.515960 -0.860401 -5.406738
v -2.374127 -0.001779 -5.444501
v -1.829490 0.852814 -3.902965
v -1.958516 1.711128 -3.245790
v -2.312095 0.206279 -5.459911
v -1.046700 1.711153 -3.490064
v -0.576546 -1.719538 -5.926476
v -0.525263 -0.860409 -5.940140
v -0.668153 -0.001769 -5.901611
v -0.367602 0.852547 -4.295151
v -0.728611 0.206286 -5.884200
v -2.313545 1.710255 -2.313545
v -2.013024 2.048188 -2.013023
v -2.684764 1.711450 -2.684764
v -4.376663 -1.720000 -5.557703
v -7.001445 -1.720001 -1.011444
v -6.569152 -1.720000 -2.624785
v -5.557705 -1.720001 -4.376661
v -4.276165 -1.719573 -5.662152
v -4.239182 -0.860398 -5.699682
v -4.301610 -0.860000 -5.632756
v -4.343661 -0.001685 -5.595050
v -4.511132 -0.000001 -5.423234
v -5.426102 0.000000 -4.508265
v -4.607019 0.206685 -5.331489
v -5.332922 0.206686 -4.605586
v -5.633905 -0.860000 -4.300461
v -6.534343 -1.719573 -2.765490
v -6.521079 -0.860398 -2.816482
v -6.541680 -0.860000 -2.727309
v -6.559245 -0.001685 -2.673628
v -6.618371 -0.000001 -2.441094
v -6.953274 0.000000 -1.191220
v -6.655540 0.206684 -2.313696
v -6.921239 0.206686 -1.322093
v -7.029336 -0.860000 -0.907354
v -0.872182 -1.719574 -7.041653
v -1.011441 -1.720001 -7.001446
v -0.821391 -0.860398 -7.055662
v -0.908918 -0.860000 -7.028917
v -0.964193 -0.001687 -7.017287
v -1.195136 -0.000003 -6.952225
v -2.445010 0.000001 -6.617322
v -1.324051 0.206683 -6.920715
v -2.315654 0.206686 -6.655015
v -2.728872 -0.860000 -6.541261
v -2.624781 -1.720000 -6.569153
v -1.026358 0.207279 -7.001644
v -6.576779 0.207283 -2.611971
v -4.389674 0.207285 -5.550422
v -7.041650 -1.719567 -0.872182
v -7.055871 -0.860390 -0.820610
v -7.017817 -0.001696 -0.962239
v -7.001907 0.207277 -1.025363
v -5.662155 -1.719567 -4.276160
v -5.700257 -0.860390 -4.238606
v -5.596487 -0.001696 -4.342233
v -5.551148 0.207277 -4.388944
v -2.765487 -1.719566 -6.534341
v -2.817262 -0.860390 -6.520870
v -2.675583 -0.001695 -6.558728
v -2.612964 0.207280 -6.576510
v 2.200000 -1.720000 -3.810512
v 2.187710 1.720000 -3.189154
v 3.810512 -1.720000 -2.200000
v 3.189154 1.720000 -2.187710
v 2.200000 0.860000 -3.810512
v 2.200000 0.000000 -3.810512
v 2.200000 -0.860000 -3.810512
v 3.810512 0.860000 -2.200000
v 3.810512 0.000000 -2.200000
v 3.810512 -0.860000 -2.200000
v 2.855339 1.720000 -2.521525
v 2.521525 1.720000 -2.855339
v 2.736837 0.860000 -3.273674
v 3.273674 0.860000 -2.736837
v 3.433523 1.720000 -1.275712
v 3.311338 1.720000 -1.731711
v 4.007008 0.860000 -1.466667
v 4.203504 0.860000 -0.733333
v 1.731711 1.720000 -3.311338
v 1.275712 1.720000 -3.433523
v 0.733333 0.860000 -4.203504
v 1.466667 0.860000 -4.007008
v 2.200000 0.213757 -3.810512
v 3.810512 0.213757 -2.200000
v 3.791411 0.213757 -4.515881
v 4.517314 0.213757 -3.789978
v 5.541399 0.213757 -2.015162
v 5.807097 0.213757 -1.023560
v 1.025518 0.213756 -5.806573
v 2.017121 0.213757 -5.540874
v 5.929431 -1.720000 -0.567004
v 5.943377 -0.860000 -0.514959
v 5.905346 -0.000000 -0.656892
v 4.301752 0.860000 -0.366667
v 3.494615 1.720000 -1.047712
v 5.887914 0.213757 -0.721950
v 3.250246 1.720000 -1.959710
v 5.418540 -1.720000 -2.473674
v 5.404805 -0.860000 -2.524937
v 5.443150 -0.000000 -2.381830
v 3.908760 0.860000 -1.833333
v 5.460320 0.213756 -2.317751
v 4.851534 -1.720000 -3.455757
v 4.889634 -0.860000 -3.417658
v 4.785733 0.000000 -3.521559
v 3.542093 0.860000 -2.468419
v 3.022247 1.720000 -2.354617
v 4.738108 0.213757 -3.569184
v 2.354617 1.720000 -3.022246
v 3.455757 -1.720000 -4.851534
v 3.418231 -0.860000 -4.889061
v 3.522992 0.000000 -4.784299
v 2.468419 0.860000 -3.542093
v 3.569901 0.213757 -4.737391
v 2.473674 -1.720000 -5.418541
v 2.525719 -0.860000 -5.404595
v 2.383787 0.000001 -5.442626
v 1.833333 0.860000 -3.908760
v 1.959710 1.720000 -3.250246
v 2.318731 0.213759 -5.460057
v 1.047712 1.720000 -3.494615
v 0.567003 -1.720001 -5.929431
v 0.515741 -0.860000 -5.943167
v 0.658849 -0.000001 -5.904821
v 0.366667 0.860000 -4.301752
v 0.722928 0.213755 -5.887652
v 2.315131 1.720000 -2.315131
v 2.017499 2.055931 -2.017499
v 2.688432 1.720000 -2.688432
v 4.383734 -1.720000 -5.564774
v 7.011104 -1.720001 -1.014032
v 6.578811 -1.720000 -2.627373
v 5.564776 -1.720001 -4.383732
v 4.276366 -1.720000 -5.672141
v 4.238840 -0.860000 -5.709669
v 4.308681 -0.860000 -5.639827
v 4.343601 -0.000000 -5.604907
v 4.518203 -0.000001 -5.430305
v 5.433173 0.000000 -4.515336
v 4.612020 0.213756 -5.336489
v 5.337922 0.213757 -4.610586
v 5.640976 -0.860000 -4.307532
v 6.539512 -1.720000 -2.774040
v 6.525776 -0.860000 -2.825301
v 6.551340 -0.860000 -2.729897
v 6.564121 -0.000001 -2.682194
v 6.628031 -0.000001 -2.443682
v 6.962934 0.000000 -1.193808
v 6.662371 0.213756 -2.315526
v 6.928069 0.213757 -1.323923
v 7.038996 -0.860000 -0.909942
v 0.867362 -1.720001 -7.050404
v 1.014029 -1.720001 -7.011106
v 0.816102 -0.860000 -7.064139
v 0.911506 -0.860000 -7.038576
v 0.959212 -0.000002 -7.025793
v 1.197725 -0.000003 -6.961884
v 2.447598 0.000001 -6.626982
v 1.325881 0.213754 -6.927545
v 2.317484 0.213757 -6.661846
v 2.731460 -0.860000 -6.550920
v 2.627369 -1.720000 -6.578812
v 1.023292 0.213751 -7.008624
v 6.581291 0.213754 -2.618116
v 4.390509 0.213756 -5.558000
v 7.050403 -1.720001 -0.867365
v 7.064349 -0.860000 -0.815320
v 7.026318 0.000000 -0.957254
v 7.008885 0.213758 -1.022313
v 5.672143 -1.720001 -4.276365
v 5.710243 -0.860000 -4.238265
v 5.606342 0.000000 -4.342166
v 5.558717 0.213757 -4.389791
v 2.774035 -1.720000 -6.539513
v 2.826081 -0.860000 -6.525567
v 2.684151 0.000001 -6.563598
v 2.619095 0.213761 -6.581028
v 0.009427 -1.719693 -4.396678
v 2.195021 -1.719071 -3.801890
v 2.184730 1.711620 -3.184582
v 3.801888 -1.719071 -2.195023
v 3.184582 1.711620 -2.184730
v 4.396680 -1.719688 -0.009428
v 0.009379 -0.860273 -4.396542
v 0.009146 -0.001184 -4.396132
v 0.003604 0.853770 -4.393057
v 2.196157 0.854033 -3.803467
v 2.195219 -0.002939 -3.802235
v 2.195013 -0.860780 -3.801880
v 3.803467 0.854033 -2.196158
v 3.802233 -0.002939 -2.195223
v 3.801877 -0.860780 -2.195018
v 4.393059 0.853769 -0.003606
v 4.396141 -0.001192 -0.009148
v 4.396547 -0.860268 -0.009381
v 2.851672 1.711450 -2.517857
v 2.517857 1.711450 -2.851672
v 2.732098 0.852579 -3.268935
v 3.268935 0.852579 -2.732098
v 3.429067 1.711128 -1.274518
v 3.306882 1.711128 -1.730517
v 4.001019 0.852155 -1.465062
v 4.197515 0.852155 -0.731728
v 1.730517 1.711128 -3.306882
v 1.274518 1.711128 -3.429067
v 0.731728 0.852155 -4.197515
v 1.465062 0.852155 -4.001019
v 2.512218 2.048704 0.001640
v 2.868553 1.710542 0.000771
v -0.000771 1.710542 -2.868553
v -0.001640 2.048704 -2.512217
v 0.008117 0.210558 -4.395113
v 2.195818 0.208271 -3.803272
v 3.803270 0.208271 -2.195821
v 4.395120 0.210547 -0.008117
v 3.790080 0.203936 -4.514550
v 4.515983 0.203936 -3.788647
v 5.539581 0.203936 -2.014675
v 5.805279 0.203936 -1.023073
v 1.025031 0.203935 -5.804755
v 2.016634 0.203936 -5.539056
v 5.926478 -1.719531 -0.576546
v 5.940352 -0.860401 -0.524482
v 5.902140 -0.001780 -0.666195
v 4.295152 0.852546 -0.367602
v 3.490064 1.711153 -1.046700
v 5.884469 0.206277 -0.727623
v 3.245790 1.711128 -1.958516
v 5.420753 -1.719538 -2.463933
v 5.406944 -0.860409 -2.515177
v 5.445022 -0.001769 -2.372167
v 3.902964 0.852815 -1.829489
v 5.460171 0.206288 -2.311103
v 4.844205 -1.719531 -3.462544
v 4.882253 -0.860401 -3.424393
v 4.778305 -0.001780 -3.528013
v 3.535481 0.853326 -2.464991
v 3.018579 1.711450 -2.350950
v 4.732288 0.206277 -3.572375
v 2.350950 1.711450 -3.018579
v 3.462544 -1.719538 -4.844204
v 3.424963 -0.860409 -4.881679
v 3.529444 -0.001769 -4.776867
v 2.464991 0.853327 -3.535480
v 3.573096 0.206288 -4.731559
v 2.463933 -1.719531 -5.420754
v 2.515960 -0.860401 -5.406738
v 2.374127 -0.001779 -5.444501
v 1.829490 0.852814 -3.902965
v 1.958516 1.711128 -3.245790
v 2.312095 0.206279 -5.459911
v 1.046700 1.711153 -3.490064
v 0.576546 -1.719538 -5.926476
v 0.525263 -0.860409 -5.940140
v 0.668153 -0.001769 -5.901611
v 0.367602 0.852547 -4.295151
v 0.728611 0.206286 -5.884200
v 2.313545 1.710255 -2.313545
v 2.013024 2.048188 -2.013023
v 2.684764 1.711450 -2.684764
v 4.376663 -1.720000 -5.557703
v 7.001445 -1.720001 -1.011444
v 6.569152 -1.720000 -2.624785
v 5.557705 -1.720001 -4.376661
v 4.276165 -1.719573 -5.662152
v 4.239182 -0.860398 -5.699682
v 4.301610 -0.860000 -5.632756
v 4.343661 -0.001685 -5.595050
v 4.511132 -0.000001 -5.423234
v 5.426102 0.000000 -4.508265
v 4.607019 0.206685 -5.331489
v 5.332922 0.206686 -4.605586
v 5.633905 -0.860000 -4.300461
v 6.534343 -1.719573 -2.765490
v 6.521079 -0.860398 -2.816482
v 6.541680 -0.860000 -2.727309
v 6.559245 -0.001685 -2.673628
v 6.618371 -0.000001 -2.441094
v 6.953274 0.000000 -1.191220
v 6.655540 0.206684 -2.313696
v 6.921239 0.206686 -1.322093
v 7.029336 -0.860000 -0.907354
v 0.872182 -1.719574 -7.041653
v 1.011441 -1.720001 -7.001446
v 0.821391 -0.860398 -7.055662
v 0.908918 -0.860000 -7.028917
v 0.964193 -0.001687 -7.017287
v 1.195136 -0.000003 -6.952225
v 2.445010 0.000001 -6.617322
v 1.324051 0.206683 -6.920715
v 2.315654 0.206686 -6.655015
v 2.728872 -0.860000 -6.541261
v 2.624781 -1.720000 -6.569153
v 1.026358 0.207279 -7.001644
v 6.576779 0.207283 -2.611971
v 4.389674 0.207285 -5.550422
v 7.041650 -1.719567 -0.872182
v 7.055871 -0.860390 -0.820610
v 7.017817 -0.001696 -0.962239
v 7.001907 0.207277 -1.025363
v 5.662155 -1.719567 -4.276160
v 5.700257 -0.860390 -4.238606
v 5.596487 -0.001696 -4.342233
v 5.551148 0.207277 -4.388944
v 2.765487 -1.719566 -6.534341
v 2.817262 -0.860390 -6.520870
v 2.675583 -0.001695 -6.558728
v 2.612964 0.207280 -6.576510
v -0.000000 -1.702787 -4.410184
v -0.000000 1.701509 -3.548085
v 2.198520 -1.700221 -3.807940
v 2.181749 1.703241 -3.180010
v 3.807945 -1.700221 -2.198513
v 3.180010 1.703241 -2.181749
v 4.410185 -1.702788 -0.000000
v 3.548086 1.701509 0.000000
v 0.000000 -0.860918 -4.419979
v -0.000000 -0.004345 -4.419522
v -0.000000 0.843647 -4.388486
v 2.192313 0.848067 -3.796423
v 2.190437 -0.005878 -3.793959
v 2.190025 -0.861561 -3.793247
v 3.796421 0.848067 -2.192316
v 3.793953 -0.005878 -2.190446
v 3.793241 -0.861561 -2.190036
v 4.388493 0.843642 0.000000
v 4.419518 -0.004364 0.000000
v 4.419980 -0.860898 0.000000
v 2.848005 1.702900 -2.514190
v 2.514190 1.702900 -2.848005
v 2.727358 0.845158 -3.264195
v 3.264195 0.845158 -2.727358
v 3.424611 1.702255 -1.273324
v 3.302426 1.702255 -1.729323
v 3.995029 0.844309 -1.463457
v 4.191525 0.844309 -0.730124
v 1.729323 1.702255 -3.302426
v 1.273324 1.702255 -3.424611
v 0.730124 0.844309 -4.191525
v 1.463457 0.844309 -3.995029
v 2.517808 2.035963 -0.000000
v 2.864884 1.701200 -0.000000
v 0.000000 1.701200 -2.864884
v 0.000000 2.035963 -2.517808
v 0.000000 0.199359 -4.413881
v 2.191637 0.202785 -3.796032
v 3.796029 0.202785 -2.191641
v 4.413877 0.199354 0.000000
v 3.788749 0.194114 -4.513219
v 4.514652 0.194114 -3.787316
v 5.537763 0.194114 -2.014188
v 5.803461 0.194114 -1.022586
v 1.024544 0.194114 -5.802937
v 2.016146 0.194115 -5.537238
v 5.925519 -1.705003 -0.579644
v 5.937327 -0.860802 -0.534005
v 5.898934 -0.003560 -0.675499
v 4.288551 0.845092 -0.368537
v 3.485513 1.702307 -1.045687
v 5.881024 0.198797 -0.733297
v 3.241334 1.702255 -1.957322
v 5.421446 -1.704795 -2.461011
v 5.409084 -0.860819 -2.505417
v 5.446893 -0.003537 -2.362504
v 3.897168 0.845629 -1.825645
v 5.460022 0.198819 -2.304455
v 4.842030 -1.704786 -3.464599
v 4.874872 -0.860802 -3.431128
v 4.770876 -0.003560 -3.534467
v 3.528869 0.846653 -2.461564
v 3.014912 1.702900 -2.347282
v 4.726468 0.198797 -3.575566
v 2.347282 1.702900 -3.014911
v 3.464605 -1.704795 -4.842021
v 3.431696 -0.860819 -4.874296
v 3.535897 -0.003537 -4.769434
v 2.461564 0.846655 -3.528868
v 3.576291 0.198820 -4.725728
v 2.461021 -1.704786 -5.421446
v 2.506200 -0.860802 -5.408880
v 2.364467 -0.003559 -5.446377
v 1.825646 0.845627 -3.897170
v 1.957322 1.702255 -3.241334
v 2.305459 0.198799 -5.459764
v 1.045687 1.702307 -3.485513
v 0.579653 -1.705012 -5.925515
v 0.534785 -0.860819 -5.937112
v 0.677457 -0.003538 -5.898400
v 0.368537 0.845094 -4.288549
v 0.734294 0.198817 -5.880746
v 2.311958 1.700510 -2.311958
v 2.015272 2.036180 -2.015271
v 2.681097 1.702900 -2.681097
v 4.367036 -1.709023 -5.565610
v 7.003487 -1.709033 -0.999142
v 6.564768 -1.709024 -2.636446
v 5.565625 -1.709033 -4.367029
v 4.275944 -1.707991 -5.656153
v 4.239524 -0.860797 -5.689696
v 4.288795 -0.858648 -5.638174
v 4.343721 -0.003370 -5.585193
v 4.501850 0.008210 -5.422233
v 5.425098 0.008195 -4.498975
v 4.602019 0.199614 -5.326488
v 5.327922 0.199615 -4.600586
v 5.639328 -0.858676 -4.287644
v 6.531152 -1.707991 -2.760405
v 6.516382 -0.860796 -2.807663
v 6.533291 -0.858647 -2.738408
v 6.554368 -0.003370 -2.665061
v 6.609832 0.008209 -2.444868
v 6.947761 0.008194 -1.183677
v 6.648710 0.199613 -2.311866
v 6.914409 0.199614 -1.320263
v 7.027624 -0.858676 -0.893543
v 0.874991 -1.707992 -7.036347
v 0.999151 -1.709024 -7.003480
v 0.826681 -0.860797 -7.047185
v 0.895112 -0.858648 -7.027201
v 0.969173 -0.003371 -7.008780
v 1.187598 0.008208 -6.946717
v 2.448786 0.008195 -6.608776
v 1.322221 0.199612 -6.913885
v 2.313824 0.199615 -6.648185
v 2.739976 -0.858676 -6.532873
v 2.636455 -1.709033 -6.564771
v 1.029424 0.200807 -6.994664
v 6.572268 0.200811 -2.605827
v 4.388839 0.200813 -5.542844
v 7.036347 -1.707985 -0.874985
v 7.047393 -0.860780 -0.825899
v 7.009315 -0.003392 -0.967225
v 6.994928 0.200797 -1.028414
v 5.656161 -1.707985 -4.275936
v 5.690270 -0.860780 -4.238948
v 5.586632 -0.003392 -4.342299
v 5.543579 0.200797 -4.388096
v 2.760409 -1.707984 -6.531150
v 2.808442 -0.860780 -6.516172
v 2.667015 -0.003391 -6.553858
v 2.606833 0.200800 -6.571991
v 0.002187 -1.708505 -4.411592
v -0.000000 1.728659 -3.560783
v 2.203636 -1.708902 -3.816802
v 2.190691 1.728385 -3.193715
v 3.816805 -1.708902 -2.203629
v 3.193715 1.728385 -2.190691
v 4.411594 -1.708507 -0.002179
v 3.560784 1.728659 0.000000
v 0.001093 -0.859883 -4.414740
v 0.001872 0.000492 -4.414688
v 0.013052 0.861884 -4.408707
v 2.203845 0.865951 -3.817569
v 2.204808 0.002764 -3.818834
v 2.204988 -0.859239 -3.819145
v 3.817569 0.865951 -2.203844
v 3.818837 0.002764 -2.204803
v 3.819149 -0.859239 -2.204983
v 4.408711 0.861884 -0.013049
v 4.414690 0.000496 -0.001861
v 4.414741 -0.859885 -0.001084
v 2.859002 1.728550 -2.525195
v 2.525195 1.728550 -2.859002
v 2.741594 0.867418 -3.278402
v 3.278403 0.867418 -2.741594
v 3.437977 1.728873 -1.276905
v 3.315792 1.728874 -1.732902
v 4.013005 0.867843 -1.468253
v 4.209494 0.867841 -0.734961
v 1.732902 1.728874 -3.315792
v 1.276906 1.728873 -3.437977
v 0.734961 0.867841 -4.209493
v 1.468253 0.867843 -4.013005
v 2.526552 2.049470 -0.012286
v 2.872942 1.724504 -0.012861
v 0.012861 1.724504 -2.872942
v 0.012286 2.049470 -2.526552
v 0.004561 0.215189 -4.414241
v 2.204215 0.219141 -3.817809
v 3.817811 0.219141 -2.204212
v 4.414243 0.215195 -0.004549
v 3.792760 0.223582 -4.517165
v 4.518599 0.223582 -3.791327
v 5.543208 0.223582 -2.015601
v 5.808883 0.223582 -1.024084
v 1.026042 0.223581 -5.808359
v 2.017559 0.223583 -5.542683
v 5.930888 -1.706272 -0.562237
v 5.946378 -0.859599 -0.505428
v 5.908528 0.001727 -0.647570
v 4.308362 0.867447 -0.365742
v 3.499162 1.728848 -1.048728
v 5.891353 0.221231 -0.716266
v 3.254708 1.728868 -1.960909
v 5.417428 -1.706513 -2.478742
v 5.402680 -0.859589 -2.534700
v 5.441285 0.001717 -2.391503
v 3.914567 0.867177 -1.837178
v 5.460485 0.221223 -2.324401
v 4.855373 -1.706516 -3.452253
v 4.897026 -0.859598 -3.410934
v 4.793173 0.001729 -3.515105
v 3.548708 0.866662 -2.471862
v 3.025913 1.728549 -2.358288
v 4.743937 0.221235 -3.566007
v 2.358288 1.728549 -3.025913
v 3.452260 -1.706513 -4.855367
v 3.411510 -0.859590 -4.896454
v 3.516540 0.001717 -4.791744
v 2.471862 0.866661 -3.548709
v 3.566719 0.221224 -4.743233
v 2.478750 -1.706516 -5.417426
v 2.535482 -0.859598 -5.402469
v 2.393458 0.001729 -5.440757
v 1.837177 0.867178 -3.914566
v 1.960910 1.728868 -3.254708
v 2.325368 0.221237 -5.460220
v 1.048728 1.728848 -3.499161
v 0.562245 -1.706269 -5.930885
v 0.506212 -0.859590 -5.946171
v 0.649527 0.001715 -5.908008
v 0.365741 0.867446 -4.308362
v 0.717234 0.221217 -5.891100
v 2.316698 1.729751 -2.316698
v 2.027104 2.050058 -2.027104
v 2.692098 1.728550 -2.692098
v 4.376463 -1.709207 -5.574540
v 7.015930 -1.709219 -1.002844
v 6.577397 -1.709207 -2.639466
v 5.574549 -1.709219 -4.376457
v 4.276279 -1.701751 -5.671229
v 4.238683 -0.859608 -5.719660
v 4.303516 -0.858657 -5.652620
v 4.343645 0.001563 -5.614785
v 4.519364 0.008071 -5.439577
v 5.442451 0.008055 -4.516500
v 4.617125 0.220747 -5.341496
v 5.342929 0.220748 -4.615691
v 5.653770 -0.858685 -4.302365
v 6.538980 -1.701752 -2.773293
v 6.530637 -0.859607 -2.834033
v 6.553263 -0.858657 -2.743558
v 6.569099 0.001563 -2.690726
v 6.633672 0.008070 -2.451131
v 6.971551 0.008055 -1.190178
v 6.669295 0.220747 -2.317310
v 6.934958 0.220748 -1.325840
v 7.047492 -0.858685 -0.899069
v 0.867743 -1.701753 -7.049571
v 1.002849 -1.709208 -7.015927
v 0.810971 -0.859608 -7.072715
v 0.900637 -0.858657 -7.047072
v 0.954312 0.001561 -7.034369
v 1.194095 0.008068 -6.970494
v 2.455051 0.008056 -6.632629
v 1.327799 0.220745 -6.934434
v 2.319268 0.220748 -6.668770
v 2.745125 -0.858685 -6.552842
v 2.639470 -1.709218 -6.577397
v 1.020273 0.220152 -7.015688
v 6.585899 0.220156 -2.624264
v 4.391426 0.220158 -5.565628
v 7.049577 -1.701751 -0.867739
v 7.072925 -0.859616 -0.810190
v 7.034890 0.001576 -0.952350
v 7.015949 0.220168 -1.019309
v 5.671242 -1.701751 -4.276276
v 5.720236 -0.859616 -4.238110
v 5.616218 0.001576 -4.342205
v 5.566336 0.220168 -4.390722
v 2.773299 -1.701750 -6.538985
v 2.834812 -0.859616 -6.530429
v 2.692683 0.001577 -6.568570
v 2.625228 0.220171 -6.585644
v -2.198520 -1.700221 -3.807940
v -2.181749 1.703241 -3.180010
v -3.807945 -1.700221 -2.198513
v -3.180010 1.703241 -2.181749
v -4.410185 -1.702788 0.000000
v -3.548086 1.701509 -0.000000
v -2.192313 0.848067 -3.796423
v -2.190437 -0.005878 -3.793959
v -2.190025 -0.861561 -3.793247
v -3.796421 0.848067 -2.192316
v -3.793953 -0.005878 -2.190446
v -3.793241 -0.861561 -2.190036
v -4.388493 0.843642 -0.000000
v -4.419518 -0.004364 -0.000000
v -4.419980 -0.860898 -0.000000
v -2.848005 1.702900 -2.514190
v -2.514190 1.702900 -2.848005
v -2.727358 0.845158 -3.264195
v -3.264195 0.845158 -2.727358
v -3.424611 1.702255 -1.273324
v -3.302426 1.702255 -1.729323
v -3.995029 0.844309 -1.463457
v -4.191525 0.844309 -0.730124
v -1.729323 1.702255 -3.302426
v -1.273324 1.702255 -3.424611
v -0.730124 0.844309 -4.191525
v -1.463457 0.844309 -3.995029
v -2.517808 2.035963 0.000000
v -2.864884 1.701200 0.000000
v -2.191637 0.202785 -3.796032
v -3.796029 0.202785 -2.191641
v -4.413877 0.199354 -0.000000
v -3.788749 0.194114 -4.513219
v -4.514652 0.194114 -3.787316
v -5.537763 0.194114 -2.014188
v -5.803461 0.194114 -1.022586
v -1.024544 0.194114 -5.802937
v -2.016146 0.194115 -5.537238
v -5.925519 -1.705003 -0.579644
v -5.937327 -0.860802 -0.534005
v -5.898934 -0.003560 -0.675499
v -4.288551 0.845092 -0.368537
v -3.485513 1.702307 -1.045687
v -5.881024 0.198797 -0.733297
v -3.241334 1.702255 -1.957322
v -5.421446 -1.704795 -2.461011
v -5.409084 -0.860819 -2.505417
v -5.446893 -0.003537 -2.362504
v -3.897168 0.845629 -1.825645
v -5.460022 0.198819 -2.304455
v -4.842030 -1.704786 -3.464599
v -4.874872 -0.860802 -3.431128
v -4.770876 -0.003560 -3.534467
v -3.528869 0.846653 -2.461564
v -3.014912 1.702900 -2.347282
v -4.726468 0.198797 -3.575566
v -2.347282 1.702900 -3.014911
v -3.464605 -1.704795 -4.842021
v -3.431696 -0.860819 -4.874296
v -3.535897 -0.003537 -4.769434
v -2.461564 0.846655 -3.528868
v -3.576291 0.198820 -4.725728
v -2.461021 -1.704786 -5.421446
v -2.506200 -0.860802 -5.408880
v -2.364467 -0.003559 -5.446377
v -1.825646 0.845627 -3.897170
v -1.957322 1.702255 -3.241334
v -2.305459 0.198799 -5.459764
v -1.045687 1.702307 -3.485513
v -0.579653 -1.705012 -5.925515
v -0.534785 -0.860819 -5.937112
v -0.677457 -0.003538 -5.898400
v -0.368537 0.845094 -4.288549
v -0.734294 0.198817 -5.880746
v -2.311958 1.700510 -2.311958
v -2.015272 2.036180 -2.015271
v -2.681097 1.702900 -2.681097
v -4.367036 -1.709023 -5.565610
v -7.003487 -1.709033 -0.999142
v -6.564768 -1.709024 -2.636446
v -5.565625 -1.709033 -4.367029
v -4.275944 -1.707991 -5.656153
v -4.239524 -0.860797 -5.689696
v -4.288795 -0.858648 -5.638174
v -4.343721 -0.003370 -5.585193
v -4.501850 0.008210 -5.422233
v -5.425098 0.008195 -4.498975
v -4.602019 0.199614 -5.326488
v -5.327922 0.199615 -4.600586
v -5.639328 -0.858676 -4.287644
v -6.531152 -1.707991 -2.760405
v -6.516382 -0.860796 -2.807663
v -6.533291 -0.858647 -2.738408
v -6.554368 -0.003370 -2.665061
v -6.609832 0.008209 -2.444868
v -6.947761 0.008194 -1.183677
v -6.648710 0.199613 -2.311866
v -6.914409 0.199614 -1.320263
v -7.027624 -0.858676 -0.893543
v -0.874991 -1.707992 -7.036347
v -0.999151 -1.709024 -7.003480
v -0.826681 -0.860797 -7.047185
v -0.895112 -0.858648 -7.027201
v -0.969173 -0.003371 -7.008780
v -1.187598 0.008207 -6.946717
v -2.448786 0.008195 -6.608776
v -1.322221 0.199612 -6.913885
v -2.313824 0.199615 -6.648185
v -2.739976 -0.858676 -6.532873
v -2.636455 -1.709032 -6.564771
v -1.029423 0.200807 -6.994664
v -6.572268 0.200811 -2.605827
v -4.388839 0.200813 -5.542844
v -7.036347 -1.707985 -0.874985
v -7.047393 -0.860780 -0.825899
v -7.009315 -0.003392 -0.967225
v -6.994928 0.200797 -1.028414
v -5.656161 -1.707985 -4.275936
v -5.690270 -0.860780 -4.238948
v -5.586632 -0.003392 -4.342299
v -5.543579 0.200797 -4.388096
v -2.760409 -1.707984 -6.531150
v -2.808442 -0.860780 -6.516172
v -2.667015 -0.003391 -6.553858
v -2.606833 0.200800 -6.571991
v -0.002187 -1.708505 -4.411592
v -2.203636 -1.708902 -3.816802
v -2.190691 1.728385 -3.193715
v -3.816805 -1.708902 -2.203629
v -3.193715 1.728385 -2.190691
v -4.411594 -1.708507 -0.002179
v -3.560784 1.728659 -0.000000
v -0.001093 -0.859883 -4.414740
v -0.001872 0.000492 -4.414688
v -0.013052 0.861884 -4.408707
v -2.203845 0.865951 -3.817569
v -2.204808 0.002764 -3.818834
v -2.204988 -0.859239 -3.819145
v -3.817569 0.865951 -2.203844
v -3.818837 0.002764 -2.204803
v -3.819149 -0.859239 -2.204983
v -4.408711 0.861884 -0.013049
v -4.414690 0.000496 -0.001861
v -4.414741 -0.859885 -0.001084
v -2.859002 1.728550 -2.525195
v -2.525195 1.728550 -2.859002
v -2.741594 0.867418 -3.278402
v -3.278403 0.867418 -2.741594
v -3.437977 1.728873 -1.276905
v -3.315792 1.728874 -1.732902
v -4.013005 0.867843 -1.468253
v -4.209494 0.867841 -0.734961
v -1.732902 1.728874 -3.315792
v -1.276906 1.728873 -3.437977
v -0.734961 0.867841 -4.209493
v -1.468253 0.867843 -4.013005
v -2.526552 2.049470 -0.012286
v -2.872942 1.724504 -0.012861
v -0.012861 1.724504 -2.872942
v -0.012286 2.049470 -2.526552
v -0.004561 0.215189 -4.414241
v -2.204215 0.219141 -3.817809
v -3.817811 0.219141 -2.204212
v -4.414243 0.215195 -0.004549
v -3.792760 0.223582 -4.517165
v -4.518599 0.223582 -3.791327
v -5.543208 0.223582 -2.015601
v -5.808883 0.223582 -1.024084
v -1.026042 0.223581 -5.808359
v -2.017559 0.223583 -5.542683
v -5.930888 -1.706272 -0.562237
v -5.946378 -0.859599 -0.505428
v -5.908528 0.001727 -0.647570
v -4.308362 0.867447 -0.365742
v -3.499162 1.728848 -1.048728
v -5.891353 0.221231 -0.716266
v -3.254708 1.728868 -1.960909
v -5.417428 -1.706513 -2.478742
v -5.402680 -0.859589 -2.534700
v -5.441285 0.001717 -2.391503
v -3.914567 0.867177 -1.837178
v -5.460485 0.221223 -2.324401
v -4.855373 -1.706516 -3.452253
v -4.897026 -0.859598 -3.410934
v -4.793173 0.001729 -3.515105
v -3.548708 0.866662 -2.471862
v -3.025913 1.728549 -2.358288
v -4.743937 0.221235 -3.566007
v -2.358288 1.728549 -3.025913
v -3.452260 -1.706513 -4.855367
v -3.411510 -0.859590 -4.896454
v -3.516540 0.001717 -4.791744
v -2.471862 0.866661 -3.548709
v -3.566719 0.221224 -4.743233
v -2.478750 -1.706516 -5.417426
v -2.535482 -0.859598 -5.402469
v -2.393458 0.001729 -5.440757
v -1.837177 0.867178 -3.914566
v -1.960910 1.728868 -3.254708
v -2.325368 0.221237 -5.460220
v -1.048728 1.728848 -3.499161
v -0.562245 -1.706269 -5.930885
v -0.506212 -0.859590 -5.946171
v -0.649527 0.001715 -5.908008
v -0.365741 0.867446 -4.308362
v -0.717234 0.221217 -5.891100
v -2.316698 1.729751 -2.316698
v -2.027104 2.050058 -2.027103
v -2.692098 1.728550 -2.692098
v -4.376463 -1.709207 -5.574540
v -7.015930 -1.709219 -1.002844
v -6.577397 -1.709207 -2.639466
v -5.574549 -1.709219 -4.376457
v -4.276279 -1.701751 -5.671229
v -4.238683 -0.859608 -5.719660
v -4.303516 -0.858657 -5.652620
v -4.343645 0.001563 -5.614785
v -4.519364 0.008071 -5.439577
v -5.442451 0.008055 -4.516500
v -4.617125 0.220747 -5.341496
v -5.342929 0.220748 -4.615691
v -5.653770 -0.858685 -4.302365
v -6.538981 -1.701752 -2.773293
v -6.530637 -0.859607 -2.834033
v -6.553263 -0.858657 -2.743558
v -6.569099 0.001563 -2.690726
v -6.633672 0.008070 -2.451131
v -6.971551 0.008055 -1.190178
v -6.669295 0.220747 -2.317310
v -6.934958 0.220748 -1.325840
v -7.047492 -0.858685 -0.899069
v -0.867743 -1.701753 -7.049571
v -1.002849 -1.709208 -7.015927
v -0.810971 -0.859608 -7.072715
v -0.900637 -0.858657 -7.047072
v -0.954312 0.001561 -7.034369
v -1.194095 0.008068 -6.970494
v -2.455051 0.008056 -6.632629
v -1.327799 0.220745 -6.934434
v -2.319268 0.220748 -6.668770
v -2.745125 -0.858685 -6.552842
v -2.639470 -1.709218 -6.577397
v -1.020273 0.220152 -7.015688
v -6.585899 0.220156 -2.624264
v -4.391426 0.220158 -5.565628
v -7.049577 -1.701751 -0.867739
v -7.072925 -0.859616 -0.810190
v -7.034890 0.001576 -0.952350
v -7.015949 0.220168 -1.019309
v -5.671242 -1.701751 -4.276276
v -5.720236 -0.859616 -4.238110
v -5.616218 0.001576 -4.342205
v -5.566336 0.220168 -4.390722
v -2.773299 -1.701750 -6.538985
v -2.834812 -0.859616 -6.530429
v -2.692683 0.001577 -6.568570
v -2.625228 0.220171 -6.585644
v 0.000000 -1.702787 4.410184
v 0.000000 1.701509 3.548085
v 2.198520 -1.700221 3.807940
v 2.181749 1.703241 3.180010
v 3.807945 -1.700221 2.198513
v 3.180010 1.703241 2.181749
v 0.000000 -0.860918 4.419979
v -0.000000 -0.004345 4.419522
v 0.000000 0.843647 4.388486
v 2.192313 0.848067 3.796423
v 2.190437 -0.005878 3.793959
v 2.190025 -0.861561 3.793247
v 3.796421 0.848067 2.192316
v 3.793953 -0.005878 2.190446
v 3.793241 -0.861561 2.190036
v 2.848005 1.702900 2.514190
v 2.514190 1.702900 2.848005
v 2.727358 0.845158 3.264195
v 3.264195 0.845158 2.727358
v 3.424611 1.702255 1.273324
v 3.302426 1.702255 1.729323
v 3.995029 0.844309 1.463457
v 4.191525 0.844309 0.730124
v 1.729323 1.702255 3.302426
v 1.273324 1.702255 3.424611
v 0.730124 0.844309 4.191525
v 1.463457 0.844309 3.995029
v -0.000000 1.701200 2.864884
v -0.000000 2.035963 2.517808
v 0.000000 0.199359 4.413881
v 2.191637 0.202785 3.796032
v 3.796029 0.202785 2.191641
v 3.788749 0.194114 4.513219
v 4.514652 0.194114 3.787316
v 5.537763 0.194114 2.014188
v 5.803461 0.194114 1.022586
v 1.024544 0.194114 5.802937
v 2.016146 0.194115 5.537238
v 5.925519 -1.705003 0.579644
v 5.937327 -0.860802 0.534005
v 5.898934 -0.003560 0.675499
v 4.288551 0.845092 0.368537
v 3.485513 1.702307 1.045687
v 5.881024 0.198797 0.733297
v 3.241334 1.702255 1.957322
v 5.421446 -1.704795 2.461011
v 5.409084 -0.860819 2.505417
v 5.446893 -0.003537 2.362504
v 3.897168 0.845629 1.825645
v 5.460022 0.198819 2.304455
v 4.842030 -1.704786 3.464599
v 4.874872 -0.860802 3.431128
v 4.770876 -0.003560 3.534467
v 3.528869 0.846653 2.461564
v 3.014912 1.702900 2.347282
v 4.726468 0.198797 3.575566
v 2.347282 1.702900 3.014911
v 3.464605 -1.704795 4.842021
v 3.431696 -0.860819 4.874296
v 3.535897 -0.003537 4.769434
v 2.461564 0.846655 3.528868
v 3.576291 0.198820 4.725728
v 2.461021 -1.704786 5.421446
v 2.506200 -0.860802 5.408880
v 2.364467 -0.003559 5.446377
v 1.825646 0.845627 3.897170
v 1.957322 1.702255 3.241334
v 2.305459 0.198799 5.459764
v 1.045687 1.702307 3.485513
v 0.579653 -1.705012 5.925515
v 0.534785 -0.860819 5.937112
v 0.677457 -0.003538 5.898400
v 0.368537 0.845094 4.288549
v 0.734294 0.198817 5.880746
v 2.311958 1.700510 2.311958
v 2.015272 2.036180 2.015271
v 2.681097 1.702900 2.681097
v 4.367036 -1.709023 5.565610
v 7.003487 -1.709033 0.999142
v 6.564768 -1.709024 2.636446
v 5.565625 -1.709033 4.367029
v 4.275944 -1.707991 5.656153
v 4.239524 -0.860797 5.689696
v 4.288795 -0.858648 5.638174
v 4.343721 -0.003370 5.585193
v 4.501850 0.008210 5.422233
v 5.425098 0.008195 4.498975
v 4.602019 0.199614 5.326488
v 5.327922 0.199615 4.600586
v 5.639328 -0.858676 4.287644
v 6.531152 -1.707991 2.760405
v 6.516382 -0.860796 2.807663
v 6.533291 -0.858647 2.738408
v 6.554368 -0.003370 2.665061
v 6.609832 0.008209 2.444868
v 6.947761 0.008194 1.183677
v 6.648710 0.199613 2.311866
v 6.914409 0.199614 1.320263
v 7.027624 -0.858676 0.893543
v 0.874991 -1.707992 7.036347
v 0.999151 -1.709024 7.003480
v 0.826681 -0.860797 7.047185
v 0.895112 -0.858648 7.027201
v 0.969173 -0.003371 7.008780
v 1.187598 0.008207 6.946717
v 2.448786 0.008195 6.608776
v 1.322221 0.199612 6.913885
v 2.313824 0.199615 6.648185
v 2.739976 -0.858676 6.532873
v 2.636455 -1.709032 6.564771
v 1.029423 0.200807 6.994664
v 6.572268 0.200811 2.605827
v 4.388839 0.200813 5.542844
v 7.036347 -1.707985 0.874985
v 7.047393 -0.860780 0.825899
v 7.009315 -0.003392 0.967225
v 6.994928 0.200797 1.028414
v 5.656161 -1.707985 4.275936
v 5.690270 -0.860780 4.238948
v 5.586632 -0.003392 4.342299
v 5.543579 0.200797 4.388096
v 2.760409 -1.707984 6.531150
v 2.808442 -0.860780 6.516172
v 2.667015 -0.003391 6.553858
v 2.606833 0.200800 6.571991
v 0.002187 -1.708505 4.411592
v 0.000000 1.728659 3.560783
v 2.203636 -1.708902 3.816802
v 2.190691 1.728385 3.193715
v 3.816805 -1.708902 2.203629
v 3.193715 1.728385 2.190691
v 4.411594 -1.708507 0.002179
v 0.001093 -0.859883 4.414740
v 0.001872 0.000492 4.414688
v 0.013052 0.861884 4.408707
v 2.203845 0.865951 3.817569
v 2.204808 0.002764 3.818834
v 2.204988 -0.859239 3.819145
v 3.817569 0.865951 2.203844
v 3.818837 0.002764 2.204803
v 3.819149 -0.859239 2.204983
v 4.408711 0.861884 0.013049
v 4.414690 0.000496 0.001861
v 4.414741 -0.859885 0.001084
v 2.859002 1.728550 2.525195
v 2.525195 1.728550 2.859002
v 2.741594 0.867418 3.278402
v 3.278403 0.867418 2.741594
v 3.437977 1.728873 1.276905
v 3.315792 1.728874 1.732902
v 4.013005 0.867843 1.468253
v 4.209494 0.867841 0.734961
v 1.732902 1.728874 3.315792
v 1.276906 1.728873 3.437977
v 0.734961 0.867841 4.209493
v 1.468253 0.867843 4.013005
v 2.526552 2.049470 0.012286
v 2.872942 1.724504 0.012861
v 0.012861 1.724504 2.872942
v 0.012286 2.049470 2.526552
v 0.004561 0.215189 4.414241
v 2.204215 0.219141 3.817809
v 3.817811 0.219141 2.204212
v 4.414243 0.215195 0.004549
v 3.792760 0.223582 4.517165
v 4.518599 0.223582 3.791327
v 5.543208 0.223582 2.015601
v 5.808883 0.223582 1.024084
v 1.026042 0.223581 5.808359
v 2.017559 0.223583 5.542683
v 5.930888 -1.706272 0.562237
v 5.946378 -0.859599 0.505428
v 5.908528 0.001727 0.647570
v 4.308362 0.867447 0.365742
v 3.499162 1.728848 1.048728
v 5.891353 0.221231 0.716266
v 3.254708 1.728868 1.960909
v 5.417428 -1.706513 2.478742
v 5.402680 -0.859589 2.534700
v 5.441285 0.001717 2.391503
v 3.914567 0.867177 1.837178
v 5.460485 0.221223 2.324401
v 4.855373 -1.706516 3.452253
v 4.897026 -0.859598 3.410934
v 4.793173 0.001729 3.515105
v 3.548708 0.866662 2.471862
v 3.025913 1.728549 2.358288
v 4.743937 0.221235 3.566007
v 2.358288 1.728549 3.025913
v 3.452260 -1.706513 4.855367
v 3.411510 -0.859590 4.896454
v 3.516540 0.001717 4.791744
v 2.471862 0.866661 3.548709
v 3.566719 0.221224 4.743233
v 2.478750 -1.706516 5.417426
v 2.535482 -0.859598 5.402469
v 2.393458 0.001729 5.440757
v 1.837177 0.867178 3.914566
v 1.960910 1.728868 3.254708
v 2.325368 0.221237 5.460220
v 1.048728 1.728848 3.499161
v 0.562245 -1.706269 5.930885
v 0.506212 -0.859590 5.946171
v 0.649527 0.001715 5.908008
v 0.365741 0.867446 4.308362
v 0.717234 0.221217 5.891100
v 2.316698 1.729751 2.316698
v 2.027104 2.050058 2.027103
v 2.692098 1.728550 2.692098
v 4.376463 -1.709207 5.574540
v 7.015930 -1.709219 1.002844
v 6.577397 -1.709207 2.639466
v 5.574549 -1.709219 4.376457
v 4.276279 -1.701751 5.671229
v 4.238683 -0.859608 5.719660
v 4.303516 -0.858657 5.652620
v 4.343645 0.001563 5.614785
v 4.519364 0.008071 5.439577
v 5.442451 0.008055 4.516500
v 4.617125 0.220747 5.341496
v 5.342929 0.220748 4.615691
v 5.653770 -0.858685 4.302365
v 6.538981 -1.701752 2.773293
v 6.530637 -0.859607 2.834033
v 6.553263 -0.858657 2.743558
v 6.569099 0.001563 2.690726
v 6.633672 0.008070 2.451131
v 6.971551 0.008055 1.190178
v 6.669295 0.220747 2.317310
v 6.934958 0.220748 1.325840
v 7.047492 -0.858685 0.899069
v 0.867743 -1.701753 7.049571
v 1.002849 -1.709208 7.015927
v 0.810971 -0.859608 7.072715
v 0.900637 -0.858657 7.047072
v 0.954312 0.001561 7.034369
v 1.194095 0.008068 6.970494
v 2.455051 0.008056 6.632629
v 1.327799 0.220745 6.934434
v 2.319268 0.220748 6.668770
v 2.745125 -0.858685 6.552842
v 2.639470 -1.709218 6.577397
v 1.020273 0.220152 7.015688
v 6.585899 0.220156 2.624264
v 4.391426 0.220158 5.565628
v 7.049577 -1.701751 0.867739
v 7.072925 -0.859616 0.810190
v 7.034890 0.001576 0.952350
v 7.015949 0.220168 1.019309
v 5.671242 -1.701751 4.276276
v 5.720236 -0.859616 4.238110
v 5.616218 0.001576 4.342205
v 5.566336 0.220168 4.390722
v 2.773299 -1.701750 6.538985
v 2.834812 -0.859616 6.530429
v 2.692683 0.001577 6.568570
v 2.625228 0.220171 6.585644
v -2.198520 -1.700221 3.807940
v -2.181749 1.703241 3.180010
v -3.807945 -1.700221 2.198513
v -3.180010 1.703241 2.181749
v -2.192313 0.848067 3.796423
v -2.190437 -0.005878 3.793959
v -2.190025 -0.861561 3.793247
v -3.796421 0.848067 2.192316
v -3.793953 -0.005878 2.190446
v -3.793241 -0.861561 2.190036
v -2.848005 1.702900 2.514190
v -2.514190 1.702900 2.848005
v -2.727358 0.845158 3.264195
v -3.264195 0.845158 2.727358
v -3.424611 1.702255 1.273324
v -3.302426 1.702255 1.729323
v -3.995029 0.844309 1.463457
v -4.191525 0.844309 0.730124
v -1.729323 1.702255 3.302426
v -1.273324 1.702255 3.424611
v -0.730124 0.844309 4.191525
v -1.463457 0.844309 3.995029
v -2.191637 0.202785 3.796032
v -3.796029 0.202785 2.191641
v -3.788749 0.194114 4.513219
v -4.514652 0.194114 3.787316
v -5.537763 0.194114 2.014188
v -5.803461 0.194114 1.022586
v -1.024544 0.194114 5.802937
v -2.016146 0.194115 5.537238
v -5.925519 -1.705003 0.579644
v -5.937327 -0.860802 0.534005
v -5.898934 -0.003560 0.675499
v -4.288551 0.845092 0.368537
v -3.485513 1.702307 1.045687
v -5.881024 0.198797 0.733297
v -3.241334 1.702255 1.957322
v -5.421446 -1.704795 2.461011
v -5.409084 -0.860819 2.505417
v -5.446893 -0.003537 2.362504
v -3.897168 0.845629 1.825645
v -5.460022 0.198819 2.304455
v -4.842030 -1.704786 3.464599
v -4.874872 -0.860802 3.431128
v -4.770876 -0.003560 3.534467
v -3.528869 0.846653 2.461564
v -3.014912 1.702900 2.347282
v -4.726468 0.198797 3.575566
v -2.347282 1.702900 3.014911
v -3.464605 -1.704795 4.842021
v -3.431696 -0.860819 4.874296
v -3.535897 -0.003537 4.769434
v -2.461564 0.846655 3.528868
v -3.576291 0.198820 4.725728
v -2.461021 -1.704786 5.421446
v -2.506200 -0.860802 5.408880
v -2.364467 -0.003559 5.446377
v -1.825646 0.845627 3.897170
v -1.957322 1.702255 3.241334
v -2.305459 0.198799 5.459764
v -1.045687 1.702307 3.485513
v -0.579653 -1.705012 5.925515
v -0.534785 -0.860819 5.937112
v -0.677457 -0.003538 5.898400
v -0.368537 0.845094 4.288549
v -0.734294 0.198817 5.880746
v -2.311958 1.700510 2.311958
v -2.015272 2.036180 2.015271
v -2.681097 1.702900 2.681097
v -4.367036 -1.709023 5.565610
v -7.003487 -1.709033 0.999142
v -6.564768 -1.709024 2.636446
v -5.565625 -1.709033 4.367029
v -4.275944 -1.707991 5.656153
v -4.239524 -0.860797 5.689696
v -4.288795 -0.858648 5.638174
v -4.343721 -0.003370 5.585193
v -4.501850 0.008210 5.422233
v -5.425098 0.008195 4.498975
v -4.602019 0.199614 5.326488
v -5.327922 0.199615 4.600586
v -5.639328 -0.858676 4.287644
v -6.531152 -1.707991 2.760405
v -6.516382 -0.860796 2.807663
v -6.533291 -0.858647 2.738408
v -6.554368 -0.003370 2.665061
v -6.609832 0.008209 2.444868
v -6.947761 0.008194 1.183677
v -6.648710 0.199613 2.311866
v -6.914409 0.199614 1.320263
v -7.027624 -0.858676 0.893543
v -0.874991 -1.707992 7.036347
v -0.999151 -1.709024 7.003480
v -0.826681 -0.860797 7.047185
v -0.895112 -0.858648 7.027201
v -0.969173 -0.003371 7.008780
v -1.187598 0.008208 6.946717
v -2.448786 0.008195 6.608776
v -1.322221 0.199612 6.913885
v -2.313824 0.199615 6.648185
v -2.739976 -0.858676 6.532873
v -2.636455 -1.709033 6.564771
v -1.029424 0.200807 6.994664
v -6.572268 0.200811 2.605827
v -4.388839 0.200813 5.542844
v -7.036347 -1.707985 0.874985
v -7.047393 -0.860780 0.825899
v -7.009315 -0.003392 0.967225
v -6.994928 0.200797 1.028414
v -5.656161 -1.707985 4.275936
v -5.690270 -0.860780 4.238948
v -5.586632 -0.003392 4.342299
v -5.543579 0.200797 4.388096
v -2.760409 -1.707984 6.531150
v -2.808442 -0.860780 6.516172
v -2.667015 -0.003391 6.553858
v -2.606833 0.200800 6.571991
v -0.002187 -1.708505 4.411592
v -2.203636 -1.708902 3.816802
v -2.190691 1.728385 3.193715
v -3.816805 -1.708902 2.203629
v -3.193715 1.728385 2.190691
v -4.411594 -1.708507 0.002179
v -0.001093 -0.859883 4.414740
v -0.001872 0.000492 4.414688
v -0.013052 0.861884 4.408707
v -2.203845 0.865951 3.817569
v -2.204808 0.002764 3.818834
v -2.204988 -0.859239 3.819145
v -3.817569 0.865951 2.203844
v -3.818837 0.002764 2.204803
v -3.819149 -0.859239 2.204983
v -4.408711 0.861884 0.013049
v -4.414690 0.000496 0.001861
v -4.414741 -0.859885 0.001084
v -2.859002 1.728550 2.525195
v -2.525195 1.728550 2.859002
v -2.741594 0.867418 3.278402
v -3.278403 0.867418 2.741594
v -3.437977 1.728873 1.276905
v -3.315792 1.728874 1.732902
v -4.013005 0.867843 1.468253
v -4.209494 0.867841 0.734961
v -1.732902 1.728874 3.315792
v -1.276906 1.728873 3.437977
v -0.734961 0.867841 4.209493
v -1.468253 0.867843 4.013005
v -2.526552 2.049470 0.012286
v -2.872942 1.724504 0.012861
v -0.012861 1.724504 2.872942
v -0.012286 2.049470 2.526552
v -0.004561 0.215189 4.414241
v -2.204215 0.219141 3.817809
v -3.817811 0.219141 2.204212
v -4.414243 0.215195 0.004549
v -3.792760 0.223582 4.517165
v -4.518599 0.223582 3.791327
v -5.543208 0.223582 2.015601
v -5.808883 0.223582 1.024084
v -1.026042 0.223581 5.808359
v -2.017559 0.223583 5.542683
v -5.930888 -1.706272 0.562237
v -5.946378 -0.859599 0.505428
v -5.908528 0.001727 0.647570
v -4.308362 0.867447 0.365742
v -3.499162 1.728848 1.048728
v -5.891353 0.221231 0.716266
v -3.254708 1.728868 1.960909
v -5.417428 -1.706513 2.478742
v -5.402680 -0.859589 2.534700
v -5.441285 0.001717 2.391503
v -3.914567 0.867177 1.837178
v -5.460485 0.221223 2.324401
v -4.855373 -1.706516 3.452253
v -4.897026 -0.859598 3.410934
v -4.793173 0.001729 3.515105
v -3.548708 0.866662 2.471862
v -3.025913 1.728549 2.358288
v -4.743937 0.221235 3.566007
v -2.358288 1.728549 3.025913
v -3.452260 -1.706513 4.855367
v -3.411510 -0.859590 4.896454
v -3.516540 0.001717 4.791744
v -2.471862 0.866661 3.548709
v -3.566719 0.221224 4.743233
v -2.478750 -1.706516 5.417426
v -2.535482 -0.859598 5.402469
v -2.393458 0.001729 5.440757
v -1.837177 0.867178 3.914566
v -1.960910 1.728868 3.254708
v -2.325368 0.221237 5.460220
v -1.048728 1.728848 3.499161
v -0.562245 -1.706269 5.930885
v -0.506212 -0.859590 5.946171
v -0.649527 0.001715 5.908008
v -0.365741 0.867446 4.308362
v -0.717234 0.221217 5.891100
v -2.316698 1.729751 2.316698
v -2.027104 2.050058 2.027104
v -2.692098 1.728550 2.692098
v -4.376463 -1.709207 5.574540
v -7.015930 -1.709219 1.002844
v -6.577397 -1.709207 2.639466
v -5.574549 -1.709219 4.376457
v -4.276279 -1.701751 5.671229
v -4.238683 -0.859608 5.719660
v -4.303516 -0.858657 5.652620
v -4.343645 0.001563 5.614785
v -4.519364 0.008071 5.439577
v -5.442451 0.008055 4.516500
v -4.617125 0.220747 5.341496
v -5.342929 0.220748 4.615691
v -5.653770 -0.858685 4.302365
v -6.538980 -1.701752 2.773293
v -6.530637 -0.859607 2.834033
v -6.553263 -0.858657 2.743558
v -6.569099 0.001563 2.690726
v -6.633672 0.008070 2.451131
v -6.971551 0.008055 1.190178
v -6.669295 0.220747 2.317310
v -6.934958 0.220748 1.325840
v -7.047492 -0.858685 0.899069
v -0.867743 -1.701753 7.049571
v -1.002849 -1.709208 7.015927
v -0.810971 -0.859608 7.072715
v -0.900637 -0.858657 7.047072
v -0.954312 0.001561 7.034369
v -1.194095 0.008068 6.970494
v -2.455051 0.008056 6.632629
v -1.327799 0.220745 6.934434
v -2.319268 0.220748 6.668770
v -2.745125 -0.858685 6.552842
v -2.639470 -1.709218 6.577397
v -1.020273 0.220152 7.015688
v -6.585899 0.220156 2.624264
v -4.391426 0.220158 5.565628
v -7.049577 -1.701751 0.867739
v -7.072925 -0.859616 0.810190
v -7.034890 0.001576 0.952350
v -7.015949 0.220168 1.019309
v -5.671242 -1.701751 4.276276
v -5.720236 -0.859616 4.238110
v -5.616218 0.001576 4.342205
v -5.566336 0.220168 4.390722
v -2.773299 -1.701750 6.538985
v -2.834812 -0.859616 6.530429
v -2.692683 0.001577 6.568570
v -2.625228 0.220171 6.585644
v -2.198520 -1.700221 -3.807940
v -2.181749 1.703241 -3.180010
v -3.807945 -1.700221 -2.198513
v -3.180010 1.703241 -2.181749
v -4.410185 -1.702788 0.000000
v -3.548086 1.701509 -0.000000
v -2.192313 0.848067 -3.796423
v -2.190437 -0.005878 -3.793959
v -2.190025 -0.861561 -3.793247
v -3.796421 0.848067 -2.192316
v -3.793953 -0.005878 -2.190446
v -3.793241 -0.861561 -2.190036
v -4.388493 0.843642 -0.000000
v -4.419518 -0.004364 -0.000000
v -4.419980 -0.860898 -0.000000
v -2.848005 1.702900 -2.514190
v -2.514190 1.702900 -2.848005
v -2.727358 0.845158 -3.264195
v -3.264195 0.845158 -2.727358
v -3.424611 1.702255 -1.273324
v -3.302426 1.702255 -1.729323
v -3.995029 0.844309 -1.463457
v -4.191525 0.844309 -0.730124
v -1.729323 1.702255 -3.302426
v -1.273324 1.702255 -3.424611
v -0.730124 0.844309 -4.191525
v -1.463457 0.844309 -3.995029
v -2.517808 2.035963 0.000000
v -2.864884 1.701200 0.000000
v -2.191637 0.202785 -3.796032
v -3.796029 0.202785 -2.191641
v -4.413877 0.199354 -0.000000
v -3.788749 0.194114 -4.513219
v -4.514652 0.194114 -3.787316
v -5.537763 0.194114 -2.014188
v -5.803461 0.194114 -1.022586
v -1.024544 0.194114 -5.802937
v -2.016146 0.194115 -5.537238
v -5.925519 -1.705003 -0.579644
v -5.937327 -0.860802 -0.534005
v -5.898934 -0.003560 -0.675499
v -4.288551 0.845092 -0.368537
v -3.485513 1.702307 -1.045687
v -5.881024 0.198797 -0.733297
v -3.241334 1.702255 -1.957322
v -5.421446 -1.704795 -2.461011
v -5.409084 -0.860819 -2.505417
v -5.446893 -0.003537 -2.362504
v -3.897168 0.845629 -1.825645
v -5.460022 0.198819 -2.304455
v -4.842030 -1.704786 -3.464599
v -4.874872 -0.860802 -3.431128
v -4.770876 -0.003560 -3.534467
v -3.528869 0.846653 -2.461564
v -3.014912 1.702900 -2.347282
v -4.726468 0.198797 -3.575566
v -2.347282 1.702900 -3.014911
v -3.464605 -1.704795 -4.842021
v -3.431696 -0.860819 -4.874296
v -3.535897 -0.003537 -4.769434
v -2.461564 0.846655 -3.528868
v -3.576291 0.198820 -4.725728
v -2.461021 -1.704786 -5.421446
v -2.506200 -0.860802 -5.408880
v -2.364467 -0.003559 -5.446377
v -1.825646 0.845627 -3.897170
v -1.957322 1.702255 -3.241334
v -2.305459 0.198799 -5.459764
v -1.045687 1.702307 -3.485513
v -0.579653 -1.705012 -5.925515
v -0.534785 -0.860819 -5.937112
v -0.677457 -0.003538 -5.898400
v -0.368537 0.845094 -4.288549
v -0.734294 0.198817 -5.880746
v -2.311958 1.700510 -2.311958
v -2.015272 2.036180 -2.015271
v -2.681097 1.702900 -2.681097
v -4.367036 -1.709023 -5.565610
v -7.003487 -1.709033 -0.999142
v -6.564768 -1.709024 -2.636446
v -5.565625 -1.709033 -4.367029
v -4.275944 -1.707991 -5.656153
v -4.239524 -0.860797 -5.689696
v -4.288795 -0.858648 -5.638174
v -4.343721 -0.003370 -5.585193
v -4.501850 0.008210 -5.422233
v -5.425098 0.008195 -4.498975
v -4.602019 0.199614 -5.326488
v -5.327922 0.199615 -4.600586
v -5.639328 -0.858676 -4.287644
v -6.531152 -1.707991 -2.760405
v -6.516382 -0.860796 -2.807663
v -6.533291 -0.858647 -2.738408
v -6.554368 -0.003370 -2.665061
v -6.609832 0.008209 -2.444868
v -6.947761 0.008194 -1.183677
v -6.648710 0.199613 -2.311866
v -6.914409 0.199614 -1.320263
v -7.027624 -0.858676 -0.893543
v -0.874991 -1.707992 -7.036347
v -0.999151 -1.709024 -7.003480
v -0.826681 -0.860797 -7.047185
v -0.895112 -0.858648 -7.027201
v -0.969173 -0.003371 -7.008780
v -1.187598 0.008207 -6.946717
v -2.448786 0.008195 -6.608776
v -1.322221 0.199612 -6.913885
v -2.313824 0.199615 -6.648185
v -2.739976 -0.858676 -6.532873
v -2.636455 -1.709032 -6.564771
v -1.029423 0.200807 -6.994664
v -6.572268 0.200811 -2.605827
v -4.388839 0.200813 -5.542844
v -7.036347 -1.707985 -0.874985
v -7.047393 -0.860780 -0.825899
v -7.009315 -0.003392 -0.967225
v -6.994928 0.200797 -1.028414
v -5.656161 -1.707985 -4.275936
v -5.690270 -0.860780 -4.238948
v -5.586632 -0.003392 -4.342299
v -5.543579 0.200797 -4.388096
v -2.760409 -1.707984 -6.531150
v -2.808442 -0.860780 -6.516172
v -2.667015 -0.003391 -6.553858
v -2.606833 0.200800 -6.571991
v -0.002187 -1.708505 -4.411592
v -2.203636 -1.708902 -3.816802
v -2.190691 1.728385 -3.193715
v -3.816805 -1.708902 -2.203629
v -3.193715 1.728385 -2.190691
v -4.411594 -1.708507 -0.002179
v -3.560784 1.728659 -0.000000
v -0.001093 -0.859883 -4.414740
v -0.001872 0.000492 -4.414688
v -0.013052 0.861884 -4.408707
v -2.203845 0.865951 -3.817569
v -2.204808 0.002764 -3.818834
v -2.204988 -0.859239 -3.819145
v -3.817569 0.865951 -2.203844
v -3.818837 0.002764 -2.204803
v -3.819149 -0.859239 -2.204983
v -4.408711 0.861884 -0.013049
v -4.414690 0.000496 -0.001861
v -4.414741 -0.859885 -0.001084
v -2.859002 1.728550 -2.525195
v -2.525195 1.728550 -2.859002
v -2.741594 0.867418 -3.278402
v -3.278403 0.867418 -2.741594
v -3.437977 1.728873 -1.276905
v -3.315792 1.728874 -1.732902
v -4.013005 0.867843 -1.468253
v -4.209494 0.867841 -0.734961
v -1.732902 1.728874 -3.315792
v -1.276906 1.728873 -3.437977
v -0.734961 0.867841 -4.209493
v -1.468253 0.867843 -4.013005
v -2.526552 2.049470 -0.012286
v -2.872942 1.724504 -0.012861
v -0.012861 1.724504 -2.872942
v -0.012286 2.049470 -2.526552
v -0.004561 0.215189 -4.414241
v -2.204215 0.219141 -3.817809
v -3.817811 0.219141 -2.204212
v -4.414243 0.215195 -0.004549
v -3.792760 0.223582 -4.517165
v -4.518599 0.223582 -3.791327
v -5.543208 0.223582 -2.015601
v -5.808883 0.223582 -1.024084
v -1.026042 0.223581 -5.808359
v -2.017559 0.223583 -5.542683
v -5.930888 -1.706272 -0.562237
v -5.946378 -0.859599 -0.505428
v -5.908528 0.001727 -0.647570
v -4.308362 0.867447 -0.365742
v -3.499162 1.728848 -1.048728
v -5.891353 0.221231 -0.716266
v -3.254708 1.728868 -1.960909
v -5.417428 -1.706513 -2.478742
v -5.402680 -0.859589 -2.534700
v -5.441285 0.001717 -2.391503
v -3.914567 0.867177 -1.837178
v -5.460485 0.221223 -2.324401
v -4.855373 -1.706516 -3.452253
v -4.897026 -0.859598 -3.410934
v -4.793173 0.001729 -3.515105
v -3.548708 0.866662 -2.471862
v -3.025913 1.728549 -2.358288
v -4.743937 0.221235 -3.566007
v -2.358288 1.728549 -3.025913
v -3.452260 -1.706513 -4.855367
v -3.411510 -0.859590 -4.896454
v -3.516540 0.001717 -4.791744
v -2.471862 0.866661 -3.548709
v -3.566719 0.221224 -4.743233
v -2.478750 -1.706516 -5.417426
v -2.535482 -0.859598 -5.402469
v -2.393458 0.001729 -5.440757
v -1.837177 0.867178 -3.914566
v -1.960910 1.728868 -3.254708
v -2.325368 0.221237 -5.460220
v -1.048728 1.728848 -3.499161
v -0.562245 -1.706269 -5.930885
v -0.506212 -0.859590 -5.946171
v -0.649527 0.001715 -5.908008
v -0.365741 0.867446 -4.308362
v -0.717234 0.221217 -5.891100
v -2.316698 1.729751 -2.316698
v -2.027104 2.050058 -2.027103
v -2.692098 1.728550 -2.692098
v -4.376463 -1.709207 -5.574540
v -7.015930 -1.709219 -1.002844
v -6.577397 -1.709207 -2.639466
v -5.574549 -1.709219 -4.376457
v -4.276279 -1.701751 -5.671229
v -4.238683 -0.859608 -5.719660
v -4.303516 -0.858657 -5.652620
v -4.343645 0.001563 -5.614785
v -4.519364 0.008071 -5.439577
v -5.442451 0.008055 -4.516500
v -4.617125 0.220747 -5.341496
v -5.342929 0.220748 -4.615691
v -5.653770 -0.858685 -4.302365
v -6.538981 -1.701752 -2.773293
v -6.530637 -0.859607 -2.834033
v -6.553263 -0.858657 -2.743558
v -6.569099 0.001563 -2.690726
v -6.633672 0.008070 -2.451131
v -6.971551 0.008055 -1.190178
v -6.669295 0.220747 -2.317310
v -6.934958 0.220748 -1.325840
v -7.047492 -0.858685 -0.899069
v -0.867743 -1.701753 -7.049571
v -1.002849 -1.709208 -7.015927
v -0.810971 -0.859608 -7.072715
v -0.900637 -0.858657 -7.047072
v -0.954312 0.001561 -7.034369
v -1.194095 0.008068 -6.970494
v -2.455051 0.008056 -6.632629
v -1.327799 0.220745 -6.934434
v -2.319268 0.220748 -6.668770
v -2.745125 -0.858685 -6.552842
v -2.639470 -1.709218 -6.577397
v -1.020273 0.220152 -7.015688
v -6.585899 0.220156 -2.624264
v -4.391426 0.220158 -5.565628
v -7.049577 -1.701751 -0.867739
v -7.072925 -0.859616 -0.810190
v -7.034890 0.001576 -0.952350
v -7.015949 0.220168 -1.019309
v -5.671242 -1.701751 -4.276276
v -5.720236 -0.859616 -4.238110
v -5.616218 0.001576 -4.342205
v -5.566336 0.220168 -4.390722
v -2.773299 -1.701750 -6.538985
v -2.834812 -0.859616 -6.530429
v -2.692683 0.001577 -6.568570
v -2.625228 0.220171 -6.585644
v 2.198520 -1.700221 -3.807940
v 2.181749 1.703241 -3.180010
v 3.807945 -1.700221 -2.198513
v 3.180010 1.703241 -2.181749
v 4.410185 -1.702788 -0.000000
v 3.548086 1.701509 0.000000
v 2.192313 0.848067 -3.796423
v 2.190437 -0.005878 -3.793959
v 2.190025 -0.861561 -3.793247
v 3.796421 0.848067 -2.192316
v 3.793953 -0.005878 -2.190446
v 3.793241 -0.861561 -2.190036
v 4.388493 0.843642 0.000000
v 4.419518 -0.004364 0.000000
v 4.419980 -0.860898 0.000000
v 2.848005 1.702900 -2.514190
v 2.514190 1.702900 -2.848005
v 2.727358 0.845158 -3.264195
v 3.264195 0.845158 -2.727358
v 3.424611 1.702255 -1.273324
v 3.302426 1.702255 -1.729323
v 3.995029 0.844309 -1.463457
v 4.191525 0.844309 -0.730124
v 1.729323 1.702255 -3.302426
v 1.273324 1.702255 -3.424611
v 0.730124 0.844309 -4.191525
v 1.463457 0.844309 -3.995029
v 2.517808 2.035963 -0.000000
v 2.864884 1.701200 -0.000000
v 2.191637 0.202785 -3.796032
v 3.796029 0.202785 -2.191641
v 4.413877 0.199354 0.000000
v 3.788749 0.194114 -4.513219
v 4.514652 0.194114 -3.787316
v 5.537763 0.194114 -2.014188
v 5.803461 0.194114 -1.022586
v 1.024544 0.194114 -5.802937
v 2.016146 0.194115 -5.537238
v 5.925519 -1.705003 -0.579644
v 5.937327 -0.860802 -0.534005
v 5.898934 -0.003560 -0.675499
v 4.288551 0.845092 -0.368537
v 3.485513 1.702307 -1.045687
v 5.881024 0.198797 -0.733297
v 3.241334 1.702255 -1.957322
v 5.421446 -1.704795 -2.461011
v 5.409084 -0.860819 -2.505417
v 5.446893 -0.003537 -2.362504
v 3.897168 0.845629 -1.825645
v 5.460022 0.198819 -2.304455
v 4.842030 -1.704786 -3.464599
v 4.874872 -0.860802 -3.431128
v 4.770876 -0.003560 -3.534467
v 3.528869 0.846653 -2.461564
v 3.014912 1.702900 -2.347282
v 4.726468 0.198797 -3.575566
v 2.347282 1.702900 -3.014911
v 3.464605 -1.704795 -4.842021
v 3.431696 -0.860819 -4.874296
v 3.535897 -0.003537 -4.769434
v 2.461564 0.846655 -3.528868
v 3.576291 0.198820 -4.725728
v 2.461021 -1.704786 -5.421446
v 2.506200 -0.860802 -5.408880
v 2.364467 -0.003559 -5.446377
v 1.825646 0.845627 -3.897170
v 1.957322 1.702255 -3.241334
v 2.305459 0.198799 -5.459764
v 1.045687 1.702307 -3.485513
v 0.579653 -1.705012 -5.925515
v 0.534785 -0.860819 -5.937112
v 0.677457 -0.003538 -5.898400
v 0.368537 0.845094 -4.288549
v 0.734294 0.198817 -5.880746
v 2.311958 1.700510 -2.311958
v 2.015272 2.036180 -2.015271
v 2.681097 1.702900 -2.681097
v 4.367036 -1.709023 -5.565610
v 7.003487 -1.709033 -0.999142
v 6.564768 -1.709024 -2.636446
v 5.565625 -1.709033 -4.367029
v 4.275944 -1.707991 -5.656153
v 4.239524 -0.860797 -5.689696
v 4.288795 -0.858648 -5.638174
v 4.343721 -0.003370 -5.585193
v 4.501850 0.008210 -5.422233
v 5.425098 0.008195 -4.498975
v 4.602019 0.199614 -5.326488
v 5.327922 0.199615 -4.600586
v 5.639328 -0.858676 -4.287644
v 6.531152 -1.707991 -2.760405
v 6.516382 -0.860796 -2.807663
v 6.533291 -0.858647 -2.738408
v 6.554368 -0.003370 -2.665061
v 6.609832 0.008209 -2.444868
v 6.947761 0.008194 -1.183677
v 6.648710 0.199613 -2.311866
v 6.914409 0.199614 -1.320263
v 7.027624 -0.858676 -0.893543
v 0.874991 -1.707992 -7.036347
v 0.999151 -1.709024 -7.003480
v 0.826681 -0.860797 -7.047185
v 0.895112 -0.858648 -7.027201
v 0.969173 -0.003371 -7.008780
v 1.187598 0.008208 -6.946717
v 2.448786 0.008195 -6.608776
v 1.322221 0.199612 -6.913885
v 2.313824 0.199615 -6.648185
v 2.739976 -0.858676 -6.532873
v 2.636455 -1.709033 -6.564771
v 1.029424 0.200807 -6.994664
v 6.572268 0.200811 -2.605827
v 4.388839 0.200813 -5.542844
v 7.036347 -1.707985 -0.874985
v 7.047393 -0.860780 -0.825899
v 7.009315 -0.003392 -0.967225
v 6.994928 0.200797 -1.028414
v 5.656161 -1.707985 -4.275936
v 5.690270 -0.860780 -4.238948
v 5.586632 -0.003392 -4.342299
v 5.543579 0.200797 -4.388096
v 2.760409 -1.707984 -6.531150
v 2.808442 -0.860780 -6.516172
v 2.667015 -0.003391 -6.553858
v 2.606833 0.200800 -6.571991
v 0.002187 -1.708505 -4.411592
v 2.203636 -1.708902 -3.816802
v 2.190691 1.728385 -3.193715
v 3.816805 -1.708902 -2.203629
v 3.193715 1.728385 -2.190691
v 4.411594 -1.708507 -0.002179
v 3.560784 1.728659 0.000000
v 0.001093 -0.859883 -4.414740
v 0.001872 0.000492 -4.414688
v 0.013052 0.861884 -4.408707
v 2.203845 0.865951 -3.817569
v 2.204808 0.002764 -3.818834
v 2.204988 -0.859239 -3.819145
v 3.817569 0.865951 -2.203844
v 3.818837 0.002764 -2.204803
v 3.819149 -0.859239 -2.204983
v 4.408711 0.861884 -0.013049
v 4.414690 0.000496 -0.001861
v 4.414741 -0.859885 -0.001084
v 2.859002 1.728550 -2.525195
v 2.525195 1.728550 -2.859002
v 2.741594 0.867418 -3.278402
v 3.278403 0.867418 -2.741594
v 3.437977 1.728873 -1.276905
v 3.315792 1.728874 -1.732902
v 4.013005 0.867843 -1.468253
v 4.209494 0.867841 -0.734961
v 1.732902 1.728874 -3.315792
v 1.276906 1.728873 -3.437977
v 0.734961 0.867841 -4.209493
v 1.468253 0.867843 -4.013005
v 2.526552 2.049470 -0.012286
v 2.872942 1.724504 -0.012861
v 0.012861 1.724504 -2.872942
v 0.012286 2.049470 -2.526552
v 0.004561 0.215189 -4.414241
v 2.204215 0.219141 -3.817809
v 3.817811 0.219141 -2.204212
v 4.414243 0.215195 -0.004549
v 3.792760 0.223582 -4.517165
v 4.518599 0.223582 -3.791327
v 5.543208 0.223582 -2.015601
v 5.808883 0.223582 -1.024084
v 1.026042 0.223581 -5.808359
v 2.017559 0.223583 -5.542683
v 5.930888 -1.706272 -0.562237
v 5.946378 -0.859599 -0.505428
v 5.908528 0.001727 -0.647570
v 4.308362 0.867447 -0.365742
v 3.499162 1.728848 -1.048728
v 5.891353 0.221231 -0.716266
v 3.254708 1.728868 -1.960909
v 5.417428 -1.706513 -2.478742
v 5.402680 -0.859589 -2.534700
v 5.441285 0.001717 -2.391503
v 3.914567 0.867177 -1.837178
v 5.460485 0.221223 -2.324401
v 4.855373 -1.706516 -3.452253
v 4.897026 -0.859598 -3.410934
v 4.793173 0.001729 -3.515105
v 3.548708 0.866662 -2.471862
v 3.025913 1.728549 -2.358288
v 4.743937 0.221235 -3.566007
v 2.358288 1.728549 -3.025913
v 3.452260 -1.706513 -4.855367
v 3.411510 -0.859590 -4.896454
v 3.516540 0.001717 -4.791744
v 2.471862 0.866661 -3.548709
v 3.566719 0.221224 -4.743233
v 2.478750 -1.706516 -5.417426
v 2.535482 -0.859598 -5.402469
v 2.393458 0.001729 -5.440757
v 1.837177 0.867178 -3.914566
v 1.960910 1.728868 -3.254708
v 2.325368 0.221237 -5.460220
v 1.048728 1.728848 -3.499161
v 0.562245 -1.706269 -5.930885
v 0.506212 -0.859590 -5.946171
v 0.649527 0.001715 -5.908008
v 0.365741 0.867446 -4.308362
v 0.717234 0.221217 -5.891100
v 2.316698 1.729751 -2.316698
v 2.027104 2.050058 -2.027104
v 2.692098 1.728550 -2.692098
v 4.376463 -1.709207 -5.574540
v 7.015930 -1.709219 -1.002844
v 6.577397 -1.709207 -2.639466
v 5.574549 -1.709219 -4.376457
v 4.276279 -1.701751 -5.671229
v 4.238683 -0.859608 -5.719660
v 4.303516 -0.858657 -5.652620
v 4.343645 0.001563 -5.614785
v 4.519364 0.008071 -5.439577
v 5.442451 0.008055 -4.516500
v 4.617125 0.220747 -5.341496
v 5.342929 0.220748 -4.615691
v 5.653770 -0.858685 -4.302365
v 6.538980 -1.701752 -2.773293
v 6.530637 -0.859607 -2.834033
v 6.553263 -0.858657 -2.743558
v 6.569099 0.001563 -2.690726
v 6.633672 0.008070 -2.451131
v 6.971551 0.008055 -1.190178
v 6.669295 0.220747 -2.317310
v 6.934958 0.220748 -1.325840
v 7.047492 -0.858685 -0.899069
v 0.867743 -1.701753 -7.049571
v 1.002849 -1.709208 -7.015927
v 0.810971 -0.859608 -7.072715
v 0.900637 -0.858657 -7.047072
v 0.954312 0.001561 -7.034369
v 1.194095 0.008068 -6.970494
v 2.455051 0.008056 -6.632629
v 1.327799 0.220745 -6.934434
v 2.319268 0.220748 -6.668770
v 2.745125 -0.858685 -6.552842
v 2.639470 -1.709218 -6.577397
v 1.020273 0.220152 -7.015688
v 6.585899 0.220156 -2.624264
v 4.391426 0.220158 -5.565628
v 7.049577 -1.701751 -0.867739
v 7.072925 -0.859616 -0.810190
v 7.034890 0.001576 -0.952350
v 7.015949 0.220168 -1.019309
v 5.671242 -1.701751 -4.276276
v 5.720236 -0.859616 -4.238110
v 5.616218 0.001576 -4.342205
v 5.566336 0.220168 -4.390722
v 2.773299 -1.701750 -6.538985
v 2.834812 -0.859616 -6.530429
v 2.692683 0.001577 -6.568570
v 2.625228 0.220171 -6.585644
v -2.198520 -1.700221 3.807940
v -2.181749 1.703241 3.180010
v -3.807945 -1.700221 2.198513
v -3.180010 1.703241 2.181749
v -2.192313 0.848067 3.796423
v -2.190437 -0.005878 3.793959
v -2.190025 -0.861561 3.793247
v -3.796421 0.848067 2.192316
v -3.793953 -0.005878 2.190446
v -3.793241 -0.861561 2.190036
v -2.848005 1.702900 2.514190
v -2.514190 1.702900 2.848005
v -2.727358 0.845158 3.264195
v -3.264195 0.845158 2.727358
v -3.424611 1.702255 1.273324
v -3.302426 1.702255 1.729323
v -3.995029 0.844309 1.463457
v -4.191525 0.844309 0.730124
v -1.729323 1.702255 3.302426
v -1.273324 1.702255 3.424611
v -0.730124 0.844309 4.191525
v -1.463457 0.844309 3.995029
v -2.191637 0.202785 3.796032
v -3.796029 0.202785 2.191641
v -3.788749 0.194114 4.513219
v -4.514652 0.194114 3.787316
v -5.537763 0.194114 2.014188
v -5.803461 0.194114 1.022586
v -1.024544 0.194114 5.802937
v -2.016146 0.194115 5.537238
v -5.925519 -1.705003 0.579644
v -5.937327 -0.860802 0.534005
v -5.898934 -0.003560 0.675499
v -4.288551 0.845092 0.368537
v -3.485513 1.702307 1.045687
v -5.881024 0.198797 0.733297
v -3.241334 1.702255 1.957322
v -5.421446 -1.704795 2.461011
v -5.409084 -0.860819 2.505417
v -5.446893 -0.003537 2.362504
v -3.897168 0.845629 1.825645
v -5.460022 0.198819 2.304455
v -4.842030 -1.704786 3.464599
v -4.874872 -0.860802 3.431128
v -4.770876 -0.003560 3.534467
v -3.528869 0.846653 2.461564
v -3.014912 1.702900 2.347282
v -4.726468 0.198797 3.575566
v -2.347282 1.702900 3.014911
v -3.464605 -1.704795 4.842021
v -3.431696 -0.860819 4.874296
v -3.535897 -0.003537 4.769434
v -2.461564 0.846655 3.528868
v -3.576291 0.198820 4.725728
v -2.461021 -1.704786 5.421446
v -2.506200 -0.860802 5.408880
v -2.364467 -0.003559 5.446377
v -1.825646 0.845627 3.897170
v -1.957322 1.702255 3.241334
v -2.305459 0.198799 5.459764
v -1.045687 1.702307 3.485513
v -0.579653 -1.705012 5.925515
v -0.534785 -0.860819 5.937112
v -0.677457 -0.003538 5.898400
v -0.368537 0.845094 4.288549
v -0.734294 0.198817 5.880746
v -2.311958 1.700510 2.311958
v -2.015272 2.036180 2.015271
v -2.681097 1.702900 2.681097
v -4.367036 -1.709023 5.565610
v -7.003487 -1.709033 0.999142
v -6.564768 -1.709024 2.636446
v -5.565625 -1.709033 4.367029
v -4.275944 -1.707991 5.656153
v -4.239524 -0.860797 5.689696
v -4.288795 -0.858648 5.638174
v -4.343721 -0.003370 5.585193
v -4.501850 0.008210 5.422233
v -5.425098 0.008195 4.498975
v -4.602019 0.199614 5.326488
v -5.327922 0.199615 4.600586
v -5.639328 -0.858676 4.287644
v -6.531152 -1.707991 2.760405
v -6.516382 -0.860796 2.807663
v -6.533291 -0.858647 2.738408
v -6.554368 -0.003370 2.665061
v -6.609832 0.008209 2.444868
v -6.947761 0.008194 1.183677
v -6.648710 0.199613 2.311866
v -6.914409 0.199614 1.320263
v -7.027624 -0.858676 0.893543
v -0.874991 -1.707992 7.036347
v -0.999151 -1.709024 7.003480
v -0.826681 -0.860797 7.047185
v -0.895112 -0.858648 7.027201
v -0.969173 -0.003371 7.008780
v -1.187598 0.008208 6.946717
v -2.448786 0.008195 6.608776
v -1.322221 0.199612 6.913885
v -2.313824 0.199615 6.648185
v -2.739976 -0.858676 6.532873
v -2.636455 -1.709033 6.564771
v -1.029424 0.200807 6.994664
v -6.572268 0.200811 2.605827
v -4.388839 0.200813 5.542844
v -7.036347 -1.707985 0.874985
v -7.047393 -0.860780 0.825899
v -7.009315 -0.003392 0.967225
v -6.994928 0.200797 1.028414
v -5.656161 -1.707985 4.275936
v -5.690270 -0.860780 4.238948
v -5.586632 -0.003392 4.342299
v -5.543579 0.200797 4.388096
v -2.760409 -1.707984 6.531150
v -2.808442 -0.860780 6.516172
v -2.667015 -0.003391 6.553858
v -2.606833 0.200800 6.571991
v -0.002187 -1.708505 4.411592
v -2.203636 -1.708902 3.816802
v -2.190691 1.728385 3.193715
v -3.816805 -1.708902 2.203629
v -3.193715 1.728385 2.190691
v -4.411594 -1.708507 0.002179
v -0.001093 -0.859883 4.414740
v -0.001872 0.000492 4.414688
v -0.013052 0.861884 4.408707
v -2.203845 0.865951 3.817569
v -2.204808 0.002764 3.818834
v -2.204988 -0.859239 3.819145
v -3.817569 0.865951 2.203844
v -3.818837 0.002764 2.204803
v -3.819149 -0.859239 2.204983
v -4.408711 0.861884 0.013049
v -4.414690 0.000496 0.001861
v -4.414741 -0.859885 0.001084
v -2.859002 1.728550 2.525195
v -2.525195 1.728550 2.859002
v -2.741594 0.867418 3.278402
v -3.278403 0.867418 2.741594
v -3.437977 1.728873 1.276905
v -3.315792 1.728874 1.732902
v -4.013005 0.867843 1.468253
v -4.209494 0.867841 0.734961
v -1.732902 1.728874 3.315792
v -1.276906 1.728873 3.437977
v -0.734961 0.867841 4.209493
v -1.468253 0.867843 4.013005
v -2.526552 2.049470 0.012286
v -2.872942 1.724504 0.012861
v -0.012861 1.724504 2.872942
v -0.012286 2.049470 2.526552
v -0.004561 0.215189 4.414241
v -2.204215 0.219141 3.817809
v -3.817811 0.219141 2.204212
v -4.414243 0.215195 0.004549
v -3.792760 0.223582 4.517165
v -4.518599 0.223582 3.791327
v -5.543208 0.223582 2.015601
v -5.808883 0.223582 1.024084
v -1.026042 0.223581 5.808359
v -2.017559 0.223583 5.542683
v -5.930888 -1.706272 0.562237
v -5.946378 -0.859599 0.505428
v -5.908528 0.001727 0.647570
v -4.308362 0.867447 0.365742
v -3.499162 1.728848 1.048728
v -5.891353 0.221231 0.716266
v -3.254708 1.728868 1.960909
v -5.417428 -1.706513 2.478742
v -5.402680 -0.859589 2.534700
v -5.441285 0.001717 2.391503
v -3.914567 0.867177 1.837178
v -5.460485 0.221223 2.324401
v -4.855373 -1.706516 3.452253
v -4.897026 -0.859598 3.410934
v -4.793173 0.001729 3.515105
v -3.548708 0.866662 2.471862
v -3.025913 1.728549 2.358288
v -4.743937 0.221235 3.566007
v -2.358288 1.728549 3.025913
v -3.452260 -1.706513 4.855367
v -3.411510 -0.859590 4.896454
v -3.516540 0.001717 4.791744
v -2.471862 0.866661 3.548709
v -3.566719 0.221224 4.743233
v -2.478750 -1.706516 5.417426
v -2.535482 -0.859598 5.402469
v -2.393458 0.001729 5.440757
v -1.837177 0.867178 3.914566
v -1.960910 1.728868 3.254708
v -2.325368 0.221237 5.460220
v -1.048728 1.728848 3.499161
v -0.562245 -1.706269 5.930885
v -0.506212 -0.859590 5.946171
v -0.649527 0.001715 5.908008
v -0.365741 0.867446 4.308362
v -0.717234 0.221217 5.891100
v -2.316698 1.729751 2.316698
v -2.027104 2.050058 2.027104
v -2.692098 1.728550 2.692098
v -4.376463 -1.709207 5.574540
v -7.015930 -1.709219 1.002844
v -6.577397 -1.709207 2.639466
v -5.574549 -1.709219 4.376457
v -4.276279 -1.701751 5.671229
v -4.238683 -0.859608 5.719660
v -4.303516 -0.858657 5.652620
v -4.343645 0.001563 5.614785
v -4.519364 0.008071 5.439577
v -5.442451 0.008055 4.516500
v -4.617125 0.220747 5.341496
v -5.342929 0.220748 4.615691
v -5.653770 -0.858685 4.302365
v -6.538980 -1.701752 2.773293
v -6.530637 -0.859607 2.834033
v -6.553263 -0.858657 2.743558
v -6.569099 0.001563 2.690726
v -6.633672 0.008070 2.451131
v -6.971551 0.008055 1.190178
v -6.669295 0.220747 2.317310
v -6.934958 0.220748 1.325840
v -7.047492 -0.858685 0.899069
v -0.867743 -1.701753 7.049571
v -1.002849 -1.709208 7.015927
v -0.810971 -0.859608 7.072715
v -0.900637 -0.858657 7.047072
v -0.954312 0.001561 7.034369
v -1.194095 0.008068 6.970494
v -2.455051 0.008056 6.632629
v -1.327799 0.220745 6.934434
v -2.319268 0.220748 6.668770
v -2.745125 -0.858685 6.552842
v -2.639470 -1.709218 6.577397
v -1.020273 0.220152 7.015688
v -6.585899 0.220156 2.624264
v -4.391426 0.220158 5.565628
v -7.049577 -1.701751 0.867739
v -7.072925 -0.859616 0.810190
v -7.034890 0.001576 0.952350
v -7.015949 0.220168 1.019309
v -5.671242 -1.701751 4.276276
v -5.720236 -0.859616 4.238110
v -5.616218 0.001576 4.342205
v -5.566336 0.220168 4.390722
v -2.773299 -1.701750 6.538985
v -2.834812 -0.859616 6.530429
v -2.692683 0.001577 6.568570
v -2.625228 0.220171 6.585644
v 2.198520 -1.700221 3.807940
v 2.181749 1.703241 3.180010
v 3.807945 -1.700221 2.198513
v 3.180010 1.703241 2.181749
v 2.192313 0.848067 3.796423
v 2.190437 -0.005878 3.793959
v 2.190025 -0.861561 3.793247
v 3.796421 0.848067 2.192316
v 3.793953 -0.005878 2.190446
v 3.793241 -0.861561 2.190036
v 2.848005 1.702900 2.514190
v 2.514190 1.702900 2.848005
v 2.727358 0.845158 3.264195
v 3.264195 0.845158 2.727358
v 3.424611 1.702255 1.273324
v 3.302426 1.702255 1.729323
v 3.995029 0.844309 1.463457
v 4.191525 0.844309 0.730124
v 1.729323 1.702255 3.302426
v 1.273324 1.702255 3.424611
v 0.730124 0.844309 4.191525
v 1.463457 0.844309 3.995029
v 2.191637 0.202785 3.796032
v 3.796029 0.202785 2.191641
v 3.788749 0.194114 4.513219
v 4.514652 0.194114 3.787316
v 5.537763 0.194114 2.014188
v 5.803461 0.194114 1.022586
v 1.024544 0.194114 5.802937
v 2.016146 0.194115 5.537238
v 5.925519 -1.705003 0.579644
v 5.937327 -0.860802 0.534005
v 5.898934 -0.003560 0.675499
v 4.288551 0.845092 0.368537
v 3.485513 1.702307 1.045687
v 5.881024 0.198797 0.733297
v 3.241334 1.702255 1.957322
v 5.421446 -1.704795 2.461011
v 5.409084 -0.860819 2.505417
v 5.446893 -0.003537 2.362504
v 3.897168 0.845629 1.825645
v 5.460022 0.198819 2.304455
v 4.842030 -1.704786 3.464599
v 4.874872 -0.860802 3.431128
v 4.770876 -0.003560 3.534467
v 3.528869 0.846653 2.461564
v 3.014912 1.702900 2.347282
v 4.726468 0.198797 3.575566
v 2.347282 1.702900 3.014911
v 3.464605 -1.704795 4.842021
v 3.431696 -0.860819 4.874296
v 3.535897 -0.003537 4.769434
v 2.461564 0.846655 3.528868
v 3.576291 0.198820 4.725728
v 2.461021 -1.704786 5.421446
v 2.506200 -0.860802 5.408880
v 2.364467 -0.003559 5.446377
v 1.825646 0.845627 3.897170
v 1.957322 1.702255 3.241334
v 2.305459 0.198799 5.459764
v 1.045687 1.702307 3.485513
v 0.579653 -1.705012 5.925515
v 0.534785 -0.860819 5.937112
v 0.677457 -0.003538 5.898400
v 0.368537 0.845094 4.288549
v 0.734294 0.198817 5.880746
v 2.311958 1.700510 2.311958
v 2.015272 2.036180 2.015271
v 2.681097 1.702900 2.681097
v 4.367036 -1.709023 5.565610
v 7.003487 -1.709033 0.999142
v 6.564768 -1.709024 2.636446
v 5.565625 -1.709033 4.367029
v 4.275944 -1.707991 5.656153
v 4.239524 -0.860797 5.689696
v 4.288795 -0.858648 5.638174
v 4.343721 -0.003370 5.585193
v 4.501850 0.008210 5.422233
v 5.425098 0.008195 4.498975
v 4.602019 0.199614 5.326488
v 5.327922 0.199615 4.600586
v 5.639328 -0.858676 4.287644
v 6.531152 -1.707991 2.760405
v 6.516382 -0.860796 2.807663
v 6.533291 -0.858647 2.738408
v 6.554368 -0.003370 2.665061
v 6.609832 0.008209 2.444868
v 6.947761 0.008194 1.183677
v 6.648710 0.199613 2.311866
v 6.914409 0.199614 1.320263
v 7.027624 -0.858676 0.893543
v 0.874991 -1.707992 7.036347
v 0.999151 -1.709024 7.003480
v 0.826681 -0.860797 7.047185
v 0.895112 -0.858648 7.027201
v 0.969173 -0.003371 7.008780
v 1.187598 0.008207 6.946717
v 2.448786 0.008195 6.608776
v 1.322221 0.199612 6.913885
v 2.313824 0.199615 6.648185
v 2.739976 -0.858676 6.532873
v 2.636455 -1.709032 6.564771
v 1.029423 0.200807 6.994664
v 6.572268 0.200811 2.605827
v 4.388839 0.200813 5.542844
v 7.036347 -1.707985 0.874985
v 7.047393 -0.860780 0.825899
v 7.009315 -0.003392 0.967225
v 6.994928 0.200797 1.028414
v 5.656161 -1.707985 4.275936
v 5.690270 -0.860780 4.238948
v 5.586632 -0.003392 4.342299
v 5.543579 0.200797 4.388096
v 2.760409 -1.707984 6.531150
v 2.808442 -0.860780 6.516172
v 2.667015 -0.003391 6.553858
v 2.606833 0.200800 6.571991
v 0.002187 -1.708505 4.411592
v 2.203636 -1.708902 3.816802
v 2.190691 1.728385 3.193715
v 3.816805 -1.708902 2.203629
v 3.193715 1.728385 2.190691
v 4.411594 -1.708507 0.002179
v 0.001093 -0.859883 4.414740
v 0.001872 0.000492 4.414688
v 0.013052 0.861884 4.408707
v 2.203845 0.865951 3.817569
v 2.204808 0.002764 3.818834
v 2.204988 -0.859239 3.819145
v 3.817569 0.865951 2.203844
v 3.818837 0.002764 2.204803
v 3.819149 -0.859239 2.204983
v 4.408711 0.861884 0.013049
v 4.414690 0.000496 0.001861
v 4.414741 -0.859885 0.001084
v 2.859002 1.728550 2.525195
v 2.525195 1.728550 2.859002
v 2.741594 0.867418 3.278402
v 3.278403 0.867418 2.741594
v 3.437977 1.728873 1.276905
v 3.315792 1.728874 1.732902
v 4.013005 0.867843 1.468253
v 4.209494 0.867841 0.734961
v 1.732902 1.728874 3.315792
v 1.276906 1.728873 3.437977
v 0.734961 0.867841 4.209493
v 1.468253 0.867843 4.013005
v 2.526552 2.049470 0.012286
v 2.872942 1.724504 0.012861
v 0.012861 1.724504 2.872942
v 0.012286 2.049470 2.526552
v 0.004561 0.215189 4.414241
v 2.204215 0.219141 3.817809
v 3.817811 0.219141 2.204212
v 4.414243 0.215195 0.004549
v 3.792760 0.223582 4.517165
v 4.518599 0.223582 3.791327
v 5.543208 0.223582 2.015601
v 5.808883 0.223582 1.024084
v 1.026042 0.223581 5.808359
v 2.017559 0.223583 5.542683
v 5.930888 -1.706272 0.562237
v 5.946378 -0.859599 0.505428
v 5.908528 0.001727 0.647570
v 4.308362 0.867447 0.365742
v 3.499162 1.728848 1.048728
v 5.891353 0.221231 0.716266
v 3.254708 1.728868 1.960909
v 5.417428 -1.706513 2.478742
v 5.402680 -0.859589 2.534700
v 5.441285 0.001717 2.391503
v 3.914567 0.867177 1.837178
v 5.460485 0.221223 2.324401
v 4.855373 -1.706516 3.452253
v 4.897026 -0.859598 3.410934
v 4.793173 0.001729 3.515105
v 3.548708 0.866662 2.471862
v 3.025913 1.728549 2.358288
v 4.743937 0.221235 3.566007
v 2.358288 1.728549 3.025913
v 3.452260 -1.706513 4.855367
v 3.411510 -0.859590 4.896454
v 3.516540 0.001717 4.791744
v 2.471862 0.866661 3.548709
v 3.566719 0.221224 4.743233
v 2.478750 -1.706516 5.417426
v 2.535482 -0.859598 5.402469
v 2.393458 0.001729 5.440757
v 1.837177 0.867178 3.914566
v 1.960910 1.728868 3.254708
v 2.325368 0.221237 5.460220
v 1.048728 1.728848 3.499161
v 0.562245 -1.706269 5.930885
v 0.506212 -0.859590 5.946171
v 0.649527 0.001715 5.908008
v 0.365741 0.867446 4.308362
v 0.717234 0.221217 5.891100
v 2.316698 1.729751 2.316698
v 2.027104 2.050058 2.027103
v 2.692098 1.728550 2.692098
v 4.376463 -1.709207 5.574540
v 7.015930 -1.709219 1.002844
v 6.577397 -1.709207 2.639466
v 5.574549 -1.709219 4.376457
v 4.276279 -1.701751 5.671229
v 4.238683 -0.859608 5.719660
v 4.303516 -0.858657 5.652620
v 4.343645 0.001563 5.614785
v 4.519364 0.008071 5.439577
v 5.442451 0.008055 4.516500
v 4.617125 0.220747 5.341496
v 5.342929 0.220748 4.615691
v 5.653770 -0.858685 4.302365
v 6.538981 -1.701752 2.773293
v 6.530637 -0.859607 2.834033
v 6.553263 -0.858657 2.743558
v 6.569099 0.001563 2.690726
v 6.633672 0.008070 2.451131
v 6.971551 0.008055 1.190178
v 6.669295 0.220747 2.317310
v 6.934958 0.220748 1.325840
v 7.047492 -0.858685 0.899069
v 0.867743 -1.701753 7.049571
v 1.002849 -1.709208 7.015927
v 0.810971 -0.859608 7.072715
v 0.900637 -0.858657 7.047072
v 0.954312 0.001561 7.034369
v 1.194095 0.008068 6.970494
v 2.455051 0.008056 6.632629
v 1.327799 0.220745 6.934434
v 2.319268 0.220748 6.668770
v 2.745125 -0.858685 6.552842
v 2.639470 -1.709218 6.577397
v 1.020273 0.220152 7.015688
v 6.585899 0.220156 2.624264
v 4.391426 0.220158 5.565628
v 7.049577 -1.701751 0.867739
v 7.072925 -0.859616 0.810190
v 7.034890 0.001576 0.952350
v 7.015949 0.220168 1.019309
v 5.671242 -1.701751 4.276276
v 5.720236 -0.859616 4.238110
v 5.616218 0.001576 4.342205
v 5.566336 0.220168 4.390722
v 2.773299 -1.701750 6.538985
v 2.834812 -0.859616 6.530429
v 2.692683 0.001577 6.568570
v 2.625228 0.220171 6.585644
v 0.000000 -1.702787 4.410184
v 0.000000 1.701509 3.548085
v 2.198520 -1.700221 3.807940
v 2.181749 1.703241 3.180010
v 3.807945 -1.700221 2.198513
v 3.180010 1.703241 2.181749
v 0.000000 -0.860918 4.419979
v -0.000000 -0.004345 4.419522
v 0.000000 0.843647 4.388486
v 2.192313 0.848067 3.796423
v 2.190437 -0.005878 3.793959
v 2.190025 -0.861561 3.793247
v 3.796421 0.848067 2.192316
v 3.793953 -0.005878 2.190446
v 3.793241 -0.861561 2.190036
v 2.848005 1.702900 2.514190
v 2.514190 1.702900 2.848005
v 2.727358 0.845158 3.264195
v 3.264195 0.845158 2.727358
v 3.424611 1.702255 1.273324
v 3.302426 1.702255 1.729323
v 3.995029 0.844309 1.463457
v 4.191525 0.844309 0.730124
v 1.729323 1.702255 3.302426
v 1.273324 1.702255 3.424611
v 0.730124 0.844309 4.191525
v 1.463457 0.844309 3.995029
v -0.000000 1.701200 2.864884
v -0.000000 2.035963 2.517808
v 0.000000 0.199359 4.413881
v 2.191637 0.202785 3.796032
v 3.796029 0.202785 2.191641
v 3.788749 0.194114 4.513219
v 4.514652 0.194114 3.787316
v 5.537763 0.194114 2.014188
v 5.803461 0.194114 1.022586
v 1.024544 0.194114 5.802937
v 2.016146 0.194115 5.537238
v 5.925519 -1.705003 0.579644
v 5.937327 -0.860802 0.534005
v 5.898934 -0.003560 0.675499
v 4.288551 0.845092 0.368537
v 3.485513 1.702307 1.045687
v 5.881024 0.198797 0.733297
v 3.241334 1.702255 1.957322
v 5.421446 -1.704795 2.461011
v 5.409084 -0.860819 2.505417
v 5.446893 -0.003537 2.362504
v 3.897168 0.845629 1.825645
v 5.460022 0.198819 2.304455
v 4.842030 -1.704786 3.464599
v 4.874872 -0.860802 3.431128
v 4.770876 -0.003560 3.534467
v 3.528869 0.846653 2.461564
v 3.014912 1.702900 2.347282
v 4.726468 0.198797 3.575566
v 2.347282 1.702900 3.014911
v 3.464605 -1.704795 4.842021
v 3.431696 -0.860819 4.874296
v 3.535897 -0.003537 4.769434
v 2.461564 0.846655 3.528868
v 3.576291 0.198820 4.725728
v 2.461021 -1.704786 5.421446
v 2.506200 -0.860802 5.408880
v 2.364467 -0.003559 5.446377
v 1.825646 0.845627 3.897170
v 1.957322 1.702255 3.241334
v 2.305459 0.198799 5.459764
v 1.045687 1.702307 3.485513
v 0.579653 -1.705012 5.925515
v 0.534785 -0.860819 5.937112
v 0.677457 -0.003538 5.898400
v 0.368537 0.845094 4.288549
v 0.734294 0.198817 5.880746
v 2.311958 1.700510 2.311958
v 2.015272 2.036180 2.015271
v 2.681097 1.702900 2.681097
v 4.367036 -1.709023 5.565610
v 7.003487 -1.709033 0.999142
v 6.564768 -1.709024 2.636446
v 5.565625 -1.709033 4.367029
v 4.275944 -1.707991 5.656153
v 4.239524 -0.860797 5.689696
v 4.288795 -0.858648 5.638174
v 4.343721 -0.003370 5.585193
v 4.501850 0.008210 5.422233
v 5.425098 0.008195 4.498975
v 4.602019 0.199614 5.326488
v 5.327922 0.199615 4.600586
v 5.639328 -0.858676 4.287644
v 6.531152 -1.707991 2.760405
v 6.516382 -0.860796 2.807663
v 6.533291 -0.858647 2.738408
v 6.554368 -0.003370 2.665061
v 6.609832 0.008209 2.444868
v 6.947761 0.008194 1.183677
v 6.648710 0.199613 2.311866
v 6.914409 0.199614 1.320263
v 7.027624 -0.858676 0.893543
v 0.874991 -1.707992 7.036347
v 0.999151 -1.709024 7.003480
v 0.826681 -0.860797 7.047185
v 0.895112 -0.858648 7.027201
v 0.969173 -0.003371 7.008780
v 1.187598 0.008207 6.946717
v 2.448786 0.008195 6.608776
v 1.322221 0.199612 6.913885
v 2.313824 0.199615 6.648185
v 2.739976 -0.858676 6.532873
v 2.636455 -1.709032 6.564771
v 1.029423 0.200807 6.994664
v 6.572268 0.200811 2.605827
v 4.388839 0.200813 5.542844
v 7.036347 -1.707985 0.874985
v 7.047393 -0.860780 0.825899
v 7.009315 -0.003392 0.967225
v 6.994928 0.200797 1.028414
v 5.656161 -1.707985 4.275936
v 5.690270 -0.860780 4.238948
v 5.586632 -0.003392 4.342299
v 5.543579 0.200797 4.388096
v 2.760409 -1.707984 6.531150
v 2.808442 -0.860780 6.516172
v 2.667015 -0.003391 6.553858
v 2.606833 0.200800 6.571991
v 0.002187 -1.708505 4.411592
v 0.000000 1.728659 3.560783
v 2.203636 -1.708902 3.816802
v 2.190691 1.728385 3.193715
v 3.816805 -1.708902 2.203629
v 3.193715 1.728385 2.190691
v 4.411594 -1.708507 0.002179
v 0.001093 -0.859883 4.414740
v 0.001872 0.000492 4.414688
v 0.013052 0.861884 4.408707
v 2.203845 0.865951 3.817569
v 2.204808 0.002764 3.818834
v 2.204988 -0.859239 3.819145
v 3.817569 0.865951 2.203844
v 3.818837 0.002764 2.204803
v 3.819149 -0.859239 2.204983
v 4.408711 0.861884 0.013049
v 4.414690 0.000496 0.001861
v 4.414741 -0.859885 0.001084
v 2.859002 1.728550 2.525195
v 2.525195 1.728550 2.859002
v 2.741594 0.867418 3.278402
v 3.278403 0.867418 2.741594
v 3.437977 1.728873 1.276905
v 3.315792 1.728874 1.732902
v 4.013005 0.867843 1.468253
v 4.209494 0.867841 0.734961
v 1.732902 1.728874 3.315792
v 1.276906 1.728873 3.437977
v 0.734961 0.867841 4.209493
v 1.468253 0.867843 4.013005
v 2.526552 2.049470 0.012286
v 2.872942 1.724504 0.012861
v 0.012861 1.724504 2.872942
v 0.012286 2.049470 2.526552
v 0.004561 0.215189 4.414241
v 2.204215 0.219141 3.817809
v 3.817811 0.219141 2.204212
v 4.414243 0.215195 0.004549
v 3.792760 0.223582 4.517165
v 4.518599 0.223582 3.791327
v 5.543208 0.223582 2.015601
v 5.808883 0.223582 1.024084
v 1.026042 0.223581 5.808359
v 2.017559 0.223583 5.542683
v 5.930888 -1.706272 0.562237
v 5.946378 -0.859599 0.505428
v 5.908528 0.001727 0.647570
v 4.308362 0.867447 0.365742
v 3.499162 1.728848 1.048728
v 5.891353 0.221231 0.716266
v 3.254708 1.728868 1.960909
v 5.417428 -1.706513 2.478742
v 5.402680 -0.859589 2.534700
v 5.441285 0.001717 2.391503
v 3.914567 0.867177 1.837178
v 5.460485 0.221223 2.324401
v 4.855373 -1.706516 3.452253
v 4.897026 -0.859598 3.410934
v 4.793173 0.001729 3.515105
v 3.548708 0.866662 2.471862
v 3.025913 1.728549 2.358288
v 4.743937 0.221235 3.566007
v 2.358288 1.728549 3.025913
v 3.452260 -1.706513 4.855367
v 3.411510 -0.859590 4.896454
v 3.516540 0.001717 4.791744
v 2.471862 0.866661 3.548709
v 3.566719 0.221224 4.743233
v 2.478750 -1.706516 5.417426
v 2.535482 -0.859598 5.402469
v 2.393458 0.001729 5.440757
v 1.837177 0.867178 3.914566
v 1.960910 1.728868 3.254708
v 2.325368 0.221237 5.460220
v 1.048728 1.728848 3.499161
v 0.562245 -1.706269 5.930885
v 0.506212 -0.859590 5.946171
v 0.649527 0.001715 5.908008
v 0.365741 0.867446 4.308362
v 0.717234 0.221217 5.891100
v 2.316698 1.729751 2.316698
v 2.027104 2.050058 2.027103
v 2.692098 1.728550 2.692098
v 4.376463 -1.709207 5.574540
v 7.015930 -1.709219 1.002844
v 6.577397 -1.709207 2.639466
v 5.574549 -1.709219 4.376457
v 4.276279 -1.701751 5.671229
v 4.238683 -0.859608 5.719660
v 4.303516 -0.858657 5.652620
v 4.343645 0.001563 5.614785
v 4.519364 0.008071 5.439577
v 5.442451 0.008055 4.516500
v 4.617125 0.220747 5.341496
v 5.342929 0.220748 4.615691
v 5.653770 -0.858685 4.302365
v 6.538981 -1.701752 2.773293
v 6.530637 -0.859607 2.834033
v 6.553263 -0.858657 2.743558
v 6.569099 0.001563 2.690726
v 6.633672 0.008070 2.451131
v 6.971551 0.008055 1.190178
v 6.669295 0.220747 2.317310
v 6.934958 0.220748 1.325840
v 7.047492 -0.858685 0.899069
v 0.867743 -1.701753 7.049571
v 1.002849 -1.709208 7.015927
v 0.810971 -0.859608 7.072715
v 0.900637 -0.858657 7.047072
v 0.954312 0.001561 7.034369
v 1.194095 0.008068 6.970494
v 2.455051 0.008056 6.632629
v 1.327799 0.220745 6.934434
v 2.319268 0.220748 6.668770
v 2.745125 -0.858685 6.552842
v 2.639470 -1.709218 6.577397
v 1.020273 0.220152 7.015688
v 6.585899 0.220156 2.624264
v 4.391426 0.220158 5.565628
v 7.049577 -1.701751 0.867739
v 7.072925 -0.859616 0.810190
v 7.034890 0.001576 0.952350
v 7.015949 0.220168 1.019309
v 5.671242 -1.701751 4.276276
v 5.720236 -0.859616 4.238110
v 5.616218 0.001576 4.342205
v 5.566336 0.220168 4.390722
v 2.773299 -1.701750 6.538985
v 2.834812 -0.859616 6.530429
v 2.692683 0.001577 6.568570
v 2.625228 0.220171 6.585644
v -2.198520 -1.700221 3.807940
v -2.181749 1.703241 3.180010
v -3.807945 -1.700221 2.198513
v -3.180010 1.703241 2.181749
v -2.192313 0.848067 3.796423
v -2.190437 -0.005878 3.793959
v -2.190025 -0.861561 3.793247
v -3.796421 0.848067 2.192316
v -3.793953 -0.005878 2.190446
v -3.793241 -0.861561 2.190036
v -2.848005 1.702900 2.514190
v -2.514190 1.702900 2.848005
v -2.727358 0.845158 3.264195
v -3.264195 0.845158 2.727358
v -3.424611 1.702255 1.273324
v -3.302426 1.702255 1.729323
v -3.995029 0.844309 1.463457
v -4.191525 0.844309 0.730124
v -1.729323 1.702255 3.302426
v -1.273324 1.702255 3.424611
v -0.730124 0.844309 4.191525
v -1.463457 0.844309 3.995029
v -2.191637 0.202785 3.796032
v -3.796029 0.202785 2.191641
v -3.788749 0.194114 4.513219
v -4.514652 0.194114 3.787316
v -5.537763 0.194114 2.014188
v -5.803461 0.194114 1.022586
v -1.024544 0.194114 5.802937
v -2.016146 0.194115 5.537238
v -5.925519 -1.705003 0.579644
v -5.937327 -0.860802 0.534005
v -5.898934 -0.003560 0.675499
v -4.288551 0.845092 0.368537
v -3.485513 1.702307 1.045687
v -5.881024 0.198797 0.733297
v -3.241334 1.702255 1.957322
v -5.421446 -1.704795 2.461011
v -5.409084 -0.860819 2.505417
v -5.446893 -0.003537 2.362504
v -3.897168 0.845629 1.825645
v -5.460022 0.198819 2.304455
v -4.842030 -1.704786 3.464599
v -4.874872 -0.860802 3.431128
v -4.770876 -0.003560 3.534467
v -3.528869 0.846653 2.461564
v -3.014912 1.702900 2.347282
v -4.726468 0.198797 3.575566
v -2.347282 1.702900 3.014911
v -3.464605 -1.704795 4.842021
v -3.431696 -0.860819 4.874296
v -3.535897 -0.003537 4.769434
v -2.461564 0.846655 3.528868
v -3.576291 0.198820 4.725728
v -2.461021 -1.704786 5.421446
v -2.506200 -0.860802 5.408880
v -2.364467 -0.003559 5.446377
v -1.825646 0.845627 3.897170
v -1.957322 1.702255 3.241334
v -2.305459 0.198799 5.459764
v -1.045687 1.702307 3.485513
v -0.579653 -1.705012 5.925515
v -0.534785 -0.860819 5.937112
v -0.677457 -0.003538 5.898400
v -0.368537 0.845094 4.288549
v -0.734294 0.198817 5.880746
v -2.311958 1.700510 2.311958
v -2.015272 2.036180 2.015271
v -2.681097 1.702900 2.681097
v -4.367036 -1.709023 5.565610
v -7.003487 -1.709033 0.999142
v -6.564768 -1.709024 2.636446
v -5.565625 -1.709033 4.367029
v -4.275944 -1.707991 5.656153
v -4.239524 -0.860797 5.689696
v -4.288795 -0.858648 5.638174
v -4.343721 -0.003370 5.585193
v -4.501850 0.008210 5.422233
v -5.425098 0.008195 4.498975
v -4.602019 0.199614 5.326488
v -5.327922 0.199615 4.600586
v -5.639328 -0.858676 4.287644
v -6.531152 -1.707991 2.760405
v -6.516382 -0.860796 2.807663
v -6.533291 -0.858647 2.738408
v -6.554368 -0.003370 2.665061
v -6.609832 0.008209 2.444868
v -6.947761 0.008194 1.183677
v -6.648710 0.199613 2.311866
v -6.914409 0.199614 1.320263
v -7.027624 -0.858676 0.893543
v -0.874991 -1.707992 7.036347
v -0.999151 -1.709024 7.003480
v -0.826681 -0.860797 7.047185
v -0.895112 -0.858648 7.027201
v -0.969173 -0.003371 7.008780
v -1.187598 0.008208 6.946717
v -2.448786 0.008195 6.608776
v -1.322221 0.199612 6.913885
v -2.313824 0.199615 6.648185
v -2.739976 -0.858676 6.532873
v -2.636455 -1.709033 6.564771
v -1.029424 0.200807 6.994664
v -6.572268 0.200811 2.605827
v -4.388839 0.200813 5.542844
v -7.036347 -1.707985 0.874985
v -7.047393 -0.860780 0.825899
v -7.009315 -0.003392 0.967225
v -6.994928 0.200797 1.028414
v -5.656161 -1.707985 4.275936
v -5.690270 -0.860780 4.238948
v -5.586632 -0.003392 4.342299
v -5.543579 0.200797 4.388096
v -2.760409 -1.707984 6.531150
v -2.808442 -0.860780 6.516172
v -2.667015 -0.003391 6.553858
v -2.606833 0.200800 6.571991
v -0.002187 -1.708505 4.411592
v -2.203636 -1.708902 3.816802
v -2.190691 1.728385 3.193715
v -3.816805 -1.708902 2.203629
v -3.193715 1.728385 2.190691
v -4.411594 -1.708507 0.002179
v -0.001093 -0.859883 4.414740
v -0.001872 0.000492 4.414688
v -0.013052 0.861884 4.408707
v -2.203845 0.865951 3.817569
v -2.204808 0.002764 3.818834
v -2.204988 -0.859239 3.819145
v -3.817569 0.865951 2.203844
v -3.818837 0.002764 2.204803
v -3.819149 -0.859239 2.204983
v -4.408711 0.861884 0.013049
v -4.414690 0.000496 0.001861
v -4.414741 -0.859885 0.001084
v -2.859002 1.728550 2.525195
v -2.525195 1.728550 2.859002
v -2.741594 0.867418 3.278402
v -3.278403 0.867418 2.741594
v -3.437977 1.728873 1.276905
v -3.315792 1.728874 1.732902
v -4.013005 0.867843 1.468253
v -4.209494 0.867841 0.734961
v -1.732902 1.728874 3.315792
v -1.276906 1.728873 3.437977
v -0.734961 0.867841 4.209493
v -1.468253 0.867843 4.013005
v -2.526552 2.049470 0.012286
v -2.872942 1.724504 0.012861
v -0.012861 1.724504 2.872942
v -0.012286 2.049470 2.526552
v -0.004561 0.215189 4.414241
v -2.204215 0.219141 3.817809
v -3.817811 0.219141 2.204212
v -4.414243 0.215195 0.004549
v -3.792760 0.223582 4.517165
v -4.518599 0.223582 3.791327
v -5.543208 0.223582 2.015601
v -5.808883 0.223582 1.024084
v -1.026042 0.223581 5.808359
v -2.017559 0.223583 5.542683
v -5.930888 -1.706272 0.562237
v -5.946378 -0.859599 0.505428
v -5.908528 0.001727 0.647570
v -4.308362 0.867447 0.365742
v -3.499162 1.728848 1.048728
v -5.891353 0.221231 0.716266
v -3.254708 1.728868 1.960909
v -5.417428 -1.706513 2.478742
v -5.402680 -0.859589 2.534700
v -5.441285 0.001717 2.391503
v -3.914567 0.867177 1.837178
v -5.460485 0.221223 2.324401
v -4.855373 -1.706516 3.452253
v -4.897026 -0.859598 3.410934
v -4.793173 0.001729 3.515105
v -3.548708 0.866662 2.471862
v -3.025913 1.728549 2.358288
v -4.743937 0.221235 3.566007
v -2.358288 1.728549 3.025913
v -3.452260 -1.706513 4.855367
v -3.411510 -0.859590 4.896454
v -3.516540 0.001717 4.791744
v -2.471862 0.866661 3.548709
v -3.566719 0.221224 4.743233
v -2.478750 -1.706516 5.417426
v -2.535482 -0.859598 5.402469
v -2.393458 0.001729 5.440757
v -1.837177 0.867178 3.914566
v -1.960910 1.728868 3.254708
v -2.325368 0.221237 5.460220
v -1.048728 1.728848 3.499161
v -0.562245 -1.706269 5.930885
v -0.506212 -0.859590 5.946171
v -0.649527 0.001715 5.908008
v -0.365741 0.867446 4.308362
v -0.717234 0.221217 5.891100
v -2.316698 1.729751 2.316698
v -2.027104 2.050058 2.027104
v -2.692098 1.728550 2.692098
v -4.376463 -1.709207 5.574540
v -7.015930 -1.709219 1.002844
v -6.577397 -1.709207 2.639466
v -5.574549 -1.709219 4.376457
v -4.276279 -1.701751 5.671229
v -4.238683 -0.859608 5.719660
v -4.303516 -0.858657 5.652620
v -4.343645 0.001563 5.614785
v -4.519364 0.008071 5.439577
v -5.442451 0.008055 4.516500
v -4.617125 0.220747 5.341496
v -5.342929 0.220748 4.615691
v -5.653770 -0.858685 4.302365
v -6.538980 -1.701752 2.773293
v -6.530637 -0.859607 2.834033
v -6.553263 -0.858657 2.743558
v -6.569099 0.001563 2.690726
v -6.633672 0.008070 2.451131
v -6.971551 0.008055 1.190178
v -6.669295 0.220747 2.317310
v -6.934958 0.220748 1.325840
v -7.047492 -0.858685 0.899069
v -0.867743 -1.701753 7.049571
v -1.002849 -1.709208 7.015927
v -0.810971 -0.859608 7.072715
v -0.900637 -0.858657 7.047072
v -0.954312 0.001561 7.034369
v -1.194095 0.008068 6.970494
v -2.455051 0.008056 6.632629
v -1.327799 0.220745 6.934434
v -2.319268 0.220748 6.668770
v -2.745125 -0.858685 6.552842
v -2.639470 -1.709218 6.577397
v -1.020273 0.220152 7.015688
v -6.585899 0.220156 2.624264
v -4.391426 0.220158 5.565628
v -7.049577 -1.701751 0.867739
v -7.072925 -0.859616 0.810190
v -7.034890 0.001576 0.952350
v -7.015949 0.220168 1.019309
v -5.671242 -1.701751 4.276276
v -5.720236 -0.859616 4.238110
v -5.616218 0.001576 4.342205
v -5.566336 0.220168 4.390722
v -2.773299 -1.701750 6.538985
v -2.834812 -0.859616 6.530429
v -2.692683 0.001577 6.568570
v -2.625228 0.220171 6.585644
v -0.000000 -1.702787 -4.410184
v -0.000000 1.701509 -3.548085
v 2.198520 -1.700221 -3.807940
v 2.181749 1.703241 -3.180010
v 3.807945 -1.700221 -2.198513
v 3.180010 1.703241 -2.181749
v 0.000000 -0.860918 -4.419979
v -0.000000 -0.004345 -4.419522
v -0.000000 0.843647 -4.388486
v 2.192313 0.848067 -3.796423
v 2.190437 -0.005878 -3.793959
v 2.190025 -0.861561 -3.793247
v 3.796421 0.848067 -2.192316
v 3.793953 -0.005878 -2.190446
v 3.793241 -0.861561 -2.190036
v 2.848005 1.702900 -2.514190
v 2.514190 1.702900 -2.848005
v 2.727358 0.845158 -3.264195
v 3.264195 0.845158 -2.727358
v 3.424611 1.702255 -1.273324
v 3.302426 1.702255 -1.729323
v 3.995029 0.844309 -1.463457
v 4.191525 0.844309 -0.730124
v 1.729323 1.702255 -3.302426
v 1.273324 1.702255 -3.424611
v 0.730124 0.844309 -4.191525
v 1.463457 0.844309 -3.995029
v 0.000000 1.701200 -2.864884
v 0.000000 2.035963 -2.517808
v 0.000000 0.199359 -4.413881
v 2.191637 0.202785 -3.796032
v 3.796029 0.202785 -2.191641
v 3.788749 0.194114 -4.513219
v 4.514652 0.194114 -3.787316
v 5.537763 0.194114 -2.014188
v 5.803461 0.194114 -1.022586
v 1.024544 0.194114 -5.802937
v 2.016146 0.194115 -5.537238
v 5.925519 -1.705003 -0.579644
v 5.937327 -0.860802 -0.534005
v 5.898934 -0.003560 -0.675499
v 4.288551 0.845092 -0.368537
v 3.485513 1.702307 -1.045687
v 5.881024 0.198797 -0.733297
v 3.241334 1.702255 -1.957322
v 5.421446 -1.704795 -2.461011
v 5.409084 -0.860819 -2.505417
v 5.446893 -0.003537 -2.362504
v 3.897168 0.845629 -1.825645
v 5.460022 0.198819 -2.304455
v 4.842030 -1.704786 -3.464599
v 4.874872 -0.860802 -3.431128
v 4.770876 -0.003560 -3.534467
v 3.528869 0.846653 -2.461564
v 3.014912 1.702900 -2.347282
v 4.726468 0.198797 -3.575566
v 2.347282 1.702900 -3.014911
v 3.464605 -1.704795 -4.842021
v 3.431696 -0.860819 -4.874296
v 3.535897 -0.003537 -4.769434
v 2.461564 0.846655 -3.528868
v 3.576291 0.198820 -4.725728
v 2.461021 -1.704786 -5.421446
v 2.506200 -0.860802 -5.408880
v 2.364467 -0.003559 -5.446377
v 1.825646 0.845627 -3.897170
v 1.957322 1.702255 -3.241334
v 2.305459 0.198799 -5.459764
v 1.045687 1.702307 -3.485513
v 0.579653 -1.705012 -5.925515
v 0.534785 -0.860819 -5.937112
v 0.677457 -0.003538 -5.898400
v 0.368537 0.845094 -4.288549
v 0.734294 0.198817 -5.880746
v 2.311958 1.700510 -2.311958
v 2.015272 2.036180 -2.015271
v 2.681097 1.702900 -2.681097
v 4.367036 -1.709023 -5.565610
v 7.003487 -1.709033 -0.999142
v 6.564768 -1.709024 -2.636446
v 5.565625 -1.709033 -4.367029
v 4.275944 -1.707991 -5.656153
v 4.239524 -0.860797 -5.689696
v 4.288795 -0.858648 -5.638174
v 4.343721 -0.003370 -5.585193
v 4.501850 0.008210 -5.422233
v 5.425098 0.008195 -4.498975
v 4.602019 0.199614 -5.326488
v 5.327922 0.199615 -4.600586
v 5.639328 -0.858676 -4.287644
v 6.531152 -1.707991 -2.760405
v 6.516382 -0.860796 -2.807663
v 6.533291 -0.858647 -2.738408
v 6.554368 -0.003370 -2.665061
v 6.609832 0.008209 -2.444868
v 6.947761 0.008194 -1.183677
v 6.648710 0.199613 -2.311866
v 6.914409 0.199614 -1.320263
v 7.027624 -0.858676 -0.893543
v 0.874991 -1.707992 -7.036347
v 0.999151 -1.709024 -7.003480
v 0.826681 -0.860797 -7.047185
v 0.895112 -0.858648 -7.027201
v 0.969173 -0.003371 -7.008780
v 1.187598 0.008208 -6.946717
v 2.448786 0.008195 -6.608776
v 1.322221 0.199612 -6.913885
v 2.313824 0.199615 -6.648185
v 2.739976 -0.858676 -6.532873
v 2.636455 -1.709033 -6.564771
v 1.029424 0.200807 -6.994664
v 6.572268 0.200811 -2.605827
v 4.388839 0.200813 -5.542844
v 7.036347 -1.707985 -0.874985
v 7.047393 -0.860780 -0.825899
v 7.009315 -0.003392 -0.967225
v 6.994928 0.200797 -1.028414
v 5.656161 -1.707985 -4.275936
v 5.690270 -0.860780 -4.238948
v 5.586632 -0.003392 -4.342299
v 5.543579 0.200797 -4.388096
v 2.760409 -1.707984 -6.531150
v 2.808442 -0.860780 -6.516172
v 2.667015 -0.003391 -6.553858
v 2.606833 0.200800 -6.571991
v 0.002187 -1.708505 -4.411592
v -0.000000 1.728659 -3.560783
v 2.203636 -1.708902 -3.816802
v 2.190691 1.728385 -3.193715
v 3.816805 -1.708902 -2.203629
v 3.193715 1.728385 -2.190691
v 4.411594 -1.708507 -0.002179
v 0.001093 -0.859883 -4.414740
v 0.001872 0.000492 -4.414688
v 0.013052 0.861884 -4.408707
v 2.203845 0.865951 -3.817569
v 2.204808 0.002764 -3.818834
v 2.204988 -0.859239 -3.819145
v 3.817569 0.865951 -2.203844
v 3.818837 0.002764 -2.204803
v 3.819149 -0.859239 -2.204983
v 4.408711 0.861884 -0.013049
v 4.414690 0.000496 -0.001861
v 4.414741 -0.859885 -0.001084
v 2.859002 1.728550 -2.525195
v 2.525195 1.728550 -2.859002
v 2.741594 0.867418 -3.278402
v 3.278403 0.867418 -2.741594
v 3.437977 1.728873 -1.276905
v 3.315792 1.728874 -1.732902
v 4.013005 0.867843 -1.468253
v 4.209494 0.867841 -0.734961
v 1.732902 1.728874 -3.315792
v 1.276906 1.728873 -3.437977
v 0.734961 0.867841 -4.209493
v 1.468253 0.867843 -4.013005
v 2.526552 2.049470 -0.012286
v 2.872942 1.724504 -0.012861
v 0.012861 1.724504 -2.872942
v 0.012286 2.049470 -2.526552
v 0.004561 0.215189 -4.414241
v 2.204215 0.219141 -3.817809
v 3.817811 0.219141 -2.204212
v 4.414243 0.215195 -0.004549
v 3.792760 0.223582 -4.517165
v 4.518599 0.223582 -3.791327
v 5.543208 0.223582 -2.015601
v 5.808883 0.223582 -1.024084
v 1.026042 0.223581 -5.808359
v 2.017559 0.223583 -5.542683
v 5.930888 -1.706272 -0.562237
v 5.946378 -0.859599 -0.505428
v 5.908528 0.001727 -0.647570
v 4.308362 0.867447 -0.365742
v 3.499162 1.728848 -1.048728
v 5.891353 0.221231 -0.716266
v 3.254708 1.728868 -1.960909
v 5.417428 -1.706513 -2.478742
v 5.402680 -0.859589 -2.534700
v 5.441285 0.001717 -2.391503
v 3.914567 0.867177 -1.837178
v 5.460485 0.221223 -2.324401
v 4.855373 -1.706516 -3.452253
v 4.897026 -0.859598 -3.410934
v 4.793173 0.001729 -3.515105
v 3.548708 0.866662 -2.471862
v 3.025913 1.728549 -2.358288
v 4.743937 0.221235 -3.566007
v 2.358288 1.728549 -3.025913
v 3.452260 -1.706513 -4.855367
v 3.411510 -0.859590 -4.896454
v 3.516540 0.001717 -4.791744
v 2.471862 0.866661 -3.548709
v 3.566719 0.221224 -4.743233
v 2.478750 -1.706516 -5.417426
v 2.535482 -0.859598 -5.402469
v 2.393458 0.001729 -5.440757
v 1.837177 0.867178 -3.914566
v 1.960910 1.728868 -3.254708
v 2.325368 0.221237 -5.460220
v 1.048728 1.728848 -3.499161
v 0.562245 -1.706269 -5.930885
v 0.506212 -0.859590 -5.946171
v 0.649527 0.001715 -5.908008
v 0.365741 0.867446 -4.308362
v 0.717234 0.221217 -5.891100
v 2.316698 1.729751 -2.316698
v 2.027104 2.050058 -2.027104
v 2.692098 1.728550 -2.692098
v 4.376463 -1.709207 -5.574540
v 7.015930 -1.709219 -1.002844
v 6.577397 -1.709207 -2.639466
v 5.574549 -1.709219 -4.376457
v 4.276279 -1.701751 -5.671229
v 4.238683 -0.859608 -5.719660
v 4.303516 -0.858657 -5.652620
v 4.343645 0.001563 -5.614785
v 4.519364 0.008071 -5.439577
v 5.442451 0.008055 -4.516500
v 4.617125 0.220747 -5.341496
v 5.342929 0.220748 -4.615691
v 5.653770 -0.858685 -4.302365
v 6.538980 -1.701752 -2.773293
v 6.530637 -0.859607 -2.834033
v 6.553263 -0.858657 -2.743558
v 6.569099 0.001563 -2.690726
v 6.633672 0.008070 -2.451131
v 6.971551 0.008055 -1.190178
v 6.669295 0.220747 -2.317310
v 6.934958 0.220748 -1.325840
v 7.047492 -0.858685 -0.899069
v 0.867743 -1.701753 -7.049571
v 1.002849 -1.709208 -7.015927
v 0.810971 -0.859608 -7.072715
v 0.900637 -0.858657 -7.047072
v 0.954312 0.001561 -7.034369
v 1.194095 0.008068 -6.970494
v 2.455051 0.008056 -6.632629
v 1.327799 0.220745 -6.934434
v 2.319268 0.220748 -6.668770
v 2.745125 -0.858685 -6.552842
v 2.639470 -1.709218 -6.577397
v 1.020273 0.220152 -7.015688
v 6.585899 0.220156 -2.624264
v 4.391426 0.220158 -5.565628
v 7.049577 -1.701751 -0.867739
v 7.072925 -0.859616 -0.810190
v 7.034890 0.001576 -0.952350
v 7.015949 0.220168 -1.019309
v 5.671242 -1.701751 -4.276276
v 5.720236 -0.859616 -4.238110
v 5.616218 0.001576 -4.342205
v 5.566336 0.220168 -4.390722
v 2.773299 -1.701750 -6.538985
v 2.834812 -0.859616 -6.530429
v 2.692683 0.001577 -6.568570
v 2.625228 0.220171 -6.585644
v -2.198520 -1.700221 -3.807940
v -2.181749 1.703241 -3.180010
v -3.807945 -1.700221 -2.198513
v -3.180010 1.703241 -2.181749
v -2.192313 0.848067 -3.796423
v -2.190437 -0.005878 -3.793959
v -2.190025 -0.861561 -3.793247
v -3.796421 0.848067 -2.192316
v -3.793953 -0.005878 -2.190446
v -3.793241 -0.861561 -2.190036
v -2.848005 1.702900 -2.514190
v -2.514190 1.702900 -2.848005
v -2.727358 0.845158 -3.264195
v -3.264195 0.845158 -2.727358
v -3.424611 1.702255 -1.273324
v -3.302426 1.702255 -1.729323
v -3.995029 0.844309 -1.463457
v -4.191525 0.844309 -0.730124
v -1.729323 1.702255 -3.302426
v -1.273324 1.702255 -3.424611
v -0.730124 0.844309 -4.191525
v -1.463457 0.844309 -3.995029
v -2.191637 0.202785 -3.796032
v -3.796029 0.202785 -2.191641
v -3.788749 0.194114 -4.513219
v -4.514652 0.194114 -3.787316
v -5.537763 0.194114 -2.014188
v -5.803461 0.194114 -1.022586
v -1.024544 0.194114 -5.802937
v -2.016146 0.194115 -5.537238
v -5.925519 -1.705003 -0.579644
v -5.937327 -0.860802 -0.534005
v -5.898934 -0.003560 -0.675499
v -4.288551 0.845092 -0.368537
v -3.485513 1.702307 -1.045687
v -5.881024 0.198797 -0.733297
v -3.241334 1.702255 -1.957322
v -5.421446 -1.704795 -2.461011
v -5.409084 -0.860819 -2.505417
v -5.446893 -0.003537 -2.362504
v -3.897168 0.845629 -1.825645
v -5.460022 0.198819 -2.304455
v -4.842030 -1.704786 -3.464599
v -4.874872 -0.860802 -3.431128
v -4.770876 -0.003560 -3.534467
v -3.528869 0.846653 -2.461564
v -3.014912 1.702900 -2.347282
v -4.726468 0.198797 -3.575566
v -2.347282 1.702900 -3.014911
v -3.464605 -1.704795 -4.842021
v -3.431696 -0.860819 -4.874296
v -3.535897 -0.003537 -4.769434
v -2.461564 0.846655 -3.528868
v -3.576291 0.198820 -4.725728
v -2.461021 -1.704786 -5.421446
v -2.506200 -0.860802 -5.408880
v -2.364467 -0.003559 -5.446377
v -1.825646 0.845627 -3.897170
v -1.957322 1.702255 -3.241334
v -2.305459 0.198799 -5.459764
v -1.045687 1.702307 -3.485513
v -0.579653 -1.705012 -5.925515
v -0.534785 -0.860819 -5.937112
v -0.677457 -0.003538 -5.898400
v -0.368537 0.845094 -4.288549
v -0.734294 0.198817 -5.880746
v -2.311958 1.700510 -2.311958
v -2.015272 2.036180 -2.015271
v -2.681097 1.702900 -2.681097
v -4.367036 -1.709023 -5.565610
v -7.003487 -1.709033 -0.999142
v -6.564768 -1.709024 -2.636446
v -5.565625 -1.709033 -4.367029
v -4.275944 -1.707991 -5.656153
v -4.239524 -0.860797 -5.689696
v -4.288795 -0.858648 -5.638174
v -4.343721 -0.003370 -5.585193
v -4.501850 0.008210 -5.422233
v -5.425098 0.008195 -4.498975
v -4.602019 0.199614 -5.326488
v -5.327922 0.199615 -4.600586
v -5.639328 -0.858676 -4.287644
v -6.531152 -1.707991 -2.760405
v -6.516382 -0.860796 -2.807663
v -6.533291 -0.858647 -2.738408
v -6.554368 -0.003370 -2.665061
v -6.609832 0.008209 -2.444868
v -6.947761 0.008194 -1.183677
v -6.648710 0.199613 -2.311866
v -6.914409 0.199614 -1.320263
v -7.027624 -0.858676 -0.893543
v -0.874991 -1.707992 -7.036347
v -0.999151 -1.709024 -7.003480
v -0.826681 -0.860797 -7.047185
v -0.895112 -0.858648 -7.027201
v -0.969173 -0.003371 -7.008780
v -1.187598 0.008207 -6.946717
v -2.448786 0.008195 -6.608776
v -1.322221 0.199612 -6.913885
v -2.313824 0.199615 -6.648185
v -2.739976 -0.858676 -6.532873
v -2.636455 -1.709032 -6.564771
v -1.029423 0.200807 -6.994664
v -6.572268 0.200811 -2.605827
v -4.388839 0.200813 -5.542844
v -7.036347 -1.707985 -0.874985
v -7.047393 -0.860780 -0.825899
v -7.009315 -0.003392 -0.967225
v -6.994928 0.200797 -1.028414
v -5.656161 -1.707985 -4.275936
v -5.690270 -0.860780 -4.238948
v -5.586632 -0.003392 -4.342299
v -5.543579 0.200797 -4.388096
v -2.760409 -1.707984 -6.531150
v -2.808442 -0.860780 -6.516172
v -2.667015 -0.003391 -6.553858
v -2.606833 0.200800 -6.571991
v -0.002187 -1.708505 -4.411592
v -2.203636 -1.708902 -3.816802
v -2.190691 1.728385 -3.193715
v -3.816805 -1.708902 -2.203629
v -3.193715 1.728385 -2.190691
v -4.411594 -1.708507 -0.002179
v -0.001093 -0.859883 -4.414740
v -0.001872 0.000492 -4.414688
v -0.013052 0.861884 -4.408707
v -2.203845 0.865951 -3.817569
v -2.204808 0.002764 -3.818834
v -2.204988 -0.859239 -3.819145
v -3.817569 0.865951 -2.203844
v -3.818837 0.002764 -2.204803
v -3.819149 -0.859239 -2.204983
v -4.408711 0.861884 -0.013049
v -4.414690 0.000496 -0.001861
v -4.414741 -0.859885 -0.001084
v -2.859002 1.728550 -2.525195
v -2.525195 1.728550 -2.859002
v -2.741594 0.867418 -3.278402
v -3.278403 0.867418 -2.741594
v -3.437977 1.728873 -1.276905
v -3.315792 1.728874 -1.732902
v -4.013005 0.867843 -1.468253
v -4.209494 0.867841 -0.734961
v -1.732902 1.728874 -3.315792
v -1.276906 1.728873 -3.437977
v -0.734961 0.867841 -4.209493
v -1.468253 0.867843 -4.013005
v -2.526552 2.049470 -0.012286
v -2.872942 1.724504 -0.012861
v -0.012861 1.724504 -2.872942
v -0.012286 2.049470 -2.526552
v -0.004561 0.215189 -4.414241
v -2.204215 0.219141 -3.817809
v -3.817811 0.219141 -2.204212
v -4.414243 0.215195 -0.004549
v -3.792760 0.223582 -4.517165
v -4.518599 0.223582 -3.791327
v -5.543208 0.223582 -2.015601
v -5.808883 0.223582 -1.024084
v -1.026042 0.223581 -5.808359
v -2.017559 0.223583 -5.542683
v -5.930888 -1.706272 -0.562237
v -5.946378 -0.859599 -0.505428
v -5.908528 0.001727 -0.647570
v -4.308362 0.867447 -0.365742
v -3.499162 1.728848 -1.048728
v -5.891353 0.221231 -0.716266
v -3.254708 1.728868 -1.960909
v -5.417428 -1.706513 -2.478742
v -5.402680 -0.859589 -2.534700
v -5.441285 0.001717 -2.391503
v -3.914567 0.867177 -1.837178
v -5.460485 0.221223 -2.324401
v -4.855373 -1.706516 -3.452253
v -4.897026 -0.859598 -3.410934
v -4.793173 0.001729 -3.515105
v -3.548708 0.866662 -2.471862
v -3.025913 1.728549 -2.358288
v -4.743937 0.221235 -3.566007
v -2.358288 1.728549 -3.025913
v -3.452260 -1.706513 -4.855367
v -3.411510 -0.859590 -4.896454
v -3.516540 0.001717 -4.791744
v -2.471862 0.866661 -3.548709
v -3.566719 0.221224 -4.743233
v -2.478750 -1.706516 -5.417426
v -2.535482 -0.859598 -5.402469
v -2.393458 0.001729 -5.440757
v -1.837177 0.867178 -3.914566
v -1.960910 1.728868 -3.254708
v -2.325368 0.221237 -5.460220
v -1.048728 1.728848 -3.499161
v -0.562245 -1.706269 -5.930885
v -0.506212 -0.859590 -5.946171
v -0.649527 0.001715 -5.908008
v -0.365741 0.867446 -4.308362
v -0.717234 0.221217 -5.891100
v -2.316698 1.729751 -2.316698
v -2.027104 2.050058 -2.027103
v -2.692098 1.728550 -2.692098
v -4.376463 -1.709207 -5.574540
v -7.015930 -1.709219 -1.002844
v -6.577397 -1.709207 -2.639466
v -5.574549 -1.709219 -4.376457
v -4.276279 -1.701751 -5.671229
v -4.238683 -0.859608 -5.719660
v -4.303516 -0.858657 -5.652620
v -4.343645 0.001563 -5.614785
v -4.519364 0.008071 -5.439577
v -5.442451 0.008055 -4.516500
v -4.617125 0.220747 -5.341496
v -5.342929 0.220748 -4.615691
v -5.653770 -0.858685 -4.302365
v -6.538981 -1.701752 -2.773293
v -6.530637 -0.859607 -2.834033
v -6.553263 -0.858657 -2.743558
v -6.569099 0.001563 -2.690726
v -6.633672 0.008070 -2.451131
v -6.971551 0.008055 -1.190178
v -6.669295 0.220747 -2.317310
v -6.934958 0.220748 -1.325840
v -7.047492 -0.858685 -0.899069
v -0.867743 -1.701753 -7.049571
v -1.002849 -1.709208 -7.015927
v -0.810971 -0.859608 -7.072715
v -0.900637 -0.858657 -7.047072
v -0.954312 0.001561 -7.034369
v -1.194095 0.008068 -6.970494
v -2.455051 0.008056 -6.632629
v -1.327799 0.220745 -6.934434
v -2.319268 0.220748 -6.668770
v -2.745125 -0.858685 -6.552842
v -2.639470 -1.709218 -6.577397
v -1.020273 0.220152 -7.015688
v -6.585899 0.220156 -2.624264
v -4.391426 0.220158 -5.565628
v -7.049577 -1.701751 -0.867739
v -7.072925 -0.859616 -0.810190
v -7.034890 0.001576 -0.952350
v -7.015949 0.220168 -1.019309
v -5.671242 -1.701751 -4.276276
v -5.720236 -0.859616 -4.238110
v -5.616218 0.001576 -4.342205
v -5.566336 0.220168 -4.390722
v -2.773299 -1.701750 -6.538985
v -2.834812 -0.859616 -6.530429
v -2.692683 0.001577 -6.568570
v -2.625228 0.220171 -6.585644
v -2.198520 -1.700221 3.807940
v -2.181749 1.703241 3.180010
v -3.807945 -1.700221 2.198513
v -3.180010 1.703241 2.181749
v -2.192313 0.848067 3.796423
v -2.190437 -0.005878 3.793959
v -2.190025 -0.861561 3.793247
v -3.796421 0.848067 2.192316
v -3.793953 -0.005878 2.190446
v -3.793241 -0.861561 2.190036
v -2.848005 1.702900 2.514190
v -2.514190 1.702900 2.848005
v -2.727358 0.845158 3.264195
v -3.264195 0.845158 2.727358
v -3.424611 1.702255 1.273324
v -3.302426 1.702255 1.729323
v -3.995029 0.844309 1.463457
v -4.191525 0.844309 0.730124
v -1.729323 1.702255 3.302426
v -1.273324 1.702255 3.424611
v -0.730124 0.844309 4.191525
v -1.463457 0.844309 3.995029
v -2.191637 0.202785 3.796032
v -3.796029 0.202785 2.191641
v -3.788749 0.194114 4.513219
v -4.514652 0.194114 3.787316
v -5.537763 0.194114 2.014188
v -5.803461 0.194114 1.022586
v -1.024544 0.194114 5.802937
v -2.016146 0.194115 5.537238
v -5.925519 -1.705003 0.579644
v -5.937327 -0.860802 0.534005
v -5.898934 -0.003560 0.675499
v -4.288551 0.845092 0.368537
v -3.485513 1.702307 1.045687
v -5.881024 0.198797 0.733297
v -3.241334 1.702255 1.957322
v -5.421446 -1.704795 2.461011
v -5.409084 -0.860819 2.505417
v -5.446893 -0.003537 2.362504
v -3.897168 0.845629 1.825645
v -5.460022 0.198819 2.304455
v -4.842030 -1.704786 3.464599
v -4.874872 -0.860802 3.431128
v -4.770876 -0.003560 3.534467
v -3.528869 0.846653 2.461564
v -3.014912 1.702900 2.347282
v -4.726468 0.198797 3.575566
v -2.347282 1.702900 3.014911
v -3.464605 -1.704795 4.842021
v -3.431696 -0.860819 4.874296
v -3.535897 -0.003537 4.769434
v -2.461564 0.846655 3.528868
v -3.576291 0.198820 4.725728
v -2.461021 -1.704786 5.421446
v -2.506200 -0.860802 5.408880
v -2.364467 -0.003559 5.446377
v -1.825646 0.845627 3.897170
v -1.957322 1.702255 3.241334
v -2.305459 0.198799 5.459764
v -1.045687 1.702307 3.485513
v -0.579653 -1.705012 5.925515
v -0.534785 -0.860819 5.937112
v -0.677457 -0.003538 5.898400
v -0.368537 0.845094 4.288549
v -0.734294 0.198817 5.880746
v -2.311958 1.700510 2.311958
v -2.015272 2.036180 2.015271
v -2.681097 1.702900 2.681097
v -4.367036 -1.709023 5.565610
v -7.003487 -1.709033 0.999142
v -6.564768 -1.709024 2.636446
v -5.565625 -1.709033 4.367029
v -4.275944 -1.707991 5.656153
v -4.239524 -0.860797 5.689696
v -4.288795 -0.858648 5.638174
v -4.343721 -0.003370 5.585193
v -4.501850 0.008210 5.422233
v -5.425098 0.008195 4.498975
v -4.602019 0.199614 5.326488
v -5.327922 0.199615 4.600586
v -5.639328 -0.858676 4.287644
v -6.531152 -1.707991 2.760405
v -6.516382 -0.860796 2.807663
v -6.533291 -0.858647 2.738408
v -6.554368 -0.003370 2.665061
v -6.609832 0.008209 2.444868
v -6.947761 0.008194 1.183677
v -6.648710 0.199613 2.311866
v -6.914409 0.199614 1.320263
v -7.027624 -0.858676 0.893543
v -0.874991 -1.707992 7.036347
v -0.999151 -1.709024 7.003480
v -0.826681 -0.860797 7.047185
v -0.895112 -0.858648 7.027201
v -0.969173 -0.003371 7.008780
v -1.187598 0.008208 6.946717
v -2.448786 0.008195 6.608776
v -1.322221 0.199612 6.913885
v -2.313824 0.199615 6.648185
v -2.739976 -0.858676 6.532873
v -2.636455 -1.709033 6.564771
v -1.029424 0.200807 6.994664
v -6.572268 0.200811 2.605827
v -4.388839 0.200813 5.542844
v -7.036347 -1.707985 0.874985
v -7.047393 -0.860780 0.825899
v -7.009315 -0.003392 0.967225
v -6.994928 0.200797 1.028414
v -5.656161 -1.707985 4.275936
v -5.690270 -0.860780 4.238948
v -5.586632 -0.003392 4.342299
v -5.543579 0.200797 4.388096
v -2.760409 -1.707984 6.531150
v -2.808442 -0.860780 6.516172
v -2.667015 -0.003391 6.553858
v -2.606833 0.200800 6.571991
v -0.002187 -1.708505 4.411592
v -2.203636 -1.708902 3.816802
v -2.190691 1.728385 3.193715
v -3.816805 -1.708902 2.203629
v -3.193715 1.728385 2.190691
v -4.411594 -1.708507 0.002179
v -0.001093 -0.859883 4.414740
v -0.001872 0.000492 4.414688
v -0.013052 0.861884 4.408707
v -2.203845 0.865951 3.817569
v -2.204808 0.002764 3.818834
v -2.204988 -0.859239 3.819145
v -3.817569 0.865951 2.203844
v -3.818837 0.002764 2.204803
v -3.819149 -0.859239 2.204983
v -4.408711 0.861884 0.013049
v -4.414690 0.000496 0.001861
v -4.414741 -0.859885 0.001084
v -2.859002 1.728550 2.525195
v -2.525195 1.728550 2.859002
v -2.741594 0.867418 3.278402
v -3.278403 0.867418 2.741594
v -3.437977 1.728873 1.276905
v -3.315792 1.728874 1.732902
v -4.013005 0.867843 1.468253
v -4.209494 0.867841 0.734961
v -1.732902 1.728874 3.315792
v -1.276906 1.728873 3.437977
v -0.734961 0.867841 4.209493
v -1.468253 0.867843 4.013005
v -2.526552 2.049470 0.012286
v -2.872942 1.724504 0.012861
v -0.012861 1.724504 2.872942
v -0.012286 2.049470 2.526552
v -0.004561 0.215189 4.414241
v -2.204215 0.219141 3.817809
v -3.817811 0.219141 2.204212
v -4.414243 0.215195 0.004549
v -3.792760 0.223582 4.517165
v -4.518599 0.223582 3.791327
v -5.543208 0.223582 2.015601
v -5.808883 0.223582 1.024084
v -1.026042 0.223581 5.808359
v -2.017559 0.223583 5.542683
v -5.930888 -1.706272 0.562237
v -5.946378 -0.859599 0.505428
v -5.908528 0.001727 0.647570
v -4.308362 0.867447 0.365742
v -3.499162 1.728848 1.048728
v -5.891353 0.221231 0.716266
v -3.254708 1.728868 1.960909
v -5.417428 -1.706513 2.478742
v -5.402680 -0.859589 2.534700
v -5.441285 0.001717 2.391503
v -3.914567 0.867177 1.837178
v -5.460485 0.221223 2.324401
v -4.855373 -1.706516 3.452253
v -4.897026 -0.859598 3.410934
v -4.793173 0.001729 3.515105
v -3.548708 0.866662 2.471862
v -3.025913 1.728549 2.358288
v -4.743937 0.221235 3.566007
v -2.358288 1.728549 3.025913
v -3.452260 -1.706513 4.855367
v -3.411510 -0.859590 4.896454
v -3.516540 0.001717 4.791744
v -2.471862 0.866661 3.548709
v -3.566719 0.221224 4.743233
v -2.478750 -1.706516 5.417426
v -2.535482 -0.859598 5.402469
v -2.393458 0.001729 5.440757
v -1.837177 0.867178 3.914566
v -1.960910 1.728868 3.254708
v -2.325368 0.221237 5.460220
v -1.048728 1.728848 3.499161
v -0.562245 -1.706269 5.930885
v -0.506212 -0.859590 5.946171
v -0.649527 0.001715 5.908008
v -0.365741 0.867446 4.308362
v -0.717234 0.221217 5.891100
v -2.316698 1.729751 2.316698
v -2.027104 2.050058 2.027104
v -2.692098 1.728550 2.692098
v -4.376463 -1.709207 5.574540
v -7.015930 -1.709219 1.002844
v -6.577397 -1.709207 2.639466
v -5.574549 -1.709219 4.376457
v -4.276279 -1.701751 5.671229
v -4.238683 -0.859608 5.719660
v -4.303516 -0.858657 5.652620
v -4.343645 0.001563 5.614785
v -4.519364 0.008071 5.439577
v -5.442451 0.008055 4.516500
v -4.617125 0.220747 5.341496
v -5.342929 0.220748 4.615691
v -5.653770 -0.858685 4.302365
v -6.538980 -1.701752 2.773293
v -6.530637 -0.859607 2.834033
v -6.553263 -0.858657 2.743558
v -6.569099 0.001563 2.690726
v -6.633672 0.008070 2.451131
v -6.971551 0.008055 1.190178
v -6.669295 0.220747 2.317310
v -6.934958 0.220748 1.325840
v -7.047492 -0.858685 0.899069
v -0.867743 -1.701753 7.049571
v -1.002849 -1.709208 7.015927
v -0.810971 -0.859608 7.072715
v -0.900637 -0.858657 7.047072
v -0.954312 0.001561 7.034369
v -1.194095 0.008068 6.970494
v -2.455051 0.008056 6.632629
v -1.327799 0.220745 6.934434
v -2.319268 0.220748 6.668770
v -2.745125 -0.858685 6.552842
v -2.639470 -1.709218 6.577397
v -1.020273 0.220152 7.015688
v -6.585899 0.220156 2.624264
v -4.391426 0.220158 5.565628
v -7.049577 -1.701751 0.867739
v -7.072925 -0.859616 0.810190
v -7.034890 0.001576 0.952350
v -7.015949 0.220168 1.019309
v -5.671242 -1.701751 4.276276
v -5.720236 -0.859616 4.238110
v -5.616218 0.001576 4.342205
v -5.566336 0.220168 4.390722
v -2.773299 -1.701750 6.538985
v -2.834812 -0.859616 6.530429
v -2.692683 0.001577 6.568570
v -2.625228 0.220171 6.585644
v 2.198520 -1.700221 3.807940
v 2.181749 1.703241 3.180010
v 3.807945 -1.700221 2.198513
v 3.180010 1.703241 2.181749
v 2.192313 0.848067 3.796423
v 2.190437 -0.005878 3.793959
v 2.190025 -0.861561 3.793247
v 3.796421 0.848067 2.192316
v 3.793953 -0.005878 2.190446
v 3.793241 -0.861561 2.190036
v 2.848005 1.702900 2.514190
v 2.514190 1.702900 2.848005
v 2.727358 0.845158 3.264195
v 3.264195 0.845158 2.727358
v 3.424611 1.702255 1.273324
v 3.302426 1.702255 1.729323
v 3.995029 0.844309 1.463457
v 4.191525 0.844309 0.730124
v 1.729323 1.702255 3.302426
v 1.273324 1.702255 3.424611
v 0.730124 0.844309 4.191525
v 1.463457 0.844309 3.995029
v 2.191637 0.202785 3.796032
v 3.796029 0.202785 2.191641
v 3.788749 0.194114 4.513219
v 4.514652 0.194114 3.787316
v 5.537763 0.194114 2.014188
v 5.803461 0.194114 1.022586
v 1.024544 0.194114 5.802937
v 2.016146 0.194115 5.537238
v 5.925519 -1.705003 0.579644
v 5.937327 -0.860802 0.534005
v 5.898934 -0.003560 0.675499
v 4.288551 0.845092 0.368537
v 3.485513 1.702307 1.045687
v 5.881024 0.198797 0.733297
v 3.241334 1.702255 1.957322
v 5.421446 -1.704795 2.461011
v 5.409084 -0.860819 2.505417
v 5.446893 -0.003537 2.362504
v 3.897168 0.845629 1.825645
v 5.460022 0.198819 2.304455
v 4.842030 -1.704786 3.464599
v 4.874872 -0.860802 3.431128
v 4.770876 -0.003560 3.534467
v 3.528869 0.846653 2.461564
v 3.014912 1.702900 2.347282
v 4.726468 0.198797 3.575566
v 2.347282 1.702900 3.014911
v 3.464605 -1.704795 4.842021
v 3.431696 -0.860819 4.874296
v 3.535897 -0.003537 4.769434
v 2.461564 0.846655 3.528868
v 3.576291 0.198820 4.725728
v 2.461021 -1.704786 5.421446
v 2.506200 -0.860802 5.408880
v 2.364467 -0.003559 5.446377
v 1.825646 0.845627 3.897170
v 1.957322 1.702255 3.241334
v 2.305459 0.198799 5.459764
v 1.045687 1.702307 3.485513
v 0.579653 -1.705012 5.925515
v 0.534785 -0.860819 5.937112
v 0.677457 -0.003538 5.898400
v 0.368537 0.845094 4.288549
v 0.734294 0.198817 5.880746
v 2.311958 1.700510 2.311958
v 2.015272 2.036180 2.015271
v 2.681097 1.702900 2.681097
v 4.367036 -1.709023 5.565610
v 7.003487 -1.709033 0.999142
v 6.564768 -1.709024 2.636446
v 5.565625 -1.709033 4.367029
v 4.275944 -1.707991 5.656153
v 4.239524 -0.860797 5.689696
v 4.288795 -0.858648 5.638174
v 4.343721 -0.003370 5.585193
v 4.501850 0.008210 5.422233
v 5.425098 0.008195 4.498975
v 4.602019 0.199614 5.326488
v 5.327922 0.199615 4.600586
v 5.639328 -0.858676 4.287644
v 6.531152 -1.707991 2.760405
v 6.516382 -0.860796 2.807663
v 6.533291 -0.858647 2.738408
v 6.554368 -0.003370 2.665061
v 6.609832 0.008209 2.444868
v 6.947761 0.008194 1.183677
v 6.648710 0.199613 2.311866
v 6.914409 0.199614 1.320263
v 7.027624 -0.858676 0.893543
v 0.874991 -1.707992 7.036347
v 0.999151 -1.709024 7.003480
v 0.826681 -0.860797 7.047185
v 0.895112 -0.858648 7.027201
v 0.969173 -0.003371 7.008780
v 1.187598 0.008207 6.946717
v 2.448786 0.008195 6.608776
v 1.322221 0.199612 6.913885
v 2.313824 0.199615 6.648185
v 2.739976 -0.858676 6.532873
v 2.636455 -1.709032 6.564771
v 1.029423 0.200807 6.994664
v 6.572268 0.200811 2.605827
v 4.388839 0.200813 5.542844
v 7.036347 -1.707985 0.874985
v 7.047393 -0.860780 0.825899
v 7.009315 -0.003392 0.967225
v 6.994928 0.200797 1.028414
v 5.656161 -1.707985 4.275936
v 5.690270 -0.860780 4.238948
v 5.586632 -0.003392 4.342299
v 5.543579 0.200797 4.388096
v 2.760409 -1.707984 6.531150
v 2.808442 -0.860780 6.516172
v 2.667015 -0.003391 6.553858
v 2.606833 0.200800 6.571991
v 0.002187 -1.708505 4.411592
v 2.203636 -1.708902 3.816802
v 2.190691 1.728385 3.193715
v 3.816805 -1.708902 2.203629
v 3.193715 1.728385 2.190691
v 4.411594 -1.708507 0.002179
v 0.001093 -0.859883 4.414740
v 0.001872 0.000492 4.414688
v 0.013052 0.861884 4.408707
v 2.203845 0.865951 3.817569
v 2.204808 0.002764 3.818834
v 2.204988 -0.859239 3.819145
v 3.817569 0.865951 2.203844
v 3.818837 0.002764 2.204803
v 3.819149 -0.859239 2.204983
v 4.408711 0.861884 0.013049
v 4.414690 0.000496 0.001861
v 4.414741 -0.859885 0.001084
v 2.859002 1.728550 2.525195
v 2.525195 1.728550 2.859002
v 2.741594 0.867418 3.278402
v 3.278403 0.867418 2.741594
v 3.437977 1.728873 1.276905
v 3.315792 1.728874 1.732902
v 4.013005 0.867843 1.468253
v 4.209494 0.867841 0.734961
v 1.732902 1.728874 3.315792
v 1.276906 1.728873 3.437977
v 0.734961 0.867841 4.209493
v 1.468253 0.867843 4.013005
v 2.526552 2.049470 0.012286
v 2.872942 1.724504 0.012861
v 0.012861 1.724504 2.872942
v 0.012286 2.049470 2.526552
v 0.004561 0.215189 4.414241
v 2.204215 0.219141 3.817809
v 3.817811 0.219141 2.204212
v 4.414243 0.215195 0.004549
v 3.792760 0.223582 4.517165
v 4.518599 0.223582 3.791327
v 5.543208 0.223582 2.015601
v 5.808883 0.223582 1.024084
v 1.026042 0.223581 5.808359
v 2.017559 0.223583 5.542683
v 5.930888 -1.706272 0.562237
v 5.946378 -0.859599 0.505428
v 5.908528 0.001727 0.647570
v 4.308362 0.867447 0.365742
v 3.499162 1.728848 1.048728
v 5.891353 0.221231 0.716266
v 3.254708 1.728868 1.960909
v 5.417428 -1.706513 2.478742
v 5.402680 -0.859589 2.534700
v 5.441285 0.001717 2.391503
v 3.914567 0.867177 1.837178
v 5.460485 0.221223 2.324401
v 4.855373 -1.706516 3.452253
v 4.897026 -0.859598 3.410934
v 4.793173 0.001729 3.515105
v 3.548708 0.866662 2.471862
v 3.025913 1.728549 2.358288
v 4.743937 0.221235 3.566007
v 2.358288 1.728549 3.025913
v 3.452260 -1.706513 4.855367
v 3.411510 -0.859590 4.896454
v 3.516540 0.001717 4.791744
v 2.471862 0.866661 3.548709
v 3.566719 0.221224 4.743233
v 2.478750 -1.706516 5.417426
v 2.535482 -0.859598 5.402469
v 2.393458 0.001729 5.440757
v 1.837177 0.867178 3.914566
v 1.960910 1.728868 3.254708
v 2.325368 0.221237 5.460220
v 1.048728 1.728848 3.499161
v 0.562245 -1.706269 5.930885
v 0.506212 -0.859590 5.946171
v 0.649527 0.001715 5.908008
v 0.365741 0.867446 4.308362
v 0.717234 0.221217 5.891100
v 2.316698 1.729751 2.316698
v 2.027104 2.050058 2.027103
v 2.692098 1.728550 2.692098
v 4.376463 -1.709207 5.574540
v 7.015930 -1.709219 1.002844
v 6.577397 -1.709207 2.639466
v 5.574549 -1.709219 4.376457
v 4.276279 -1.701751 5.671229
v 4.238683 -0.859608 5.719660
v 4.303516 -0.858657 5.652620
v 4.343645 0.001563 5.614785
v 4.519364 0.008071 5.439577
v 5.442451 0.008055 4.516500
v 4.617125 0.220747 5.341496
v 5.342929 0.220748 4.615691
v 5.653770 -0.858685 4.302365
v 6.538981 -1.701752 2.773293
v 6.530637 -0.859607 2.834033
v 6.553263 -0.858657 2.743558
v 6.569099 0.001563 2.690726
v 6.633672 0.008070 2.451131
v 6.971551 0.008055 1.190178
v 6.669295 0.220747 2.317310
v 6.934958 0.220748 1.325840
v 7.047492 -0.858685 0.899069
v 0.867743 -1.701753 7.049571
v 1.002849 -1.709208 7.015927
v 0.810971 -0.859608 7.072715
v 0.900637 -0.858657 7.047072
v 0.954312 0.001561 7.034369
v 1.194095 0.008068 6.970494
v 2.455051 0.008056 6.632629
v 1.327799 0.220745 6.934434
v 2.319268 0.220748 6.668770
v 2.745125 -0.858685 6.552842
v 2.639470 -1.709218 6.577397
v 1.020273 0.220152 7.015688
v 6.585899 0.220156 2.624264
v 4.391426 0.220158 5.565628
v 7.049577 -1.701751 0.867739
v 7.072925 -0.859616 0.810190
v 7.034890 0.001576 0.952350
v 7.015949 0.220168 1.019309
v 5.671242 -1.701751 4.276276
v 5.720236 -0.859616 4.238110
v 5.616218 0.001576 4.342205
v 5.566336 0.220168 4.390722
v 2.773299 -1.701750 6.538985
v 2.834812 -0.859616 6.530429
v 2.692683 0.001577 6.568570
v 2.625228 0.220171 6.585644
v -2.198520 -1.700221 -3.807940
v -2.181749 1.703241 -3.180010
v -3.807945 -1.700221 -2.198513
v -3.180010 1.703241 -2.181749
v -2.192313 0.848067 -3.796423
v -2.190437 -0.005878 -3.793959
v -2.190025 -0.861561 -3.793247
v -3.796421 0.848067 -2.192316
v -3.793953 -0.005878 -2.190446
v -3.793241 -0.861561 -2.190036
v -2.848005 1.702900 -2.514190
v -2.514190 1.702900 -2.848005
v -2.727358 0.845158 -3.264195
v -3.264195 0.845158 -2.727358
v -3.424611 1.702255 -1.273324
v -3.302426 1.702255 -1.729323
v -3.995029 0.844309 -1.463457
v -4.191525 0.844309 -0.730124
v -1.729323 1.702255 -3.302426
v -1.273324 1.702255 -3.424611
v -0.730124 0.844309 -4.191525
v -1.463457 0.844309 -3.995029
v -2.191637 0.202785 -3.796032
v -3.796029 0.202785 -2.191641
v -3.788749 0.194114 -4.513219
v -4.514652 0.194114 -3.787316
v -5.537763 0.194114 -2.014188
v -5.803461 0.194114 -1.022586
v -1.024544 0.194114 -5.802937
v -2.016146 0.194115 -5.537238
v -5.925519 -1.705003 -0.579644
v -5.937327 -0.860802 -0.534005
v -5.898934 -0.003560 -0.675499
v -4.288551 0.845092 -0.368537
v -3.485513 1.702307 -1.045687
v -5.881024 0.198797 -0.733297
v -3.241334 1.702255 -1.957322
v -5.421446 -1.704795 -2.461011
v -5.409084 -0.860819 -2.505417
v -5.446893 -0.003537 -2.362504
v -3.897168 0.845629 -1.825645
v -5.460022 0.198819 -2.304455
v -4.842030 -1.704786 -3.464599
v -4.874872 -0.860802 -3.431128
v -4.770876 -0.003560 -3.534467
v -3.528869 0.846653 -2.461564
v -3.014912 1.702900 -2.347282
v -4.726468 0.198797 -3.575566
v -2.347282 1.702900 -3.014911
v -3.464605 -1.704795 -4.842021
v -3.431696 -0.860819 -4.874296
v -3.535897 -0.003537 -4.769434
v -2.461564 0.846655 -3.528868
v -3.576291 0.198820 -4.725728
v -2.461021 -1.704786 -5.421446
v -2.506200 -0.860802 -5.408880
v -2.364467 -0.003559 -5.446377
v -1.825646 0.845627 -3.897170
v -1.957322 1.702255 -3.241334
v -2.305459 0.198799 -5.459764
v -1.045687 1.702307 -3.485513
v -0.579653 -1.705012 -5.925515
v -0.534785 -0.860819 -5.937112
v -0.677457 -0.003538 -5.898400
v -0.368537 0.845094 -4.288549
v -0.734294 0.198817 -5.880746
v -2.311958 1.700510 -2.311958
v -2.015272 2.036180 -2.015271
v -2.681097 1.702900 -2.681097
v -4.367036 -1.709023 -5.565610
v -7.003487 -1.709033 -0.999142
v -6.564768 -1.709024 -2.636446
v -5.565625 -1.709033 -4.367029
v -4.275944 -1.707991 -5.656153
v -4.239524 -0.860797 -5.689696
v -4.288795 -0.858648 -5.638174
v -4.343721 -0.003370 -5.585193
v -4.501850 0.008210 -5.422233
v -5.425098 0.008195 -4.498975
v -4.602019 0.199614 -5.326488
v -5.327922 0.199615 -4.600586
v -5.639328 -0.858676 -4.287644
v -6.531152 -1.707991 -2.760405
v -6.516382 -0.860796 -2.807663
v -6.533291 -0.858647 -2.738408
v -6.554368 -0.003370 -2.665061
v -6.609832 0.008209 -2.444868
v -6.947761 0.008194 -1.183677
v -6.648710 0.199613 -2.311866
v -6.914409 0.199614 -1.320263
v -7.027624 -0.858676 -0.893543
v -0.874991 -1.707992 -7.036347
v -0.999151 -1.709024 -7.003480
v -0.826681 -0.860797 -7.047185
v -0.895112 -0.858648 -7.027201
v -0.969173 -0.003371 -7.008780
v -1.187598 0.008207 -6.946717
v -2.448786 0.008195 -6.608776
v -1.322221 0.199612 -6.913885
v -2.313824 0.199615 -6.648185
v -2.739976 -0.858676 -6.532873
v -2.636455 -1.709032 -6.564771
v -1.029423 0.200807 -6.994664
v -6.572268 0.200811 -2.605827
v -4.388839 0.200813 -5.542844
v -7.036347 -1.707985 -0.874985
v -7.047393 -0.860780 -0.825899
v -7.009315 -0.003392 -0.967225
v -6.994928 0.200797 -1.028414
v -5.656161 -1.707985 -4.275936
v -5.690270 -0.860780 -4.238948
v -5.586632 -0.003392 -4.342299
v -5.543579 0.200797 -4.388096
v -2.760409 -1.707984 -6.531150
v -2.808442 -0.860780 -6.516172
v -2.667015 -0.003391 -6.553858
v -2.606833 0.200800 -6.571991
v -0.002187 -1.708505 -4.411592
v -2.203636 -1.708902 -3.816802
v -2.190691 1.728385 -3.193715
v -3.816805 -1.708902 -2.203629
v -3.193715 1.728385 -2.190691
v -4.411594 -1.708507 -0.002179
v -0.001093 -0.859883 -4.414740
v -0.001872 0.000492 -4.414688
v -0.013052 0.861884 -4.408707
v -2.203845 0.865951 -3.817569
v -2.204808 0.002764 -3.818834
v -2.204988 -0.859239 -3.819145
v -3.817569 0.865951 -2.203844
v -3.818837 0.002764 -2.204803
v -3.819149 -0.859239 -2.204983
v -4.408711 0.861884 -0.013049
v -4.414690 0.000496 -0.001861
v -4.414741 -0.859885 -0.001084
v -2.859002 1.728550 -2.525195
v -2.525195 1.728550 -2.859002
v -2.741594 0.867418 -3.278402
v -3.278403 0.867418 -2.741594
v -3.437977 1.728873 -1.276905
v -3.315792 1.728874 -1.732902
v -4.013005 0.867843 -1.468253
v -4.209494 0.867841 -0.734961
v -1.732902 1.728874 -3.315792
v -1.276906 1.728873 -3.437977
v -0.734961 0.867841 -4.209493
v -1.468253 0.867843 -4.013005
v -2.526552 2.049470 -0.012286
v -2.872942 1.724504 -0.012861
v -0.012861 1.724504 -2.872942
v -0.012286 2.049470 -2.526552
v -0.004561 0.215189 -4.414241
v -2.204215 0.219141 -3.817809
v -3.817811 0.219141 -2.204212
v -4.414243 0.215195 -0.004549
v -3.792760 0.223582 -4.517165
v -4.518599 0.223582 -3.791327
v -5.543208 0.223582 -2.015601
v -5.808883 0.223582 -1.024084
v -1.026042 0.223581 -5.808359
v -2.017559 0.223583 -5.542683
v -5.930888 -1.706272 -0.562237
v -5.946378 -0.859599 -0.505428
v -5.908528 0.001727 -0.647570
v -4.308362 0.867447 -0.365742
v -3.499162 1.728848 -1.048728
v -5.891353 0.221231 -0.716266
v -3.254708 1.728868 -1.960909
v -5.417428 -1.706513 -2.478742
v -5.402680 -0.859589 -2.534700
v -5.441285 0.001717 -2.391503
v -3.914567 0.867177 -1.837178
v -5.460485 0.221223 -2.324401
v -4.855373 -1.706516 -3.452253
v -4.897026 -0.859598 -3.410934
v -4.793173 0.001729 -3.515105
v -3.548708 0.866662 -2.471862
v -3.025913 1.728549 -2.358288
v -4.743937 0.221235 -3.566007
v -2.358288 1.728549 -3.025913
v -3.452260 -1.706513 -4.855367
v -3.411510 -0.859590 -4.896454
v -3.516540 0.001717 -4.791744
v -2.471862 0.866661 -3.548709
v -3.566719 0.221224 -4.743233
v -2.478750 -1.706516 -5.417426
v -2.535482 -0.859598 -5.402469
v -2.393458 0.001729 -5.440757
v -1.837177 0.867178 -3.914566
v -1.960910 1.728868 -3.254708
v -2.325368 0.221237 -5.460220
v -1.048728 1.728848 -3.499161
v -0.562245 -1.706269 -5.930885
v -0.506212 -0.859590 -5.946171
v -0.649527 0.001715 -5.908008
v -0.365741 0.867446 -4.308362
v -0.717234 0.221217 -5.891100
v -2.316698 1.729751 -2.316698
v -2.027104 2.050058 -2.027103
v -2.692098 1.728550 -2.692098
v -4.376463 -1.709207 -5.574540
v -7.015930 -1.709219 -1.002844
v -6.577397 -1.709207 -2.639466
v -5.574549 -1.709219 -4.376457
v -4.276279 -1.701751 -5.671229
v -4.238683 -0.859608 -5.719660
v -4.303516 -0.858657 -5.652620
v -4.343645 0.001563 -5.614785
v -4.519364 0.008071 -5.439577
v -5.442451 0.008055 -4.516500
v -4.617125 0.220747 -5.341496
v -5.342929 0.220748 -4.615691
v -5.653770 -0.858685 -4.302365
v -6.538981 -1.701752 -2.773293
v -6.530637 -0.859607 -2.834033
v -6.553263 -0.858657 -2.743558
v -6.569099 0.001563 -2.690726
v -6.633672 0.008070 -2.451131
v -6.971551 0.008055 -1.190178
v -6.669295 0.220747 -2.317310
v -6.934958 0.220748 -1.325840
v -7.047492 -0.858685 -0.899069
v -0.867743 -1.701753 -7.049571
v -1.002849 -1.709208 -7.015927
v -0.810971 -0.859608 -7.072715
v -0.900637 -0.858657 -7.047072
v -0.954312 0.001561 -7.034369
v -1.194095 0.008068 -6.970494
v -2.455051 0.008056 -6.632629
v -1.327799 0.220745 -6.934434
v -2.319268 0.220748 -6.668770
v -2.745125 -0.858685 -6.552842
v -2.639470 -1.709218 -6.577397
v -1.020273 0.220152 -7.015688
v -6.585899 0.220156 -2.624264
v -4.391426 0.220158 -5.565628
v -7.049577 -1.701751 -0.867739
v -7.072925 -0.859616 -0.810190
v -7.034890 0.001576 -0.952350
v -7.015949 0.220168 -1.019309
v -5.671242 -1.701751 -4.276276
v -5.720236 -0.859616 -4.238110
v -5.616218 0.001576 -4.342205
v -5.566336 0.220168 -4.390722
v -2.773299 -1.701750 -6.538985
v -2.834812 -0.859616 -6.530429
v -2.692683 0.001577 -6.568570
v -2.625228 0.220171 -6.585644
v 2.198520 -1.700221 -3.807940
v 2.181749 1.703241 -3.180010
v 3.807945 -1.700221 -2.198513
v 3.180010 1.703241 -2.181749
v 2.192313 0.848067 -3.796423
v 2.190437 -0.005878 -3.793959
v 2.190025 -0.861561 -3.793247
v 3.796421 0.848067 -2.192316
v 3.793953 -0.005878 -2.190446
v 3.793241 -0.861561 -2.190036
v 2.848005 1.702900 -2.514190
v 2.514190 1.702900 -2.848005
v 2.727358 0.845158 -3.264195
v 3.264195 0.845158 -2.727358
v 3.424611 1.702255 -1.273324
v 3.302426 1.702255 -1.729323
v 3.995029 0.844309 -1.463457
v 4.191525 0.844309 -0.730124
v 1.729323 1.702255 -3.302426
v 1.273324 1.702255 -3.424611
v 0.730124 0.844309 -4.191525
v 1.463457 0.844309 -3.995029
v 2.191637 0.202785 -3.796032
v 3.796029 0.202785 -2.191641
v 3.788749 0.194114 -4.513219
v 4.514652 0.194114 -3.787316
v 5.537763 0.194114 -2.014188
v 5.803461 0.194114 -1.022586
v 1.024544 0.194114 -5.802937
v 2.016146 0.194115 -5.537238
v 5.925519 -1.705003 -0.579644
v 5.937327 -0.860802 -0.534005
v 5.898934 -0.003560 -0.675499
v 4.288551 0.845092 -0.368537
v 3.485513 1.702307 -1.045687
v 5.881024 0.198797 -0.733297
v 3.241334 1.702255 -1.957322
v 5.421446 -1.704795 -2.461011
v 5.409084 -0.860819 -2.505417
v 5.446893 -0.003537 -2.362504
v 3.897168 0.845629 -1.825645
v 5.460022 0.198819 -2.304455
v 4.842030 -1.704786 -3.464599
v 4.874872 -0.860802 -3.431128
v 4.770876 -0.003560 -3.534467
v 3.528869 0.846653 -2.461564
v 3.014912 1.702900 -2.347282
v 4.726468 0.198797 -3.575566
v 2.347282 1.702900 -3.014911
v 3.464605 -1.704795 -4.842021
v 3.431696 -0.860819 -4.874296
v 3.535897 -0.003537 -4.769434
v 2.461564 0.846655 -3.528868
v 3.576291 0.198820 -4.725728
v 2.461021 -1.704786 -5.421446
v 2.506200 -0.860802 -5.408880
v 2.364467 -0.003559 -5.446377
v 1.825646 0.845627 -3.897170
v 1.957322 1.702255 -3.241334
v 2.305459 0.198799 -5.459764
v 1.045687 1.702307 -3.485513
v 0.579653 -1.705012 -5.925515
v 0.534785 -0.860819 -5.937112
v 0.677457 -0.003538 -5.898400
v 0.368537 0.845094 -4.288549
v 0.734294 0.198817 -5.880746
v 2.311958 1.700510 -2.311958
v 2.015272 2.036180 -2.015271
v 2.681097 1.702900 -2.681097
v 4.367036 -1.709023 -5.565610
v 7.003487 -1.709033 -0.999142
v 6.564768 -1.709024 -2.636446
v 5.565625 -1.709033 -4.367029
v 4.275944 -1.707991 -5.656153
v 4.239524 -0.860797 -5.689696
v 4.288795 -0.858648 -5.638174
v 4.343721 -0.003370 -5.585193
v 4.501850 0.008210 -5.422233
v 5.425098 0.008195 -4.498975
v 4.602019 0.199614 -5.326488
v 5.327922 0.199615 -4.600586
v 5.639328 -0.858676 -4.287644
v 6.531152 -1.707991 -2.760405
v 6.516382 -0.860796 -2.807663
v 6.533291 -0.858647 -2.738408
v 6.554368 -0.003370 -2.665061
v 6.609832 0.008209 -2.444868
v 6.947761 0.008194 -1.183677
v 6.648710 0.199613 -2.311866
v 6.914409 0.199614 -1.320263
v 7.027624 -0.858676 -0.893543
v 0.874991 -1.707992 -7.036347
v 0.999151 -1.709024 -7.003480
v 0.826681 -0.860797 -7.047185
v 0.895112 -0.858648 -7.027201
v 0.969173 -0.003371 -7.008780
v 1.187598 0.008208 -6.946717
v 2.448786 0.008195 -6.608776
v 1.322221 0.199612 -6.913885
v 2.313824 0.199615 -6.648185
v 2.739976 -0.858676 -6.532873
v 2.636455 -1.709033 -6.564771
v 1.029424 0.200807 -6.994664
v 6.572268 0.200811 -2.605827
v 4.388839 0.200813 -5.542844
v 7.036347 -1.707985 -0.874985
v 7.047393 -0.860780 -0.825899
v 7.009315 -0.003392 -0.967225
v 6.994928 0.200797 -1.028414
v 5.656161 -1.707985 -4.275936
v 5.690270 -0.860780 -4.238948
v 5.586632 -0.003392 -4.342299
v 5.543579 0.200797 -4.388096
v 2.760409 -1.707984 -6.531150
v 2.808442 -0.860780 -6.516172
v 2.667015 -0.003391 -6.553858
v 2.606833 0.200800 -6.571991
v 0.002187 -1.708505 -4.411592
v 2.203636 -1.708902 -3.816802
v 2.190691 1.728385 -3.193715
v 3.816805 -1.708902 -2.203629
v 3.193715 1.728385 -2.190691
v 4.411594 -1.708507 -0.002179
v 0.001093 -0.859883 -4.414740
v 0.001872 0.000492 -4.414688
v 0.013052 0.861884 -4.408707
v 2.203845 0.865951 -3.817569
v 2.204808 0.002764 -3.818834
v 2.204988 -0.859239 -3.819145
v 3.817569 0.865951 -2.203844
v 3.818837 0.002764 -2.204803
v 3.819149 -0.859239 -2.204983
v 4.408711 0.861884 -0.013049
v 4.414690 0.000496 -0.001861
v 4.414741 -0.859885 -0.001084
v 2.859002 1.728550 -2.525195
v 2.525195 1.728550 -2.859002
v 2.741594 0.867418 -3.278402
v 3.278403 0.867418 -2.741594
v 3.437977 1.728873 -1.276905
v 3.315792 1.728874 -1.732902
v 4.013005 0.867843 -1.468253
v 4.209494 0.867841 -0.734961
v 1.732902 1.728874 -3.315792
v 1.276906 1.728873 -3.437977
v 0.734961 0.867841 -4.209493
v 1.468253 0.867843 -4.013005
v 2.526552 2.049470 -0.012286
v 2.872942 1.724504 -0.012861
v 0.012861 1.724504 -2.872942
v 0.012286 2.049470 -2.526552
v 0.004561 0.215189 -4.414241
v 2.204215 0.219141 -3.817809
v 3.817811 0.219141 -2.204212
v 4.414243 0.215195 -0.004549
v 3.792760 0.223582 -4.517165
v 4.518599 0.223582 -3.791327
v 5.543208 0.223582 -2.015601
v 5.808883 0.223582 -1.024084
v 1.026042 0.223581 -5.808359
v 2.017559 0.223583 -5.542683
v 5.930888 -1.706272 -0.562237
v 5.946378 -0.859599 -0.505428
v 5.908528 0.001727 -0.647570
v 4.308362 0.867447 -0.365742
v 3.499162 1.728848 -1.048728
v 5.891353 0.221231 -0.716266
v 3.254708 1.728868 -1.960909
v 5.417428 -1.706513 -2.478742
v 5.402680 -0.859589 -2.534700
v 5.441285 0.001717 -2.391503
v 3.914567 0.867177 -1.837178
v 5.460485 0.221223 -2.324401
v 4.855373 -1.706516 -3.452253
v 4.897026 -0.859598 -3.410934
v 4.793173 0.001729 -3.515105
v 3.548708 0.866662 -2.471862
v 3.025913 1.728549 -2.358288
v 4.743937 0.221235 -3.566007
v 2.358288 1.728549 -3.025913
v 3.452260 -1.706513 -4.855367
v 3.411510 -0.859590 -4.896454
v 3.516540 0.001717 -4.791744
v 2.471862 0.866661 -3.548709
v 3.566719 0.221224 -4.743233
v 2.478750 -1.706516 -5.417426
v 2.535482 -0.859598 -5.402469
v 2.393458 0.001729 -5.440757
v 1.837177 0.867178 -3.914566
v 1.960910 1.728868 -3.254708
v 2.325368 0.221237 -5.460220
v 1.048728 1.728848 -3.499161
v 0.562245 -1.706269 -5.930885
v 0.506212 -0.859590 -5.946171
v 0.649527 0.001715 -5.908008
v 0.365741 0.867446 -4.308362
v 0.717234 0.221217 -5.891100
v 2.316698 1.729751 -2.316698
v 2.027104 2.050058 -2.027104
v 2.692098 1.728550 -2.692098
v 4.376463 -1.709207 -5.574540
v 7.015930 -1.709219 -1.002844
v 6.577397 -1.709207 -2.639466
v 5.574549 -1.709219 -4.376457
v 4.276279 -1.701751 -5.671229
v 4.238683 -0.859608 -5.719660
v 4.303516 -0.858657 -5.652620
v 4.343645 0.001563 -5.614785
v 4.519364 0.008071 -5.439577
v 5.442451 0.008055 -4.516500
v 4.617125 0.220747 -5.341496
v 5.342929 0.220748 -4.615691
v 5.653770 -0.858685 -4.302365
v 6.538980 -1.701752 -2.773293
v 6.530637 -0.859607 -2.834033
v 6.553263 -0.858657 -2.743558
v 6.569099 0.001563 -2.690726
v 6.633672 0.008070 -2.451131
v 6.971551 0.008055 -1.190178
v 6.669295 0.220747 -2.317310
v 6.934958 0.220748 -1.325840
v 7.047492 -0.858685 -0.899069
v 0.867743 -1.701753 -7.049571
v 1.002849 -1.709208 -7.015927
v 0.810971 -0.859608 -7.072715
v 0.900637 -0.858657 -7.047072
v 0.954312 0.001561 -7.034369
v 1.194095 0.008068 -6.970494
v 2.455051 0.008056 -6.632629
v 1.327799 0.220745 -6.934434
v 2.319268 0.220748 -6.668770
v 2.745125 -0.858685 -6.552842
v 2.639470 -1.709218 -6.577397
v 1.020273 0.220152 -7.015688
v 6.585899 0.220156 -2.624264
v 4.391426 0.220158 -5.565628
v 7.049577 -1.701751 -0.867739
v 7.072925 -0.859616 -0.810190
v 7.034890 0.001576 -0.952350
v 7.015949 0.220168 -1.019309
v 5.671242 -1.701751 -4.276276
v 5.720236 -0.859616 -4.238110
v 5.616218 0.001576 -4.342205
v 5.566336 0.220168 -4.390722
v 2.773299 -1.701750 -6.538985
v 2.834812 -0.859616 -6.530429
v 2.692683 0.001577 -6.568570
v 2.625228 0.220171 -6.585644
vn 0.2119 0.5743 -0.7907
vn 0.6271 0.4620 -0.6271
vn 0.7350 0.6729 -0.0828
vn -0.0000 1.0000 -0.0000
vn 0.3320 -0.0312 0.9428
vn 0.3575 0.0847 0.9301
vn 0.5425 0.4754 0.6926
vn 0.7589 -0.0312 0.6505
vn 0.7746 0.0847 0.6267
vn 0.8161 0.4754 0.3285
vn 0.9824 -0.0312 0.1839
vn 0.9842 0.0847 0.1554
vn 0.8710 0.4754 -0.1236
vn 0.2614 0.9291 -0.2614
vn 0.3571 0.9291 -0.0957
vn 0.9640 -0.0625 0.2583
vn 0.7907 0.5743 -0.2119
vn 0.0957 0.9291 -0.3571
vn -0.6753 0.2964 -0.6753
vn 0.9521 0.1684 0.2551
vn -0.9519 0.1698 -0.2551
vn 0.9840 0.1534 0.0907
vn 0.8068 0.1534 0.5705
vn 0.4134 0.1534 0.8975
vn 0.9213 0.3005 0.2469
vn -0.0898 0.1512 -0.9844
vn -0.1837 -0.0307 -0.9825
vn -0.1546 0.0853 -0.9843
vn 0.1240 0.4753 -0.8710
vn -0.9641 -0.0616 -0.2583
vn -0.5700 0.1512 -0.8076
vn -0.6503 -0.0307 -0.7590
vn -0.6260 0.0853 -0.7751
vn -0.3281 0.4753 -0.8163
vn 0.2583 -0.0625 0.9640
vn -0.8975 0.1512 -0.4144
vn 0.0828 0.6729 -0.7350
vn -0.9427 -0.0307 -0.3322
vn -0.9297 0.0853 -0.3583
vn -0.6923 0.4753 -0.5429
vn 0.6715 0.7227 -0.1640
vn 0.1640 0.7227 -0.6715
vn 0.7071 -0.0000 -0.7071
vn 0.9659 -0.0000 -0.2588
vn 0.2588 -0.0000 -0.9659
vn -0.7058 -0.0616 -0.7058
vn 0.6744 0.3005 0.6744
vn -0.6968 0.1698 -0.6968
vn 0.6970 0.1684 0.6970
vn -0.2472 0.2964 -0.9225
vn 0.7057 -0.0625 0.7057
vn -0.2583 -0.0616 -0.9641
vn 0.2469 0.3005 0.9213
vn -0.2551 0.1698 -0.9519
vn -0.9225 0.2964 -0.2472
vn 0.2551 0.1684 0.9521
vn -0.2127 -0.5737 0.7910
vn -0.6277 -0.4614 0.6271
vn -0.7352 -0.6727 0.0835
vn 0.0004 -1.0000 -0.0009
vn -0.3320 0.0312 -0.9428
vn -0.3575 -0.0846 -0.9301
vn -0.5424 -0.4732 -0.6942
vn -0.7615 0.0312 -0.6474
vn -0.7770 -0.0846 -0.6237
vn -0.8165 -0.4755 -0.3273
vn -0.9832 0.0312 -0.1799
vn -0.9848 -0.0846 -0.1516
vn -0.8708 -0.4756 0.1250
vn -0.2643 -0.9291 0.2586
vn -0.2616 -0.9290 0.2616
vn -0.6274 -0.4613 0.6274
vn -0.3580 -0.9292 0.0919
vn -0.3572 -0.9291 0.0957
vn -0.9634 0.0624 -0.2607
vn -0.7911 -0.5738 0.2119
vn -0.7911 -0.5738 0.2120
vn -0.0993 -0.9292 0.3560
vn -0.0957 -0.9291 0.3572
vn -0.2124 -0.5736 0.7911
vn -0.2120 -0.5738 0.7911
vn 0.6778 -0.2913 0.6750
vn -0.9515 -0.1684 -0.2574
vn 0.9525 -0.1698 0.2528
vn -0.9851 -0.1478 -0.0881
vn -0.8091 -0.1478 -0.5688
vn -0.4132 -0.1477 -0.8986
vn -0.3560 -0.9292 0.0993
vn -0.9223 -0.2955 -0.2492
vn -0.7911 -0.5736 0.2124
vn 0.0872 -0.1455 0.9855
vn -0.7910 -0.5737 0.2127
vn 0.1797 0.0308 0.9832
vn 0.1508 -0.0853 0.9849
vn -0.1255 -0.4755 0.8707
vn -0.0022 -1.0000 -0.0045
vn -0.2586 -0.9291 0.2643
vn 0.9647 0.0614 0.2559
vn 0.5683 -0.1455 0.8099
vn -0.6271 -0.4614 0.6277
vn 0.6472 0.0308 0.7617
vn 0.6230 -0.0853 0.7775
vn 0.3268 -0.4755 0.8168
vn -0.2559 0.0624 -0.9647
vn -0.0919 -0.9292 0.3580
vn 0.0050 -1.0000 -0.0003
vn -0.2119 -0.5738 0.7911
vn 0.8985 -0.1454 0.4142
vn -0.0835 -0.6727 0.7352
vn 0.9427 0.0308 0.3322
vn 0.9297 -0.0853 0.3583
vn 0.6939 -0.4731 0.5428
vn -0.6702 -0.7240 0.1633
vn -0.1633 -0.7240 0.6702
vn 0.0009 -1.0000 -0.0004
vn -0.7203 0.0048 0.6936
vn -0.7247 -0.0021 0.6890
vn -0.9706 0.0048 0.2405
vn -0.9722 -0.0021 0.2343
vn -0.2770 0.0048 0.9609
vn -0.2831 -0.0021 0.9591
vn -0.2588 0.0142 0.9658
vn -0.2662 0.0130 0.9638
vn -0.9658 0.0142 0.2588
vn -0.9678 0.0130 0.2514
vn -0.7070 0.0142 0.7070
vn -0.7125 0.0130 0.7016
vn -0.9638 0.0131 0.2663
vn -0.9608 0.0048 0.2772
vn -0.9591 -0.0022 0.2832
vn -0.7016 0.0131 0.7125
vn -0.6935 0.0048 0.7205
vn -0.6890 -0.0022 0.7248
vn -0.2513 0.0131 0.9678
vn -0.2403 0.0048 0.9707
vn -0.2343 -0.0022 0.9722
vn 0.0045 -1.0000 0.0022
vn 0.7075 0.0614 0.7040
vn -0.6741 -0.2955 -0.6769
vn 0.6985 -0.1698 0.6952
vn -0.6953 -0.1684 -0.6987
vn 0.2495 -0.2913 0.9235
vn -0.7040 0.0624 -0.7075
vn 0.0006 -1.0000 -0.0023
vn 0.0028 -1.0000 0.0042
vn -0.0042 -1.0000 -0.0028
vn 0.2607 0.0614 0.9635
vn -0.2454 -0.2955 -0.9233
vn 0.0023 -1.0000 -0.0006
vn 0.2573 -0.1698 0.9513
vn 0.9245 -0.2913 0.2457
vn 0.0003 -1.0000 -0.0050
vn -0.2529 -0.1684 -0.9527
vn 0.0017 -1.0000 -0.0017
vn -0.1019 -0.9946 -0.0170
vn -0.9819 -0.1338 0.1342
vn -0.0798 -0.9946 -0.0657
vn -0.0136 -0.9992 -0.0367
vn -0.9409 -0.0001 0.3388
vn 0.0006 0.0413 0.9991
vn -0.3392 -0.0001 0.9407
vn -0.3678 -0.0003 0.9299
vn -0.7118 -0.0036 0.7023
vn -0.1343 -0.1339 0.9819
vn -0.8919 -0.0032 0.4522
vn -0.9302 -0.0003 0.3671
vn 0.0372 -0.9986 0.0371
vn 0.0508 -0.9986 0.0136
vn 0.0880 0.0913 0.9919
vn -0.9991 0.0413 -0.0006
vn -0.9919 0.0913 -0.0880
vn -0.4530 -0.0032 0.8915
vn -0.7027 -0.0036 0.7115
vn -0.0138 -0.9986 -0.0516
vn 0.0169 -0.9947 0.1014
vn 0.0653 -0.9947 0.0794
vn -0.0377 -0.9986 -0.0378
vn 0.7018 0.1225 0.7018
vn 0.0361 -0.9993 0.0133
vn -0.1858 0.6359 0.7491
vn -0.7491 0.6359 0.1858
vn -0.0000 -1.0000 -0.0000
vn 0.6685 -0.3258 0.6685
vn -0.6691 -0.3234 -0.6691
vn -0.0192 -0.9997 0.0168
vn -0.0171 -0.9997 0.0195
vn 0.2447 -0.3257 0.9132
vn -0.2449 -0.3234 -0.9140
vn -0.7016 0.1243 -0.7016
vn -0.0082 -0.9997 0.0242
vn 0.9132 -0.3257 0.2447
vn -0.9140 -0.3234 -0.2449
vn 0.9587 0.1225 0.2569
vn -0.9584 0.1243 -0.2568
vn 0.2569 0.1225 0.9587
vn -0.0050 -0.9997 0.0254
vn -0.0251 -0.9997 0.0050
vn -0.0515 -0.9986 -0.0139
vn 0.0137 -0.9986 0.0508
vn -0.2568 0.1243 -0.9584
vn -0.0245 -0.9997 0.0083
vn -0.2119 0.5743 -0.7907
vn -0.6271 0.4620 -0.6271
vn -0.7350 0.6729 -0.0828
vn -0.3320 -0.0312 0.9428
vn -0.3575 0.0847 0.9301
vn -0.5425 0.4754 0.6926
vn -0.7589 -0.0312 0.6505
vn -0.7746 0.0847 0.6267
vn -0.8161 0.4754 0.3285
vn -0.9824 -0.0312 0.1839
vn -0.9842 0.0847 0.1554
vn -0.8710 0.4754 -0.1236
vn -0.2614 0.9291 -0.2614
vn -0.3571 0.9291 -0.0957
vn -0.9640 -0.0625 0.2583
vn -0.7907 0.5743 -0.2119
vn -0.0957 0.9291 -0.3571
vn 0.6753 0.2964 -0.6753
vn -0.9521 0.1684 0.2551
vn 0.9519 0.1698 -0.2551
vn -0.9840 0.1534 0.0907
vn -0.8068 0.1534 0.5705
vn -0.4134 0.1534 0.8975
vn -0.9213 0.3005 0.2469
vn 0.0898 0.1512 -0.9844
vn 0.1837 -0.0307 -0.9825
vn 0.1546 0.0853 -0.9843
vn -0.1240 0.4753 -0.8710
vn 0.9641 -0.0616 -0.2583
vn 0.5700 0.1512 -0.8076
vn 0.6503 -0.0307 -0.7590
vn 0.6260 0.0853 -0.7751
vn 0.3281 0.4753 -0.8163
vn -0.2583 -0.0625 0.9640
vn 0.8975 0.1512 -0.4144
vn -0.0828 0.6729 -0.7350
vn 0.9427 -0.0307 -0.3322
vn 0.9297 0.0853 -0.3583
vn 0.6923 0.4753 -0.5429
vn -0.6715 0.7227 -0.1640
vn -0.1640 0.7227 -0.6715
vn -0.7071 -0.0000 -0.7071
vn -0.9659 -0.0000 -0.2588
vn -0.2588 -0.0000 -0.9659
vn 0.7058 -0.0616 -0.7058
vn -0.6744 0.3005 0.6744
vn 0.6968 0.1698 -0.6968
vn -0.6970 0.1684 0.6970
vn 0.2472 0.2964 -0.9225
vn -0.7057 -0.0625 0.7057
vn 0.2583 -0.0616 -0.9641
vn -0.2469 0.3005 0.9213
vn 0.2551 0.1698 -0.9519
vn 0.9225 0.2964 -0.2472
vn -0.2551 0.1684 0.9521
vn 0.2127 -0.5737 0.7910
vn 0.6277 -0.4614 0.6271
vn 0.7352 -0.6727 0.0835
vn -0.0004 -1.0000 -0.0009
vn 0.3320 0.0312 -0.9428
vn 0.3575 -0.0846 -0.9301
vn 0.5424 -0.4732 -0.6942
vn 0.7615 0.0312 -0.6474
vn 0.7770 -0.0846 -0.6237
vn 0.8165 -0.4755 -0.3273
vn 0.9832 0.0312 -0.1799
vn 0.9848 -0.0846 -0.1516
vn 0.8708 -0.4756 0.1250
vn 0.2643 -0.9291 0.2586
vn 0.2616 -0.9290 0.2616
vn 0.6274 -0.4613 0.6274
vn 0.3580 -0.9292 0.0919
vn 0.3572 -0.9291 0.0957
vn 0.9634 0.0624 -0.2607
vn 0.7911 -0.5738 0.2119
vn 0.7911 -0.5738 0.2120
vn 0.0993 -0.9292 0.3560
vn 0.0957 -0.9291 0.3572
vn 0.2124 -0.5736 0.7911
vn 0.2120 -0.5738 0.7911
vn -0.6778 -0.2913 0.6750
vn 0.9515 -0.1684 -0.2574
vn -0.9525 -0.1698 0.2528
vn 0.9851 -0.1478 -0.0881
vn 0.8091 -0.1478 -0.5688
vn 0.4132 -0.1477 -0.8986
vn 0.3560 -0.9292 0.0993
vn 0.9223 -0.2955 -0.2492
vn 0.7911 -0.5736 0.2124
vn -0.0872 -0.1455 0.9855
vn 0.7910 -0.5737 0.2127
vn -0.1797 0.0308 0.9832
vn -0.1508 -0.0853 0.9849
vn 0.1255 -0.4755 0.8707
vn 0.0022 -1.0000 -0.0045
vn 0.2586 -0.9291 0.2643
vn -0.9647 0.0614 0.2559
vn -0.5683 -0.1455 0.8099
vn 0.6270 -0.4614 0.6277
vn -0.6472 0.0308 0.7617
vn -0.6230 -0.0853 0.7775
vn -0.3268 -0.4755 0.8168
vn 0.2559 0.0624 -0.9647
vn 0.0919 -0.9292 0.3580
vn -0.0050 -1.0000 -0.0003
vn 0.2119 -0.5738 0.7911
vn -0.8985 -0.1454 0.4142
vn 0.0835 -0.6727 0.7352
vn -0.9427 0.0308 0.3322
vn -0.9297 -0.0853 0.3583
vn -0.6939 -0.4731 0.5428
vn 0.6702 -0.7240 0.1633
vn 0.1633 -0.7240 0.6702
vn -0.0009 -1.0000 -0.0004
vn 0.7203 0.0048 0.6936
vn 0.7247 -0.0021 0.6890
vn 0.9706 0.0048 0.2405
vn 0.9722 -0.0021 0.2343
vn 0.2770 0.0048 0.9609
vn 0.2831 -0.0021 0.9591
vn 0.2588 0.0142 0.9658
vn 0.2662 0.0130 0.9638
vn 0.9658 0.0142 0.2588
vn 0.9678 0.0130 0.2514
vn 0.7070 0.0142 0.7070
vn 0.7125 0.0130 0.7016
vn 0.9638 0.0131 0.2663
vn 0.9608 0.0048 0.2772
vn 0.9591 -0.0022 0.2832
vn 0.7016 0.0131 0.7125
vn 0.6935 0.0048 0.7205
vn 0.6890 -0.0022 0.7248
vn 0.2513 0.0131 0.9678
vn 0.2403 0.0048 0.9707
vn 0.2343 -0.0022 0.9722
vn -0.0045 -1.0000 0.0022
vn -0.7075 0.0614 0.7040
vn 0.6741 -0.2955 -0.6769
vn -0.6985 -0.1698 0.6952
vn 0.6953 -0.1684 -0.6987
vn -0.2495 -0.2913 0.9235
vn 0.7040 0.0624 -0.7075
vn -0.0006 -1.0000 -0.0023
vn -0.0028 -1.0000 0.0042
vn 0.0042 -1.0000 -0.0028
vn -0.2607 0.0614 0.9635
vn 0.2454 -0.2955 -0.9233
vn -0.0023 -1.0000 -0.0006
vn -0.2573 -0.1698 0.9513
vn -0.9245 -0.2913 0.2457
vn -0.0003 -1.0000 -0.0050
vn 0.2529 -0.1684 -0.9527
vn -0.0017 -1.0000 -0.0017
vn 0.1019 -0.9946 -0.0170
vn 0.9819 -0.1338 0.1342
vn 0.0798 -0.9946 -0.0657
vn 0.0136 -0.9992 -0.0367
vn 0.9409 -0.0001 0.3388
vn -0.0006 0.0413 0.9991
vn 0.3392 -0.0001 0.9407
vn 0.3678 -0.0003 0.9299
vn 0.7118 -0.0036 0.7023
vn 0.1343 -0.1339 0.9819
vn 0.8919 -0.0032 0.4523
vn 0.9302 -0.0003 0.3671
vn -0.0372 -0.9986 0.0371
vn -0.0508 -0.9986 0.0136
vn -0.0880 0.0913 0.9919
vn 0.9991 0.0413 -0.0006
vn 0.9919 0.0913 -0.0880
vn 0.4530 -0.0032 0.8915
vn 0.7027 -0.0036 0.7115
vn 0.0138 -0.9986 -0.0516
vn -0.0169 -0.9947 0.1014
vn -0.0653 -0.9947 0.0794
vn 0.0377 -0.9986 -0.0378
vn -0.7018 0.1225 0.7018
vn -0.0361 -0.9993 0.0133
vn 0.1858 0.6359 0.7491
vn 0.7491 0.6359 0.1858
vn -0.6685 -0.3258 0.6685
vn 0.6691 -0.3234 -0.6691
vn 0.0192 -0.9997 0.0168
vn 0.0171 -0.9997 0.0195
vn -0.2447 -0.3257 0.9132
vn 0.2449 -0.3234 -0.9140
vn 0.7016 0.1243 -0.7016
vn 0.0082 -0.9997 0.0242
vn -0.9132 -0.3257 0.2447
vn 0.9140 -0.3234 -0.2449
vn -0.9587 0.1225 0.2569
vn 0.9584 0.1243 -0.2568
vn -0.2569 0.1225 0.9587
vn 0.0050 -0.9997 0.0254
vn 0.0251 -0.9997 0.0050
vn 0.0515 -0.9986 -0.0139
vn -0.0137 -0.9986 0.0508
vn 0.2568 0.1243 -0.9584
vn 0.0245 -0.9997 0.0083
vn 0.2119 0.5743 0.7907
vn 0.6271 0.4620 0.6271
vn 0.7350 0.6729 0.0828
vn 0.3320 -0.0312 -0.9428
vn 0.3575 0.0847 -0.9301
vn 0.5425 0.4754 -0.6926
vn 0.7589 -0.0312 -0.6505
vn 0.7746 0.0847 -0.6267
vn 0.8161 0.4754 -0.3285
vn 0.9824 -0.0312 -0.1839
vn 0.9842 0.0847 -0.1554
vn 0.8710 0.4754 0.1236
vn 0.2614 0.9291 0.2614
vn 0.3571 0.9291 0.0957
vn 0.9640 -0.0625 -0.2583
vn 0.7907 0.5743 0.2119
vn 0.0957 0.9291 0.3571
vn -0.6753 0.2964 0.6753
vn 0.9521 0.1684 -0.2551
vn -0.9519 0.1698 0.2551
vn 0.9840 0.1534 -0.0907
vn 0.8068 0.1534 -0.5705
vn 0.4134 0.1534 -0.8975
vn 0.9213 0.3005 -0.2469
vn -0.0898 0.1512 0.9844
vn -0.1837 -0.0307 0.9825
vn -0.1546 0.0853 0.9843
vn 0.1240 0.4753 0.8710
vn -0.9641 -0.0616 0.2583
vn -0.5700 0.1512 0.8076
vn -0.6503 -0.0307 0.7590
vn -0.6260 0.0853 0.7751
vn -0.3281 0.4753 0.8163
vn 0.2583 -0.0625 -0.9640
vn -0.8975 0.1512 0.4144
vn 0.0828 0.6729 0.7350
vn -0.9427 -0.0307 0.3322
vn -0.9297 0.0853 0.3583
vn -0.6923 0.4753 0.5429
vn 0.6715 0.7227 0.1640
vn 0.1640 0.7227 0.6715
vn 0.7071 -0.0000 0.7071
vn 0.9659 -0.0000 0.2588
vn 0.2588 -0.0000 0.9659
vn -0.7058 -0.0616 0.7058
vn 0.6744 0.3005 -0.6744
vn -0.6968 0.1698 0.6968
vn 0.6970 0.1684 -0.6970
vn -0.2472 0.2964 0.9225
vn 0.7057 -0.0625 -0.7057
vn -0.2583 -0.0616 0.9641
vn 0.2469 0.3005 -0.9213
vn -0.2551 0.1698 0.9519
vn -0.9225 0.2964 0.2472
vn 0.2551 0.1684 -0.9521
vn -0.2127 -0.5737 -0.7910
vn -0.6277 -0.4614 -0.6271
vn -0.7352 -0.6727 -0.0835
vn 0.0004 -1.0000 0.0009
vn -0.3320 0.0312 0.9428
vn -0.3575 -0.0846 0.9301
vn -0.5424 -0.4732 0.6942
vn -0.7615 0.0312 0.6474
vn -0.7770 -0.0846 0.6237
vn -0.8165 -0.4755 0.3273
vn -0.9832 0.0312 0.1799
vn -0.9848 -0.0846 0.1516
vn -0.8708 -0.4756 -0.1250
vn -0.2643 -0.9291 -0.2586
vn -0.2616 -0.9290 -0.2616
vn -0.6274 -0.4613 -0.6274
vn -0.3580 -0.9292 -0.0919
vn -0.3572 -0.9291 -0.0957
vn -0.9634 0.0624 0.2607
vn -0.7911 -0.5738 -0.2119
vn -0.7911 -0.5738 -0.2120
vn -0.0993 -0.9292 -0.3560
vn -0.0957 -0.9291 -0.3572
vn -0.2124 -0.5736 -0.7911
vn -0.2120 -0.5738 -0.7911
vn 0.6778 -0.2913 -0.6750
vn -0.9515 -0.1684 0.2574
vn 0.9525 -0.1698 -0.2528
vn -0.9851 -0.1478 0.0881
vn -0.8091 -0.1478 0.5688
vn -0.4132 -0.1477 0.8986
vn -0.3560 -0.9292 -0.0993
vn -0.9223 -0.2955 0.2492
vn -0.7911 -0.5736 -0.2124
vn 0.0872 -0.1455 -0.9855
vn -0.7910 -0.5737 -0.2127
vn 0.1797 0.0308 -0.9832
vn 0.1508 -0.0853 -0.9849
vn -0.1255 -0.4755 -0.8707
vn -0.0022 -1.0000 0.0045
vn -0.2586 -0.9291 -0.2643
vn 0.9647 0.0614 -0.2559
vn 0.5683 -0.1455 -0.8099
vn -0.6270 -0.4614 -0.6277
vn 0.6472 0.0308 -0.7617
vn 0.6230 -0.0853 -0.7775
vn 0.3268 -0.4755 -0.8168
vn -0.2559 0.0624 0.9647
vn -0.0919 -0.9292 -0.3580
vn 0.0050 -1.0000 0.0003
vn -0.2119 -0.5738 -0.7911
vn 0.8985 -0.1454 -0.4142
vn -0.0835 -0.6727 -0.7352
vn 0.9427 0.0308 -0.3322
vn 0.9297 -0.0853 -0.3583
vn 0.6939 -0.4731 -0.5428
vn -0.6702 -0.7240 -0.1633
vn -0.1633 -0.7240 -0.6702
vn 0.0009 -1.0000 0.0004
vn -0.7203 0.0048 -0.6936
vn -0.7247 -0.0021 -0.6890
vn -0.9706 0.0048 -0.2405
vn -0.9722 -0.0021 -0.2343
vn -0.2770 0.0048 -0.9609
vn -0.2831 -0.0021 -0.9591
vn -0.2588 0.0142 -0.9658
vn -0.2662 0.0130 -0.9638
vn -0.9658 0.0142 -0.2588
vn -0.9678 0.0130 -0.2514
vn -0.7070 0.0142 -0.7070
vn -0.7125 0.0130 -0.7016
vn -0.9638 0.0131 -0.2663
vn -0.9608 0.0048 -0.2772
vn -0.9591 -0.0022 -0.2832
vn -0.7016 0.0131 -0.7125
vn -0.6935 0.0048 -0.7205
vn -0.6890 -0.0022 -0.7248
vn -0.2513 0.0131 -0.9678
vn -0.2403 0.0048 -0.9707
vn -0.2343 -0.0022 -0.9722
vn 0.0045 -1.0000 -0.0022
vn 0.7075 0.0614 -0.7040
vn -0.6741 -0.2955 0.6769
vn 0.6985 -0.1698 -0.6952
vn -0.6953 -0.1684 0.6987
vn 0.2495 -0.2913 -0.9235
vn -0.7040 0.0624 0.7075
vn 0.0006 -1.0000 0.0023
vn 0.0028 -1.0000 -0.0042
vn -0.0042 -1.0000 0.0028
vn 0.2607 0.0614 -0.9635
vn -0.2454 -0.2955 0.9233
vn 0.0023 -1.0000 0.0006
vn 0.2573 -0.1698 -0.9513
vn 0.9245 -0.2913 -0.2457
vn 0.0003 -1.0000 0.0050
vn -0.2529 -0.1684 0.9527
vn 0.0017 -1.0000 0.0017
vn -0.1019 -0.9946 0.0170
vn -0.9819 -0.1338 -0.1342
vn -0.0798 -0.9946 0.0657
vn -0.0136 -0.9992 0.0367
vn -0.9409 -0.0001 -0.3388
vn 0.0006 0.0413 -0.9991
vn -0.3392 -0.0001 -0.9407
vn -0.3678 -0.0003 -0.9299
vn -0.7118 -0.0036 -0.7023
vn -0.1343 -0.1339 -0.9819
vn -0.8919 -0.0032 -0.4523
vn -0.9302 -0.0003 -0.3671
vn 0.0372 -0.9986 -0.0371
vn 0.0508 -0.9986 -0.0136
vn 0.0880 0.0913 -0.9919
vn -0.9991 0.0413 0.0006
vn -0.9919 0.0913 0.0880
vn -0.4530 -0.0032 -0.8915
vn -0.7027 -0.0036 -0.7115
vn -0.0138 -0.9986 0.0516
vn 0.0169 -0.9947 -0.1014
vn 0.0653 -0.9947 -0.0794
vn -0.0377 -0.9986 0.0378
vn 0.7018 0.1225 -0.7018
vn 0.0361 -0.9993 -0.0133
vn -0.1858 0.6359 -0.7491
vn -0.7491 0.6359 -0.1858
vn 0.6685 -0.3258 -0.6685
vn -0.6691 -0.3234 0.6691
vn -0.0192 -0.9997 -0.0168
vn -0.0171 -0.9997 -0.0195
vn 0.2447 -0.3257 -0.9132
vn -0.2449 -0.3234 0.9140
vn -0.7016 0.1243 0.7016
vn -0.0082 -0.9997 -0.0242
vn 0.9132 -0.3257 -0.2447
vn -0.9140 -0.3234 0.2449
vn 0.9587 0.1225 -0.2569
vn -0.9584 0.1243 0.2568
vn 0.2569 0.1225 -0.9587
vn -0.0050 -0.9997 -0.0254
vn -0.0251 -0.9997 -0.0050
vn -0.0515 -0.9986 0.0139
vn 0.0137 -0.9986 -0.0508
vn -0.2568 0.1243 0.9584
vn -0.0245 -0.9997 -0.0083
vn -0.2119 0.5743 0.7907
vn -0.6271 0.4620 0.6271
vn -0.7350 0.6729 0.0828
vn -0.3320 -0.0312 -0.9428
vn -0.3575 0.0847 -0.9301
vn -0.5425 0.4754 -0.6926
vn -0.7589 -0.0312 -0.6505
vn -0.7746 0.0847 -0.6267
vn -0.8161 0.4754 -0.3285
vn -0.9824 -0.0312 -0.1839
vn -0.9842 0.0847 -0.1554
vn -0.8710 0.4754 0.1236
vn -0.2614 0.9291 0.2614
vn -0.3571 0.9291 0.0957
vn -0.9640 -0.0625 -0.2583
vn -0.7907 0.5743 0.2119
vn -0.0957 0.9291 0.3571
vn 0.6753 0.2964 0.6753
vn -0.9521 0.1684 -0.2551
vn 0.9519 0.1698 0.2551
vn -0.9840 0.1534 -0.0907
vn -0.8068 0.1534 -0.5705
vn -0.4134 0.1534 -0.8975
vn -0.9213 0.3005 -0.2469
vn 0.0898 0.1512 0.9844
vn 0.1837 -0.0307 0.9825
vn 0.1546 0.0853 0.9843
vn -0.1240 0.4753 0.8710
vn 0.9641 -0.0616 0.2583
vn 0.5700 0.1512 0.8076
vn 0.6503 -0.0307 0.7590
vn 0.6260 0.0853 0.7751
vn 0.3281 0.4753 0.8163
vn -0.2583 -0.0625 -0.9640
vn 0.8975 0.1512 0.4144
vn -0.0828 0.6729 0.7350
vn 0.9427 -0.0307 0.3322
vn 0.9297 0.0853 0.3583
vn 0.6923 0.4753 0.5429
vn -0.6715 0.7227 0.1640
vn -0.1640 0.7227 0.6715
vn -0.7071 -0.0000 0.7071
vn -0.9659 -0.0000 0.2588
vn -0.2588 -0.0000 0.9659
vn 0.7058 -0.0616 0.7058
vn -0.6744 0.3005 -0.6744
vn 0.6968 0.1698 0.6968
vn -0.6970 0.1684 -0.6970
vn 0.2472 0.2964 0.9225
vn -0.7057 -0.0625 -0.7057
vn 0.2583 -0.0616 0.9641
vn -0.2469 0.3005 -0.9213
vn 0.2551 0.1698 0.9519
vn 0.9225 0.2964 0.2472
vn -0.2551 0.1684 -0.9521
vn 0.2127 -0.5737 -0.7910
vn 0.6277 -0.4614 -0.6271
vn 0.7352 -0.6727 -0.0835
vn -0.0004 -1.0000 0.0009
vn 0.3320 0.0312 0.9428
vn 0.3575 -0.0846 0.9301
vn 0.5424 -0.4732 0.6942
vn 0.7615 0.0312 0.6474
vn 0.7770 -0.0846 0.6237
vn 0.8165 -0.4755 0.3273
vn 0.9832 0.0312 0.1799
vn 0.9848 -0.0846 0.1516
vn 0.8708 -0.4756 -0.1250
vn 0.2643 -0.9291 -0.2586
vn 0.2616 -0.9290 -0.2616
vn 0.6274 -0.4613 -0.6274
vn 0.3580 -0.9292 -0.0919
vn 0.3572 -0.9291 -0.0957
vn 0.9634 0.0624 0.2607
vn 0.7911 -0.5738 -0.2119
vn 0.7911 -0.5738 -0.2120
vn 0.0993 -0.9292 -0.3560
vn 0.0957 -0.9291 -0.3572
vn 0.2124 -0.5736 -0.7911
vn 0.2120 -0.5738 -0.7911
vn -0.6778 -0.2913 -0.6750
vn 0.9515 -0.1684 0.2574
vn -0.9525 -0.1698 -0.2528
vn 0.9851 -0.1478 0.0881
vn 0.8091 -0.1478 0.5688
vn 0.4132 -0.1477 0.8986
vn 0.3560 -0.9292 -0.0993
vn 0.9223 -0.2955 0.2492
vn 0.7911 -0.5736 -0.2124
vn -0.0872 -0.1455 -0.9855
vn 0.7910 -0.5737 -0.2127
vn -0.1797 0.0308 -0.9832
vn -0.1508 -0.0853 -0.9849
vn 0.1255 -0.4755 -0.8707
vn 0.0022 -1.0000 0.0045
vn 0.2586 -0.9291 -0.2643
vn -0.9647 0.0614 -0.2559
vn -0.5683 -0.1455 -0.8099
vn 0.6270 -0.4614 -0.6277
vn -0.6472 0.0308 -0.7617
vn -0.6230 -0.0853 -0.7775
vn -0.3268 -0.4755 -0.8168
vn 0.2559 0.0624 0.9647
vn 0.0919 -0.9292 -0.3580
vn -0.0050 -1.0000 0.0003
vn 0.2119 -0.5738 -0.7911
vn -0.8985 -0.1454 -0.4142
vn 0.0835 -0.6727 -0.7352
vn -0.9427 0.0308 -0.3322
vn -0.9297 -0.0853 -0.3583
vn -0.6939 -0.4731 -0.5428
vn 0.6702 -0.7240 -0.1633
vn 0.1633 -0.7240 -0.6702
vn -0.0009 -1.0000 0.0004
vn 0.7203 0.0048 -0.6936
vn 0.7247 -0.0021 -0.6890
vn 0.9706 0.0048 -0.2405
vn 0.9722 -0.0021 -0.2343
vn 0.2770 0.0048 -0.9609
vn 0.2831 -0.0021 -0.9591
vn 0.2588 0.0142 -0.9658
vn 0.2662 0.0130 -0.9638
vn 0.9658 0.0142 -0.2588
vn 0.9678 0.0130 -0.2514
vn 0.7070 0.0142 -0.7070
vn 0.7125 0.0130 -0.7016
vn 0.9638 0.0131 -0.2663
vn 0.9608 0.0048 -0.2772
vn 0.9591 -0.0022 -0.2832
vn 0.7016 0.0131 -0.7125
vn 0.6935 0.0048 -0.7205
vn 0.6890 -0.0022 -0.7248
vn 0.2513 0.0131 -0.9678
vn 0.2403 0.0048 -0.9707
vn 0.2343 -0.0022 -0.9722
vn -0.0045 -1.0000 -0.0022
vn -0.7075 0.0614 -0.7040
vn 0.6741 -0.2955 0.6769
vn -0.6985 -0.1698 -0.6952
vn 0.6953 -0.1684 0.6987
vn -0.2495 -0.2913 -0.9235
vn 0.7040 0.0624 0.7075
vn -0.0006 -1.0000 0.0023
vn -0.0028 -1.0000 -0.0042
vn 0.0042 -1.0000 0.0028
vn -0.2607 0.0614 -0.9635
vn 0.2454 -0.2955 0.9233
vn -0.0023 -1.0000 0.0006
vn -0.2573 -0.1698 -0.9513
vn -0.9245 -0.2913 -0.2457
vn -0.0003 -1.0000 0.0050
vn 0.2529 -0.1684 0.9527
vn -0.0017 -1.0000 0.0017
vn 0.1019 -0.9946 0.0170
vn 0.9819 -0.1338 -0.1342
vn 0.0798 -0.9946 0.0657
vn 0.0136 -0.9992 0.0367
vn 0.9409 -0.0001 -0.3388
vn -0.0006 0.0413 -0.9991
vn 0.3392 -0.0001 -0.9407
vn 0.3678 -0.0003 -0.9299
vn 0.7118 -0.0036 -0.7023
vn 0.1343 -0.1339 -0.9819
vn 0.8919 -0.0032 -0.4522
vn 0.9302 -0.0003 -0.3671
vn -0.0372 -0.9986 -0.0371
vn -0.0508 -0.9986 -0.0136
vn -0.0880 0.0913 -0.9919
vn 0.9991 0.0413 0.0006
vn 0.9919 0.0913 0.0880
vn 0.4530 -0.0032 -0.8915
vn 0.7027 -0.0036 -0.7115
vn 0.0138 -0.9986 0.0516
vn -0.0169 -0.9947 -0.1014
vn -0.0653 -0.9947 -0.0794
vn 0.0377 -0.9986 0.0378
vn -0.7018 0.1225 -0.7018
vn -0.0361 -0.9993 -0.0133
vn 0.1858 0.6359 -0.7491
vn 0.7491 0.6359 -0.1858
vn -0.6685 -0.3258 -0.6685
vn 0.6691 -0.3234 0.6691
vn 0.0192 -0.9997 -0.0168
vn 0.0171 -0.9997 -0.0195
vn -0.2447 -0.3257 -0.9132
vn 0.2449 -0.3234 0.9140
vn 0.7016 0.1243 0.7016
vn 0.0082 -0.9997 -0.0242
vn -0.9132 -0.3257 -0.2447
vn 0.9140 -0.3234 0.2449
vn -0.9587 0.1225 -0.2569
vn 0.9584 0.1243 0.2568
vn -0.2569 0.1225 -0.9587
vn 0.0050 -0.9997 -0.0254
vn 0.0251 -0.9997 -0.0050
vn 0.0515 -0.9986 0.0139
vn -0.0137 -0.9986 -0.0508
vn 0.2568 0.1243 0.9584
vn 0.0245 -0.9997 -0.0083
vn -0.2136 -0.5730 0.7913
vn -0.6282 -0.4607 0.6270
vn -0.7358 -0.6721 0.0835
vn 0.0008 -1.0000 -0.0018
vn -0.3445 0.0298 -0.9383
vn -0.3729 -0.0847 -0.9240
vn -0.5458 -0.4927 -0.6777
vn -0.7640 0.0243 -0.6448
vn -0.7794 -0.0846 -0.6208
vn -0.8170 -0.4757 -0.3260
vn -0.9840 0.0243 -0.1764
vn -0.9854 -0.0846 -0.1479
vn -0.8705 -0.4757 0.1265
vn -0.2672 -0.9291 0.2557
vn -0.2618 -0.9290 0.2618
vn -0.6276 -0.4605 0.6277
vn -0.6277 -0.4605 0.6277
vn -0.3589 -0.9292 0.0880
vn -0.3574 -0.9290 0.0958
vn -0.9635 0.0574 -0.2615
vn -0.7915 -0.5733 0.2119
vn -0.7915 -0.5732 0.2121
vn -0.1030 -0.9292 0.3548
vn -0.0958 -0.9290 0.3574
vn -0.2129 -0.5729 0.7915
vn -0.2121 -0.5732 0.7915
vn 0.6804 -0.2859 0.6748
vn -0.9509 -0.1684 -0.2597
vn 0.9531 -0.1698 0.2505
vn -0.9862 -0.1419 -0.0855
vn -0.8113 -0.1419 -0.5672
vn -0.4263 -0.1517 -0.8918
vn -0.3548 -0.9292 0.1030
vn -0.9233 -0.2902 -0.2515
vn -0.7915 -0.5729 0.2129
vn 0.0847 -0.1396 0.9866
vn -0.7913 -0.5730 0.2136
vn 0.1761 0.0238 0.9841
vn 0.1470 -0.0853 0.9854
vn -0.1269 -0.4756 0.8704
vn -0.0046 -0.9999 -0.0092
vn -0.2557 -0.9291 0.2672
vn 0.9652 0.0566 0.2551
vn -0.6277 -0.4605 0.6276
vn 0.5666 -0.1396 0.8121
vn -0.6270 -0.4607 0.6282
vn 0.6446 0.0238 0.7642
vn 0.6201 -0.0853 0.7799
vn 0.3256 -0.4756 0.8172
vn -0.2551 0.0575 -0.9652
vn -0.0880 -0.9292 0.3589
vn 0.0102 -0.9999 -0.0006
vn -0.2119 -0.5733 0.7915
vn 0.8917 -0.1493 0.4273
vn -0.0835 -0.6721 0.7358
vn 0.9382 0.0293 0.3448
vn 0.9236 -0.0854 0.3737
vn 0.6774 -0.4927 0.5462
vn -0.6741 -0.7201 0.1645
vn -0.1645 -0.7201 0.6741
vn 0.0018 -1.0000 -0.0008
vn -0.7190 0.0031 0.6950
vn -0.7113 -0.0041 0.7028
vn -0.9702 0.0031 0.2424
vn -0.9675 -0.0041 0.2530
vn -0.2751 0.0031 0.9614
vn -0.2646 -0.0041 0.9643
vn -0.2588 0.0164 0.9658
vn -0.2694 0.0184 0.9628
vn -0.9658 0.0164 0.2588
vn -0.9686 0.0184 0.2481
vn -0.7070 0.0164 0.7070
vn -0.7147 0.0184 0.6991
vn -0.9628 0.0185 0.2695
vn -0.9613 0.0031 0.2753
vn -0.9644 -0.0041 0.2646
vn -0.6991 0.0185 0.7148
vn -0.6949 0.0031 0.7191
vn -0.7029 -0.0041 0.7113
vn -0.2480 0.0185 0.9686
vn -0.2422 0.0031 0.9702
vn -0.2530 -0.0041 0.9675
vn 0.0092 -0.9999 0.0046
vn 0.7083 0.0564 0.7037
vn -0.6739 -0.2902 -0.6795
vn 0.7002 -0.1698 0.6935
vn -0.6937 -0.1684 -0.7003
vn 0.2518 -0.2860 0.9246
vn -0.7036 0.0574 -0.7082
vn 0.0012 -1.0000 -0.0046
vn 0.0057 -0.9999 0.0086
vn -0.0086 -0.9999 -0.0057
vn 0.2616 0.0564 0.9635
vn -0.2439 -0.2902 -0.9254
vn 0.0046 -1.0000 -0.0012
vn 0.2596 -0.1698 0.9507
vn 0.9266 -0.2860 0.2442
vn 0.0006 -0.9999 -0.0103
vn -0.2506 -0.1684 -0.9533
vn 0.0034 -1.0000 -0.0034
vn 0.2110 0.5750 -0.7905
vn 0.6266 0.4627 -0.6271
vn 0.7351 0.6730 -0.0822
vn -0.0012 1.0000 0.0018
vn 0.3292 -0.0358 0.9436
vn 0.3540 0.0851 0.9314
vn 0.5361 0.4739 0.6986
vn 0.7569 -0.0350 0.6526
vn 0.7722 0.0847 0.6297
vn 0.8157 0.4753 0.3298
vn 0.9818 -0.0350 0.1867
vn 0.9836 0.0847 0.1593
vn 0.8713 0.4753 -0.1221
vn 0.2587 0.9291 -0.2642
vn 0.2613 0.9292 -0.2613
vn 0.6268 0.4628 -0.6268
vn 0.3563 0.9291 -0.0994
vn 0.3570 0.9292 -0.0957
vn 0.9645 -0.0711 0.2545
vn 0.7904 0.5748 -0.2119
vn 0.7904 0.5749 -0.2118
vn 0.0922 0.9291 -0.3582
vn 0.0957 0.9292 -0.3570
vn 0.2113 0.5750 -0.7904
vn 0.2118 0.5749 -0.7904
vn -0.6729 0.3011 -0.6757
vn 0.9528 0.1684 0.2528
vn -0.9513 0.1697 -0.2574
vn 0.9829 0.1588 0.0933
vn 0.8045 0.1588 0.5723
vn 0.4096 0.1642 0.8974
vn 0.3582 0.9291 -0.0922
vn 0.9204 0.3051 0.2445
vn 0.7904 0.5750 -0.2113
vn -0.0925 0.1566 -0.9833
vn 0.7905 0.5750 -0.2110
vn -0.1865 -0.0345 -0.9819
vn -0.1584 0.0854 -0.9837
vn 0.1225 0.4752 -0.8713
vn -0.0021 1.0000 -0.0045
vn 0.2642 0.9291 -0.2587
vn -0.9626 -0.0703 -0.2618
vn -0.5717 0.1566 -0.8054
vn 0.6271 0.4627 -0.6266
vn -0.6524 -0.0345 -0.7571
vn -0.6290 0.0854 -0.7727
vn -0.3294 0.4752 -0.8159
vn 0.2618 -0.0712 0.9625
vn 0.0994 0.9291 -0.3563
vn 0.0049 1.0000 -0.0004
vn 0.2119 0.5748 -0.7904
vn -0.8973 0.1619 -0.4106
vn 0.0822 0.6730 -0.7351
vn -0.9435 -0.0354 -0.3295
vn -0.9310 0.0858 -0.3548
vn -0.6983 0.4738 -0.5365
vn 0.6655 0.7287 -0.1617
vn 0.1617 0.7287 -0.6655
vn -0.0018 1.0000 0.0012
vn 0.7096 -0.0021 -0.7046
vn 0.7042 -0.0071 -0.7100
vn 0.9668 -0.0021 -0.2554
vn 0.9648 -0.0071 -0.2628
vn 0.2623 -0.0021 -0.9650
vn 0.2548 -0.0071 -0.9670
vn 0.2588 0.0011 -0.9659
vn 0.2563 0.0040 -0.9666
vn 0.9659 0.0011 -0.2588
vn 0.9652 0.0041 -0.2614
vn 0.7071 0.0011 -0.7071
vn 0.7052 0.0041 -0.7090
vn 0.9666 0.0041 -0.2562
vn 0.9650 -0.0021 -0.2623
vn 0.9670 -0.0071 -0.2549
vn 0.7090 0.0041 -0.7052
vn 0.7046 -0.0021 -0.7096
vn 0.7100 -0.0071 -0.7042
vn 0.2614 0.0041 -0.9652
vn 0.2554 -0.0021 -0.9668
vn 0.2628 -0.0071 -0.9648
vn 0.0044 1.0000 0.0021
vn -0.7027 -0.0701 -0.7081
vn 0.6748 0.3052 0.6720
vn -0.6951 0.1697 -0.6985
vn 0.6987 0.1684 0.6953
vn -0.2449 0.3011 -0.9216
vn 0.7080 -0.0711 0.7026
vn 0.0006 1.0000 -0.0024
vn 0.0028 1.0000 0.0040
vn -0.0040 1.0000 -0.0028
vn -0.2545 -0.0701 -0.9645
vn 0.2484 0.3051 0.9193
vn 0.0023 1.0000 -0.0006
vn -0.2527 0.1697 -0.9525
vn -0.9206 0.3011 -0.2487
vn 0.0004 1.0000 -0.0049
vn 0.2575 0.1684 0.9515
vn 0.0017 1.0000 -0.0017
vn -0.4260 -0.9020 -0.0706
vn -0.9730 0.1576 -0.1685
vn -0.3336 -0.9020 -0.2742
vn -0.1361 -0.9220 -0.3625
vn 0.6518 -0.0045 -0.7584
vn -0.0099 0.2508 0.9680
vn 0.7569 -0.0045 -0.6535
vn 0.9594 -0.0004 -0.2822
vn -0.7759 0.0202 -0.6305
vn 0.1685 0.1576 0.9730
vn 0.8334 0.0086 -0.5527
vn 0.2806 -0.0003 -0.9598
vn -0.1096 -0.9878 -0.1109
vn -0.1651 -0.9853 -0.0452
vn 0.3791 0.3977 0.8355
vn -0.9680 0.2508 0.0099
vn -0.8355 0.3977 -0.3791
vn 0.5523 0.0086 -0.8336
vn 0.6302 0.0202 0.7762
vn 0.0450 -0.9854 0.1645
vn 0.0706 -0.9022 0.4256
vn 0.2739 -0.9022 0.3333
vn 0.1104 -0.9879 0.1091
vn 0.6906 0.1245 0.7124
vn 0.3620 -0.9222 0.1360
vn -0.1758 0.6856 0.7064
vn -0.7064 0.6856 0.1758
vn -0.0040 -1.0000 0.0040
vn 0.6620 -0.3303 0.6728
vn -0.6735 -0.3279 -0.6625
vn 0.1408 -0.9720 -0.1879
vn 0.1877 -0.9721 -0.1405
vn -0.0055 -1.0000 0.0015
vn 0.2369 -0.3303 0.9137
vn -0.2519 -0.3279 -0.9105
vn -0.7124 0.1263 -0.6903
vn 0.0280 -0.9720 -0.2332
vn -0.0015 -1.0000 0.0055
vn 0.9097 -0.3303 0.2517
vn -0.9145 -0.3279 -0.2370
vn 0.9543 0.1245 0.2716
vn -0.9621 0.1263 -0.2417
vn 0.2419 0.1245 0.9623
vn 0.0924 -0.9721 -0.2156
vn 0.2159 -0.9720 -0.0923
vn 0.1502 -0.9879 0.0393
vn -0.0394 -0.9878 -0.1508
vn -0.2717 0.1263 -0.9540
vn 0.2329 -0.9721 -0.0278
vn 0.2136 -0.5730 0.7913
vn 0.6282 -0.4607 0.6270
vn 0.7358 -0.6721 0.0835
vn -0.0008 -1.0000 -0.0018
vn 0.3445 0.0298 -0.9383
vn 0.3729 -0.0847 -0.9240
vn 0.5458 -0.4927 -0.6777
vn 0.7640 0.0243 -0.6448
vn 0.7794 -0.0846 -0.6208
vn 0.8170 -0.4757 -0.3260
vn 0.9840 0.0243 -0.1764
vn 0.9854 -0.0846 -0.1479
vn 0.8705 -0.4757 0.1265
vn 0.2672 -0.9291 0.2557
vn 0.2618 -0.9290 0.2618
vn 0.6276 -0.4605 0.6277
vn 0.6277 -0.4605 0.6277
vn 0.3589 -0.9292 0.0880
vn 0.3574 -0.9290 0.0958
vn 0.9635 0.0574 -0.2615
vn 0.7915 -0.5733 0.2119
vn 0.7915 -0.5732 0.2121
vn 0.1030 -0.9292 0.3548
vn 0.0958 -0.9290 0.3574
vn 0.2129 -0.5729 0.7915
vn 0.2121 -0.5732 0.7915
vn -0.6804 -0.2859 0.6748
vn 0.9509 -0.1684 -0.2597
vn -0.9531 -0.1698 0.2505
vn 0.9862 -0.1419 -0.0855
vn 0.8113 -0.1419 -0.5672
vn 0.4263 -0.1517 -0.8918
vn 0.3548 -0.9292 0.1030
vn 0.9233 -0.2902 -0.2515
vn 0.7915 -0.5729 0.2129
vn -0.0847 -0.1396 0.9866
vn 0.7913 -0.5730 0.2136
vn -0.1761 0.0238 0.9841
vn -0.1470 -0.0853 0.9854
vn 0.1269 -0.4756 0.8704
vn 0.0046 -0.9999 -0.0092
vn 0.2557 -0.9291 0.2672
vn -0.9652 0.0566 0.2551
vn 0.6277 -0.4605 0.6276
vn -0.5666 -0.1396 0.8121
vn 0.6270 -0.4607 0.6282
vn -0.6446 0.0238 0.7642
vn -0.6201 -0.0853 0.7799
vn -0.3256 -0.4756 0.8172
vn 0.2551 0.0575 -0.9652
vn 0.0880 -0.9292 0.3589
vn -0.0102 -0.9999 -0.0006
vn 0.2119 -0.5733 0.7915
vn -0.8917 -0.1493 0.4273
vn 0.0835 -0.6721 0.7358
vn -0.9382 0.0293 0.3448
vn -0.9236 -0.0854 0.3737
vn -0.6774 -0.4927 0.5462
vn 0.6741 -0.7201 0.1645
vn 0.1645 -0.7201 0.6741
vn -0.0018 -1.0000 -0.0008
vn 0.7190 0.0031 0.6950
vn 0.7113 -0.0041 0.7028
vn 0.9702 0.0031 0.2424
vn 0.9675 -0.0041 0.2530
vn 0.2751 0.0031 0.9614
vn 0.2646 -0.0041 0.9643
vn 0.2588 0.0164 0.9658
vn 0.2694 0.0184 0.9628
vn 0.9658 0.0164 0.2588
vn 0.9686 0.0184 0.2481
vn 0.7070 0.0164 0.7070
vn 0.7147 0.0184 0.6991
vn 0.9628 0.0185 0.2695
vn 0.9613 0.0031 0.2753
vn 0.9644 -0.0041 0.2646
vn 0.6991 0.0185 0.7148
vn 0.6949 0.0031 0.7191
vn 0.7029 -0.0041 0.7113
vn 0.2480 0.0185 0.9686
vn 0.2422 0.0031 0.9702
vn 0.2530 -0.0041 0.9675
vn -0.0092 -0.9999 0.0046
vn -0.7083 0.0564 0.7037
vn 0.6739 -0.2902 -0.6795
vn -0.7002 -0.1698 0.6935
vn 0.6937 -0.1684 -0.7003
vn -0.2518 -0.2860 0.9246
vn 0.7036 0.0574 -0.7082
vn -0.0012 -1.0000 -0.0046
vn -0.0057 -0.9999 0.0086
vn 0.0086 -0.9999 -0.0057
vn -0.2616 0.0564 0.9635
vn 0.2439 -0.2902 -0.9254
vn -0.0046 -1.0000 -0.0012
vn -0.2596 -0.1698 0.9507
vn -0.9266 -0.2860 0.2442
vn -0.0006 -0.9999 -0.0103
vn 0.2506 -0.1684 -0.9533
vn -0.0034 -1.0000 -0.0034
vn -0.2110 0.5750 -0.7905
vn -0.6266 0.4627 -0.6271
vn -0.7351 0.6730 -0.0822
vn 0.0012 1.0000 0.0018
vn -0.3292 -0.0358 0.9436
vn -0.3540 0.0851 0.9314
vn -0.5361 0.4739 0.6986
vn -0.7569 -0.0350 0.6526
vn -0.7722 0.0847 0.6297
vn -0.8157 0.4753 0.3298
vn -0.9818 -0.0350 0.1867
vn -0.9836 0.0847 0.1593
vn -0.8713 0.4753 -0.1221
vn -0.2587 0.9291 -0.2642
vn -0.2613 0.9292 -0.2613
vn -0.6268 0.4628 -0.6268
vn -0.3563 0.9291 -0.0994
vn -0.3570 0.9292 -0.0957
vn -0.9645 -0.0711 0.2545
vn -0.7904 0.5748 -0.2119
vn -0.7904 0.5749 -0.2118
vn -0.0922 0.9291 -0.3582
vn -0.0957 0.9292 -0.3570
vn -0.2113 0.5750 -0.7904
vn -0.2118 0.5749 -0.7904
vn 0.6729 0.3011 -0.6757
vn -0.9528 0.1684 0.2528
vn 0.9513 0.1697 -0.2574
vn -0.9829 0.1588 0.0933
vn -0.8045 0.1588 0.5723
vn -0.4096 0.1642 0.8974
vn -0.3582 0.9291 -0.0922
vn -0.9204 0.3051 0.2445
vn -0.7904 0.5750 -0.2113
vn 0.0925 0.1566 -0.9833
vn -0.7905 0.5750 -0.2110
vn 0.1865 -0.0345 -0.9819
vn 0.1584 0.0854 -0.9837
vn -0.1225 0.4752 -0.8713
vn 0.0021 1.0000 -0.0045
vn -0.2642 0.9291 -0.2587
vn 0.9626 -0.0703 -0.2618
vn 0.5717 0.1566 -0.8054
vn -0.6271 0.4627 -0.6266
vn 0.6524 -0.0345 -0.7571
vn 0.6290 0.0854 -0.7727
vn 0.3294 0.4752 -0.8159
vn -0.2618 -0.0712 0.9625
vn -0.0994 0.9291 -0.3563
vn -0.0049 1.0000 -0.0004
vn -0.2119 0.5748 -0.7904
vn 0.8973 0.1619 -0.4106
vn -0.0822 0.6730 -0.7351
vn 0.9435 -0.0354 -0.3295
vn 0.9310 0.0858 -0.3548
vn 0.6983 0.4738 -0.5365
vn -0.6655 0.7287 -0.1617
vn -0.1617 0.7287 -0.6655
vn 0.0018 1.0000 0.0012
vn -0.7096 -0.0021 -0.7046
vn -0.7042 -0.0071 -0.7100
vn -0.9668 -0.0021 -0.2554
vn -0.9648 -0.0071 -0.2628
vn -0.2623 -0.0021 -0.9650
vn -0.2548 -0.0071 -0.9670
vn -0.2588 0.0011 -0.9659
vn -0.2563 0.0040 -0.9666
vn -0.9659 0.0011 -0.2588
vn -0.9652 0.0041 -0.2614
vn -0.7071 0.0011 -0.7071
vn -0.7052 0.0041 -0.7090
vn -0.9666 0.0041 -0.2562
vn -0.9650 -0.0021 -0.2623
vn -0.9670 -0.0071 -0.2549
vn -0.7090 0.0041 -0.7052
vn -0.7046 -0.0021 -0.7096
vn -0.7100 -0.0071 -0.7042
vn -0.2614 0.0041 -0.9652
vn -0.2554 -0.0021 -0.9668
vn -0.2628 -0.0071 -0.9648
vn -0.0044 1.0000 0.0021
vn 0.7027 -0.0701 -0.7081
vn -0.6748 0.3052 0.6720
vn 0.6951 0.1697 -0.6985
vn -0.6987 0.1684 0.6953
vn 0.2449 0.3011 -0.9216
vn -0.7080 -0.0711 0.7026
vn -0.0006 1.0000 -0.0024
vn -0.0028 1.0000 0.0040
vn 0.0040 1.0000 -0.0028
vn 0.2545 -0.0701 -0.9645
vn -0.2484 0.3051 0.9193
vn -0.0023 1.0000 -0.0006
vn 0.2527 0.1697 -0.9525
vn 0.9206 0.3011 -0.2487
vn -0.0004 1.0000 -0.0049
vn -0.2575 0.1684 0.9515
vn -0.0017 1.0000 -0.0017
vn 0.4260 -0.9020 -0.0706
vn 0.9730 0.1576 -0.1685
vn 0.3336 -0.9020 -0.2742
vn 0.1362 -0.9220 -0.3625
vn -0.6518 -0.0045 -0.7584
vn 0.0099 0.2508 0.9680
vn -0.7569 -0.0045 -0.6535
vn -0.9594 -0.0004 -0.2822
vn 0.7759 0.0202 -0.6305
vn -0.1685 0.1576 0.9730
vn -0.8334 0.0086 -0.5526
vn -0.2805 -0.0004 -0.9598
vn 0.1096 -0.9878 -0.1109
vn 0.1651 -0.9853 -0.0452
vn -0.3791 0.3977 0.8355
vn 0.9680 0.2508 0.0099
vn 0.8355 0.3977 -0.3791
vn -0.5523 0.0086 -0.8336
vn -0.6302 0.0202 0.7762
vn -0.0450 -0.9854 0.1645
vn -0.0706 -0.9022 0.4256
vn -0.2739 -0.9022 0.3333
vn -0.1104 -0.9879 0.1091
vn -0.6906 0.1245 0.7124
vn -0.3620 -0.9222 0.1360
vn 0.1758 0.6856 0.7064
vn 0.7064 0.6856 0.1758
vn 0.0040 -1.0000 0.0040
vn -0.6620 -0.3303 0.6728
vn 0.6735 -0.3279 -0.6625
vn -0.1408 -0.9720 -0.1879
vn -0.1877 -0.9721 -0.1405
vn 0.0055 -1.0000 0.0015
vn -0.2369 -0.3303 0.9137
vn 0.2520 -0.3279 -0.9105
vn 0.7124 0.1263 -0.6903
vn -0.0280 -0.9720 -0.2332
vn 0.0015 -1.0000 0.0055
vn -0.9097 -0.3303 0.2517
vn 0.9145 -0.3279 -0.2371
vn -0.9543 0.1245 0.2716
vn 0.9621 0.1263 -0.2417
vn -0.2419 0.1245 0.9623
vn -0.0924 -0.9721 -0.2156
vn -0.2159 -0.9720 -0.0923
vn -0.1502 -0.9879 0.0393
vn 0.0394 -0.9878 -0.1508
vn 0.2717 0.1263 -0.9541
vn -0.2329 -0.9721 -0.0278
vn -0.2136 -0.5730 -0.7913
vn -0.6282 -0.4607 -0.6270
vn -0.7358 -0.6721 -0.0835
vn 0.0008 -1.0000 0.0018
vn -0.3445 0.0298 0.9383
vn -0.3729 -0.0847 0.9240
vn -0.5458 -0.4927 0.6777
vn -0.7640 0.0243 0.6448
vn -0.7794 -0.0846 0.6208
vn -0.8170 -0.4757 0.3260
vn -0.9840 0.0243 0.1764
vn -0.9854 -0.0846 0.1479
vn -0.8705 -0.4757 -0.1265
vn -0.2672 -0.9291 -0.2557
vn -0.2618 -0.9290 -0.2618
vn -0.6276 -0.4605 -0.6277
vn -0.6277 -0.4605 -0.6277
vn -0.3589 -0.9292 -0.0880
vn -0.3574 -0.9290 -0.0958
vn -0.9635 0.0574 0.2615
vn -0.7915 -0.5733 -0.2119
vn -0.7915 -0.5732 -0.2121
vn -0.1030 -0.9292 -0.3548
vn -0.0958 -0.9290 -0.3574
vn -0.2129 -0.5729 -0.7915
vn -0.2121 -0.5732 -0.7915
vn 0.6804 -0.2859 -0.6748
vn -0.9509 -0.1684 0.2597
vn 0.9531 -0.1698 -0.2505
vn -0.9862 -0.1419 0.0855
vn -0.8113 -0.1419 0.5672
vn -0.4263 -0.1517 0.8918
vn -0.3548 -0.9292 -0.1030
vn -0.9233 -0.2902 0.2515
vn -0.7915 -0.5729 -0.2129
vn 0.0847 -0.1396 -0.9866
vn -0.7913 -0.5730 -0.2136
vn 0.1761 0.0238 -0.9841
vn 0.1470 -0.0853 -0.9854
vn -0.1269 -0.4756 -0.8704
vn -0.0046 -0.9999 0.0092
vn -0.2557 -0.9291 -0.2672
vn 0.9652 0.0566 -0.2551
vn -0.6277 -0.4605 -0.6276
vn 0.5666 -0.1396 -0.8121
vn -0.6270 -0.4607 -0.6282
vn 0.6446 0.0238 -0.7642
vn 0.6201 -0.0853 -0.7799
vn 0.3256 -0.4756 -0.8172
vn -0.2551 0.0575 0.9652
vn -0.0880 -0.9292 -0.3589
vn 0.0102 -0.9999 0.0006
vn -0.2119 -0.5733 -0.7915
vn 0.8917 -0.1493 -0.4273
vn -0.0835 -0.6721 -0.7358
vn 0.9382 0.0293 -0.3448
vn 0.9236 -0.0854 -0.3737
vn 0.6774 -0.4927 -0.5462
vn -0.6741 -0.7201 -0.1645
vn -0.1645 -0.7201 -0.6741
vn 0.0018 -1.0000 0.0008
vn -0.7190 0.0031 -0.6950
vn -0.7113 -0.0041 -0.7028
vn -0.9702 0.0031 -0.2424
vn -0.9675 -0.0041 -0.2530
vn -0.2751 0.0031 -0.9614
vn -0.2646 -0.0041 -0.9643
vn -0.2588 0.0164 -0.9658
vn -0.2694 0.0184 -0.9628
vn -0.9658 0.0164 -0.2588
vn -0.9686 0.0184 -0.2481
vn -0.7070 0.0164 -0.7070
vn -0.7147 0.0184 -0.6991
vn -0.9628 0.0185 -0.2695
vn -0.9613 0.0031 -0.2753
vn -0.9644 -0.0041 -0.2646
vn -0.6991 0.0185 -0.7148
vn -0.6949 0.0031 -0.7191
vn -0.7029 -0.0041 -0.7113
vn -0.2480 0.0185 -0.9686
vn -0.2422 0.0031 -0.9702
vn -0.2530 -0.0041 -0.9675
vn 0.0092 -0.9999 -0.0046
vn 0.7083 0.0564 -0.7037
vn -0.6739 -0.2902 0.6795
vn 0.7002 -0.1698 -0.6935
vn -0.6937 -0.1684 0.7003
vn 0.2518 -0.2860 -0.9246
vn -0.7036 0.0574 0.7082
vn 0.0012 -1.0000 0.0046
vn 0.0057 -0.9999 -0.0086
vn -0.0086 -0.9999 0.0057
vn 0.2616 0.0564 -0.9635
vn -0.2439 -0.2902 0.9254
vn 0.0046 -1.0000 0.0012
vn 0.2596 -0.1698 -0.9507
vn 0.9266 -0.2860 -0.2442
vn 0.0006 -0.9999 0.0103
vn -0.2506 -0.1684 0.9533
vn 0.0034 -1.0000 0.0034
vn 0.2110 0.5750 0.7905
vn 0.6266 0.4627 0.6271
vn 0.7351 0.6730 0.0822
vn -0.0012 1.0000 -0.0018
vn 0.3292 -0.0358 -0.9436
vn 0.3540 0.0851 -0.9314
vn 0.5361 0.4739 -0.6986
vn 0.7569 -0.0350 -0.6526
vn 0.7722 0.0847 -0.6297
vn 0.8157 0.4753 -0.3298
vn 0.9818 -0.0350 -0.1867
vn 0.9836 0.0847 -0.1593
vn 0.8713 0.4753 0.1221
vn 0.2587 0.9291 0.2642
vn 0.2613 0.9292 0.2613
vn 0.6268 0.4628 0.6268
vn 0.3563 0.9291 0.0994
vn 0.3570 0.9292 0.0957
vn 0.9645 -0.0711 -0.2545
vn 0.7904 0.5748 0.2119
vn 0.7904 0.5749 0.2118
vn 0.0922 0.9291 0.3582
vn 0.0957 0.9292 0.3570
vn 0.2113 0.5750 0.7904
vn 0.2118 0.5749 0.7904
vn -0.6729 0.3011 0.6757
vn 0.9528 0.1684 -0.2528
vn -0.9513 0.1697 0.2574
vn 0.9829 0.1588 -0.0933
vn 0.8045 0.1588 -0.5723
vn 0.4096 0.1642 -0.8974
vn 0.3582 0.9291 0.0922
vn 0.9204 0.3051 -0.2445
vn 0.7904 0.5750 0.2113
vn -0.0925 0.1566 0.9833
vn 0.7905 0.5750 0.2110
vn -0.1865 -0.0345 0.9819
vn -0.1584 0.0854 0.9837
vn 0.1225 0.4752 0.8713
vn -0.0021 1.0000 0.0045
vn 0.2642 0.9291 0.2587
vn -0.9626 -0.0703 0.2618
vn -0.5717 0.1566 0.8054
vn 0.6271 0.4627 0.6266
vn -0.6524 -0.0345 0.7571
vn -0.6290 0.0854 0.7727
vn -0.3294 0.4752 0.8159
vn 0.2618 -0.0712 -0.9625
vn 0.0994 0.9291 0.3563
vn 0.0049 1.0000 0.0004
vn 0.2119 0.5748 0.7904
vn -0.8973 0.1619 0.4106
vn 0.0822 0.6730 0.7351
vn -0.9435 -0.0354 0.3295
vn -0.9310 0.0858 0.3548
vn -0.6983 0.4738 0.5365
vn 0.6655 0.7287 0.1617
vn 0.1617 0.7287 0.6655
vn -0.0018 1.0000 -0.0012
vn 0.7096 -0.0021 0.7046
vn 0.7042 -0.0071 0.7100
vn 0.9668 -0.0021 0.2554
vn 0.9648 -0.0071 0.2628
vn 0.2623 -0.0021 0.9650
vn 0.2548 -0.0071 0.9670
vn 0.2588 0.0011 0.9659
vn 0.2563 0.0040 0.9666
vn 0.9659 0.0011 0.2588
vn 0.9652 0.0041 0.2614
vn 0.7071 0.0011 0.7071
vn 0.7052 0.0041 0.7090
vn 0.9666 0.0041 0.2562
vn 0.9650 -0.0021 0.2623
vn 0.9670 -0.0071 0.2549
vn 0.7090 0.0041 0.7052
vn 0.7046 -0.0021 0.7096
vn 0.7100 -0.0071 0.7042
vn 0.2614 0.0041 0.9652
vn 0.2554 -0.0021 0.9668
vn 0.2628 -0.0071 0.9648
vn 0.0044 1.0000 -0.0021
vn -0.7027 -0.0701 0.7081
vn 0.6748 0.3052 -0.6720
vn -0.6951 0.1697 0.6985
vn 0.6987 0.1684 -0.6953
vn -0.2449 0.3011 0.9216
vn 0.7080 -0.0711 -0.7026
vn 0.0006 1.0000 0.0024
vn 0.0028 1.0000 -0.0040
vn -0.0040 1.0000 0.0028
vn -0.2545 -0.0701 0.9645
vn 0.2484 0.3051 -0.9193
vn 0.0023 1.0000 0.0006
vn -0.2527 0.1697 0.9525
vn -0.9206 0.3011 0.2487
vn 0.0004 1.0000 0.0049
vn 0.2575 0.1684 -0.9515
vn 0.0017 1.0000 0.0017
vn -0.4260 -0.9020 0.0706
vn -0.9730 0.1576 0.1685
vn -0.3336 -0.9020 0.2742
vn -0.1362 -0.9220 0.3625
vn 0.6518 -0.0045 0.7584
vn -0.0099 0.2508 -0.9680
vn 0.7569 -0.0045 0.6535
vn 0.9594 -0.0004 0.2822
vn -0.7759 0.0202 0.6305
vn 0.1685 0.1576 -0.9730
vn 0.8334 0.0086 0.5526
vn 0.2805 -0.0004 0.9598
vn -0.1096 -0.9878 0.1109
vn -0.1651 -0.9853 0.0452
vn 0.3791 0.3977 -0.8355
vn -0.9680 0.2508 -0.0099
vn -0.8355 0.3977 0.3791
vn 0.5523 0.0086 0.8336
vn 0.6302 0.0202 -0.7762
vn 0.0450 -0.9854 -0.1645
vn 0.0706 -0.9022 -0.4256
vn 0.2739 -0.9022 -0.3333
vn 0.1104 -0.9879 -0.1091
vn 0.6906 0.1245 -0.7124
vn 0.3620 -0.9222 -0.1360
vn -0.1758 0.6856 -0.7064
vn -0.7064 0.6856 -0.1758
vn -0.0040 -1.0000 -0.0040
vn 0.6620 -0.3303 -0.6728
vn -0.6735 -0.3279 0.6625
vn 0.1408 -0.9720 0.1879
vn 0.1877 -0.9721 0.1405
vn -0.0055 -1.0000 -0.0015
vn 0.2369 -0.3303 -0.9137
vn -0.2520 -0.3279 0.9105
vn -0.7124 0.1263 0.6903
vn 0.0280 -0.9720 0.2332
vn -0.0015 -1.0000 -0.0055
vn 0.9097 -0.3303 -0.2517
vn -0.9145 -0.3279 0.2371
vn 0.9543 0.1245 -0.2716
vn -0.9621 0.1263 0.2417
vn 0.2419 0.1245 -0.9623
vn 0.0924 -0.9721 0.2156
vn 0.2159 -0.9720 0.0923
vn 0.1502 -0.9879 -0.0393
vn -0.0394 -0.9878 0.1508
vn -0.2717 0.1263 0.9541
vn 0.2329 -0.9721 0.0278
vn 0.2136 -0.5730 -0.7913
vn 0.6282 -0.4607 -0.6270
vn 0.7358 -0.6721 -0.0835
vn -0.0008 -1.0000 0.0018
vn 0.3445 0.0298 0.9383
vn 0.3729 -0.0847 0.9240
vn 0.5458 -0.4927 0.6777
vn 0.7640 0.0243 0.6448
vn 0.7794 -0.0846 0.6208
vn 0.8170 -0.4757 0.3260
vn 0.9840 0.0243 0.1764
vn 0.9854 -0.0846 0.1479
vn 0.8705 -0.4757 -0.1265
vn 0.2672 -0.9291 -0.2557
vn 0.2618 -0.9290 -0.2618
vn 0.6276 -0.4605 -0.6277
vn 0.6277 -0.4605 -0.6277
vn 0.3589 -0.9292 -0.0880
vn 0.3574 -0.9290 -0.0958
vn 0.9635 0.0574 0.2615
vn 0.7915 -0.5733 -0.2119
vn 0.7915 -0.5732 -0.2121
vn 0.1030 -0.9292 -0.3548
vn 0.0958 -0.9290 -0.3574
vn 0.2129 -0.5729 -0.7915
vn 0.2121 -0.5732 -0.7915
vn -0.6804 -0.2859 -0.6748
vn 0.9509 -0.1684 0.2597
vn -0.9531 -0.1698 -0.2505
vn 0.9862 -0.1419 0.0855
vn 0.8113 -0.1419 0.5672
vn 0.4263 -0.1517 0.8918
vn 0.3548 -0.9292 -0.1030
vn 0.9233 -0.2902 0.2515
vn 0.7915 -0.5729 -0.2129
vn -0.0847 -0.1396 -0.9866
vn 0.7913 -0.5730 -0.2136
vn -0.1761 0.0238 -0.9841
vn -0.1470 -0.0853 -0.9854
vn 0.1269 -0.4756 -0.8704
vn 0.0046 -0.9999 0.0092
vn 0.2557 -0.9291 -0.2672
vn -0.9652 0.0566 -0.2551
vn 0.6277 -0.4605 -0.6276
vn -0.5666 -0.1396 -0.8121
vn 0.6270 -0.4607 -0.6282
vn -0.6446 0.0238 -0.7642
vn -0.6201 -0.0853 -0.7799
vn -0.3256 -0.4756 -0.8172
vn 0.2551 0.0575 0.9652
vn 0.0880 -0.9292 -0.3589
vn -0.0102 -0.9999 0.0006
vn 0.2119 -0.5733 -0.7915
vn -0.8917 -0.1493 -0.4273
vn 0.0835 -0.6721 -0.7358
vn -0.9382 0.0293 -0.3448
vn -0.9236 -0.0854 -0.3737
vn -0.6774 -0.4927 -0.5462
vn 0.6741 -0.7201 -0.1645
vn 0.1645 -0.7201 -0.6741
vn -0.0018 -1.0000 0.0008
vn 0.7190 0.0031 -0.6950
vn 0.7113 -0.0041 -0.7028
vn 0.9702 0.0031 -0.2424
vn 0.9675 -0.0041 -0.2530
vn 0.2751 0.0031 -0.9614
vn 0.2646 -0.0041 -0.9643
vn 0.2588 0.0164 -0.9658
vn 0.2694 0.0184 -0.9628
vn 0.9658 0.0164 -0.2588
vn 0.9686 0.0184 -0.2481
vn 0.7070 0.0164 -0.7070
vn 0.7147 0.0184 -0.6991
vn 0.9628 0.0185 -0.2695
vn 0.9613 0.0031 -0.2753
vn 0.9644 -0.0041 -0.2646
vn 0.6991 0.0185 -0.7148
vn 0.6949 0.0031 -0.7191
vn 0.7029 -0.0041 -0.7113
vn 0.2480 0.0185 -0.9686
vn 0.2422 0.0031 -0.9702
vn 0.2530 -0.0041 -0.9675
vn -0.0092 -0.9999 -0.0046
vn -0.7083 0.0564 -0.7037
vn 0.6739 -0.2902 0.6795
vn -0.7002 -0.1698 -0.6935
vn 0.6937 -0.1684 0.7003
vn -0.2518 -0.2860 -0.9246
vn 0.7036 0.0574 0.7082
vn -0.0012 -1.0000 0.0046
vn -0.0057 -0.9999 -0.0086
vn 0.0086 -0.9999 0.0057
vn -0.2616 0.0564 -0.9635
vn 0.2439 -0.2902 0.9254
vn -0.0046 -1.0000 0.0012
vn -0.2596 -0.1698 -0.9507
vn -0.9266 -0.2860 -0.2442
vn -0.0006 -0.9999 0.0103
vn 0.2506 -0.1684 0.9533
vn -0.0034 -1.0000 0.0034
vn -0.2110 0.5750 0.7905
vn -0.6266 0.4627 0.6271
vn -0.7351 0.6730 0.0822
vn 0.0012 1.0000 -0.0018
vn -0.3292 -0.0358 -0.9436
vn -0.3540 0.0851 -0.9314
vn -0.5361 0.4739 -0.6986
vn -0.7569 -0.0350 -0.6526
vn -0.7722 0.0847 -0.6297
vn -0.8157 0.4753 -0.3298
vn -0.9818 -0.0350 -0.1867
vn -0.9836 0.0847 -0.1593
vn -0.8713 0.4753 0.1221
vn -0.2587 0.9291 0.2642
vn -0.2613 0.9292 0.2613
vn -0.6268 0.4628 0.6268
vn -0.3563 0.9291 0.0994
vn -0.3570 0.9292 0.0957
vn -0.9645 -0.0711 -0.2545
vn -0.7904 0.5748 0.2119
vn -0.7904 0.5749 0.2118
vn -0.0922 0.9291 0.3582
vn -0.0957 0.9292 0.3570
vn -0.2113 0.5750 0.7904
vn -0.2118 0.5749 0.7904
vn 0.6729 0.3011 0.6757
vn -0.9528 0.1684 -0.2528
vn 0.9513 0.1697 0.2574
vn -0.9829 0.1588 -0.0933
vn -0.8045 0.1588 -0.5723
vn -0.4096 0.1642 -0.8974
vn -0.3582 0.9291 0.0922
vn -0.9204 0.3051 -0.2445
vn -0.7904 0.5750 0.2113
vn 0.0925 0.1566 0.9833
vn -0.7905 0.5750 0.2110
vn 0.1865 -0.0345 0.9819
vn 0.1584 0.0854 0.9837
vn -0.1225 0.4752 0.8713
vn 0.0021 1.0000 0.0045
vn -0.2642 0.9291 0.2587
vn 0.9626 -0.0703 0.2618
vn 0.5717 0.1566 0.8054
vn -0.6271 0.4627 0.6266
vn 0.6524 -0.0345 0.7571
vn 0.6290 0.0854 0.7727
vn 0.3294 0.4752 0.8159
vn -0.2618 -0.0712 -0.9625
vn -0.0994 0.9291 0.3563
vn -0.0049 1.0000 0.0004
vn -0.2119 0.5748 0.7904
vn 0.8973 0.1619 0.4106
vn -0.0822 0.6730 0.7351
vn 0.9435 -0.0354 0.3295
vn 0.9310 0.0858 0.3548
vn 0.6983 0.4738 0.5365
vn -0.6655 0.7287 0.1617
vn -0.1617 0.7287 0.6655
vn 0.0018 1.0000 -0.0012
vn -0.7096 -0.0021 0.7046
vn -0.7042 -0.0071 0.7100
vn -0.9668 -0.0021 0.2554
vn -0.9648 -0.0071 0.2628
vn -0.2623 -0.0021 0.9650
vn -0.2548 -0.0071 0.9670
vn -0.2588 0.0011 0.9659
vn -0.2563 0.0040 0.9666
vn -0.9659 0.0011 0.2588
vn -0.9652 0.0041 0.2614
vn -0.7071 0.0011 0.7071
vn -0.7052 0.0041 0.7090
vn -0.9666 0.0041 0.2562
vn -0.9650 -0.0021 0.2623
vn -0.9670 -0.0071 0.2549
vn -0.7090 0.0041 0.7052
vn -0.7046 -0.0021 0.7096
vn -0.7100 -0.0071 0.7042
vn -0.2614 0.0041 0.9652
vn -0.2554 -0.0021 0.9668
vn -0.2628 -0.0071 0.9648
vn -0.0044 1.0000 -0.0021
vn 0.7027 -0.0701 0.7081
vn -0.6748 0.3052 -0.6720
vn 0.6951 0.1697 0.6985
vn -0.6987 0.1684 -0.6953
vn 0.2449 0.3011 0.9216
vn -0.7080 -0.0711 -0.7026
vn -0.0006 1.0000 0.0024
vn -0.0028 1.0000 -0.0040
vn 0.0040 1.0000 0.0028
vn 0.2545 -0.0701 0.9645
vn -0.2484 0.3051 -0.9193
vn -0.0023 1.0000 0.0006
vn 0.2527 0.1697 0.9525
vn 0.9206 0.3011 0.2487
vn -0.0004 1.0000 0.0049
vn -0.2575 0.1684 -0.9515
vn -0.0017 1.0000 0.0017
vn 0.4260 -0.9020 0.0706
vn 0.9730 0.1576 0.1685
vn 0.3336 -0.9020 0.2742
vn 0.1361 -0.9220 0.3625
vn -0.6518 -0.0045 0.7584
vn 0.0099 0.2508 -0.9680
vn -0.7569 -0.0045 0.6535
vn -0.9594 -0.0004 0.2822
vn 0.7759 0.0202 0.6305
vn -0.1685 0.1576 -0.9730
vn -0.8334 0.0086 0.5527
vn -0.2806 -0.0003 0.9598
vn 0.1096 -0.9878 0.1109
vn 0.1651 -0.9853 0.0452
vn -0.3791 0.3977 -0.8355
vn 0.9680 0.2508 -0.0099
vn 0.8355 0.3977 0.3791
vn -0.5523 0.0086 0.8336
vn -0.6301 0.0202 -0.7762
vn -0.0450 -0.9854 -0.1645
vn -0.0706 -0.9022 -0.4256
vn -0.2739 -0.9022 -0.3333
vn -0.1104 -0.9879 -0.1091
vn -0.6906 0.1245 -0.7124
vn -0.3620 -0.9222 -0.1360
vn 0.1758 0.6856 -0.7064
vn 0.7064 0.6856 -0.1758
vn 0.0040 -1.0000 -0.0040
vn -0.6620 -0.3303 -0.6728
vn 0.6735 -0.3279 0.6625
vn -0.1408 -0.9720 0.1879
vn -0.1877 -0.9721 0.1405
vn 0.0055 -1.0000 -0.0015
vn -0.2369 -0.3303 -0.9137
vn 0.2519 -0.3279 0.9105
vn 0.7124 0.1263 0.6903
vn -0.0280 -0.9720 0.2332
vn 0.0015 -1.0000 -0.0055
vn -0.9097 -0.3303 -0.2517
vn 0.9145 -0.3279 0.2370
vn -0.9543 0.1245 -0.2716
vn 0.9621 0.1263 0.2417
vn -0.2419 0.1245 -0.9623
vn -0.0924 -0.9721 0.2156
vn -0.2159 -0.9720 0.0923
vn -0.1502 -0.9879 -0.0393
vn 0.0394 -0.9878 0.1508
vn 0.2717 0.1263 0.9540
vn -0.2329 -0.9721 0.0278
vt 0.930556 0.875000
vt 0.930556 1.000000
vt 0.916667 1.000000
vt 0.916667 0.875000
vt 0.847222 0.875000
vt 0.847222 1.000000
vt 0.833333 1.000000
vt 0.833333 0.875000
vt 0.763889 0.875000
vt 0.763889 1.000000
vt 0.750000 1.000000
vt 0.750000 0.875000
vt 0.370000 0.457846
vt 0.350000 0.463205
vt 0.330000 0.468564
vt 0.290000 0.479282
vt 0.270000 0.484641
vt 0.250000 0.490000
vt 0.250000 0.430000
vt 0.391892 0.391892
vt 0.413923 0.413923
vt 0.399282 0.428564
vt 0.384641 0.443205
vt 0.755556 0.500000
vt 0.753584 0.625000
vt 0.750000 0.625000
vt 0.750000 0.500000
vt 0.758960 0.750000
vt 0.750000 0.750000
vt 0.761425 0.812500
vt 0.750000 0.812500
vt 0.838889 0.500000
vt 0.836917 0.625000
vt 0.833333 0.625000
vt 0.833333 0.500000
vt 0.842294 0.750000
vt 0.833333 0.750000
vt 0.844758 0.812500
vt 0.833333 0.812500
vt 0.922222 0.500000
vt 0.920251 0.625000
vt 0.916667 0.625000
vt 0.916667 0.500000
vt 0.925627 0.750000
vt 0.916667 0.750000
vt 0.928091 0.812500
vt 0.916667 0.812500
vt 0.905205 0.812500
vt 0.902778 0.875000
vt 0.888889 0.875000
vt 0.893743 0.812500
vt 0.861111 0.875000
vt 0.856183 0.812500
vt 0.902778 1.000000
vt 0.888889 1.000000
vt 0.875000 1.000000
vt 0.861111 1.000000
vt 0.821872 0.812500
vt 0.819444 0.875000
vt 0.805556 0.875000
vt 0.810410 0.812500
vt 0.777778 0.875000
vt 0.772849 0.812500
vt 0.819444 1.000000
vt 0.805556 1.000000
vt 0.777778 1.000000
vt 0.988538 0.812500
vt 0.986111 0.875000
vt 0.972222 0.875000
vt 0.977077 0.812500
vt 0.944444 0.875000
vt 0.939516 0.812500
vt 0.986111 1.000000
vt 0.972222 1.000000
vt 0.944444 1.000000
vt 0.907632 0.750000
vt 0.996386 0.625000
vt 0.990965 0.750000
vt 0.824299 0.750000
vt 0.829720 0.625000
vt 0.827778 0.500000
vt 0.994444 0.500000
vt 0.913053 0.625000
vt 0.911111 0.500000
vt 1.000000 0.750000
vt 1.000000 0.812500
vt 1.000000 0.875000
vt 1.000000 1.000000
vt 1.000000 0.500000
vt 1.000000 0.625000
vt 0.430000 0.250000
vt 0.371934 0.371934
vt 0.399055 0.250000
vt 0.250000 0.399055
vt 0.490000 0.250000
vt 0.484641 0.270000
vt 0.479282 0.290000
vt 0.468564 0.330000
vt 0.463205 0.350000
vt 0.457846 0.370000
vt 0.443205 0.384641
vt 0.428564 0.399282
vt 0.898598 0.750000
vt 0.909439 0.625000
vt 0.905556 0.500000
vt 0.815264 0.750000
vt 0.826106 0.625000
vt 0.822222 0.500000
vt 0.981931 0.750000
vt 0.992772 0.625000
vt 0.988889 0.500000
vt 0.934587 0.750000
vt 0.767921 0.750000
vt 0.851254 0.750000
vt 0.757168 0.625000
vt 0.761111 0.500000
vt 0.840502 0.625000
vt 0.844445 0.500000
vt 0.923835 0.625000
vt 0.927778 0.500000
s 0
f 74/1/1 75/2/1 4/3/1 12/4/1
f 62/5/2 63/6/2 6/7/2 15/8/2
f 50/9/3 51/10/3 8/11/3 18/12/3
f 4/13/4 75/14/4 29/15/4 30/16/4 77/17/4 2/18/4 35/19/4 83/20/4 85/21/4 22/22/4 65/23/4
f 47/24/5 48/25/5 20/26/5 7/27/5
f 48/25/6 49/28/6 19/29/6 20/26/6
f 52/30/7 50/9/7 18/12/7 40/31/7
f 59/32/8 60/33/8 17/34/8 5/35/8
f 60/33/9 61/36/9 16/37/9 17/34/9
f 64/38/10 62/5/10 15/8/10 39/39/10
f 71/40/11 72/41/11 14/42/11 3/43/11
f 72/41/12 73/44/12 13/45/12 14/42/12
f 76/46/13 74/1/13 12/4/13 38/47/13
f 70/48/14 69/49/14 23/50/14 41/51/14
f 41/51/14 23/50/14 24/52/14 42/53/14
f 69/49/2 65/54/2 22/55/2 23/50/2
f 23/50/2 22/55/2 85/56/2 21/57/2 24/52/2
f 58/58/15 57/59/15 27/60/15 43/61/15
f 43/61/15 27/60/15 28/62/15 44/63/15
f 72/41/16 71/40/16 130/40/16 131/41/16
f 57/59/17 53/64/17 26/65/17 27/60/17
f 27/60/17 26/65/17 25/66/17 28/62/17
f 82/67/18 81/68/18 31/69/18 45/70/18
f 45/70/18 31/69/18 32/71/18 46/72/18
f 81/68/1 77/73/1 30/74/1 31/69/1
f 31/69/1 30/74/1 29/75/1 32/71/1
f 68/76/19 70/48/19 121/48/19 93/76/19
f 73/44/20 72/41/20 131/41/20 132/44/20
f 79/77/21 80/78/21 112/78/21 110/77/21
f 73/44/22 76/46/22 38/47/22 13/45/22
f 61/36/23 64/38/23 39/39/23 16/37/23
f 49/28/24 52/30/24 40/31/24 19/29/24
f 44/63/15 28/62/15 50/9/15 52/30/15
f 76/46/25 73/44/25 132/44/25 133/46/25
f 28/62/17 25/66/17 51/10/17 50/9/17
f 16/37/26 39/39/26 58/58/26 56/79/26
f 15/8/17 6/7/17 53/64/17 57/59/17
f 5/35/27 17/34/27 55/80/27 54/81/27
f 17/34/28 16/37/28 56/79/28 55/80/28
f 39/39/29 15/8/29 57/59/29 58/58/29
f 70/48/4 41/51/4 96/51/4 121/48/4
f 42/53/14 24/52/14 62/5/14 64/38/14
f 78/82/30 79/77/30 110/77/30 108/82/30
f 24/52/2 21/57/2 63/6/2 62/5/2
f 13/45/31 38/47/31 70/48/31 68/76/31
f 12/4/2 4/3/2 65/54/2 69/49/2
f 3/43/32 14/42/32 67/83/32 66/84/32
f 14/42/33 13/45/33 68/76/33 67/83/33
f 38/47/34 12/4/34 69/49/34 70/48/34
f 48/25/35 47/24/35 122/24/35 123/25/35
f 46/72/18 32/71/18 74/1/18 76/46/18
f 46/72/4 76/46/4 133/46/4 116/72/4
f 32/71/1 29/75/1 75/2/1 74/1/1
f 10/85/36 37/86/36 82/67/36 80/78/36
f 11/87/37 2/88/37 77/73/37 81/68/37
f 1/89/38 9/90/38 79/77/38 78/82/38
f 9/90/39 10/85/39 80/78/39 79/77/39
f 37/86/40 11/87/40 81/68/40 82/67/40
f 34/91/41 83/20/41 84/92/41 33/93/41
f 84/92/42 83/20/42 35/19/42 36/94/42
f 85/21/4 83/20/4 34/91/4 8/95/4 51/96/4 25/97/4 26/98/4 53/99/4 6/100/4 63/101/4 21/102/4
f 91/83/43 93/76/43 94/103/43 92/104/43
f 90/84/43 91/83/43 92/104/43 86/105/43
f 100/80/44 102/79/44 103/106/44 101/107/44
f 99/81/44 100/80/44 101/107/44 88/108/44
f 110/77/45 112/78/45 113/109/45 111/110/45
f 108/82/45 110/77/45 111/110/45 109/111/45
f 113/109/45 115/70/45 116/72/45 114/112/45
f 112/78/45 119/67/45 115/70/45 113/109/45
f 103/106/44 105/61/44 106/63/44 104/113/44
f 102/79/44 120/58/44 105/61/44 103/106/44
f 94/103/43 96/51/43 97/53/43 95/114/43
f 93/76/43 121/48/43 96/51/43 94/103/43
f 104/113/44 106/63/44 125/30/44 124/28/44
f 107/115/44 104/113/44 124/28/44 123/25/44
f 87/116/44 107/115/44 123/25/44 122/24/44
f 95/114/43 97/53/43 129/38/43 128/36/43
f 98/117/43 95/114/43 128/36/43 127/33/43
f 89/118/43 98/117/43 127/33/43 126/32/43
f 114/112/45 116/72/45 133/46/45 132/44/45
f 117/119/45 114/112/45 132/44/45 131/41/45
f 118/120/45 117/119/45 131/41/45 130/40/45
f 42/53/4 64/38/4 129/38/4 97/53/4
f 66/84/46 67/83/46 91/83/46 90/84/46
f 64/38/47 61/36/47 128/36/47 129/38/47
f 67/83/48 68/76/48 93/76/48 91/83/48
f 61/36/49 60/33/49 127/33/49 128/36/49
f 56/79/50 58/58/50 120/58/50 102/79/50
f 60/33/51 59/32/51 126/32/51 127/33/51
f 45/70/4 46/72/4 116/72/4 115/70/4
f 44/63/4 52/30/4 125/30/4 106/63/4
f 82/67/4 45/70/4 115/70/4 119/67/4
f 54/81/52 55/80/52 100/80/52 99/81/52
f 52/30/53 49/28/53 124/28/53 125/30/53
f 43/61/4 44/63/4 106/63/4 105/61/4
f 55/80/54 56/79/54 102/79/54 100/80/54
f 80/78/55 82/67/55 119/67/55 112/78/55
f 58/58/4 43/61/4 105/61/4 120/58/4
f 49/28/56 48/25/56 123/25/56 124/28/56
f 41/51/4 42/53/4 97/53/4 96/51/4
f 207/1/57 145/4/57 137/3/57 208/2/57
f 195/5/58 148/8/58 139/7/58 196/6/58
f 183/9/59 151/12/59 141/11/59 184/10/59
f 137/13/60 198/23/60 155/22/60 218/21/60 216/20/60 168/19/60 135/18/60 210/17/60 163/16/60 162/15/60 208/14/60
f 180/24/61 140/27/61 153/26/61 181/25/61
f 181/25/62 153/26/62 152/29/62 182/28/62
f 185/30/63 173/31/63 151/12/63 183/9/63
f 192/32/64 138/35/64 150/34/64 193/33/64
f 193/33/65 150/34/65 149/37/65 194/36/65
f 197/38/66 172/39/66 148/8/66 195/5/66
f 204/40/67 136/43/67 147/42/67 205/41/67
f 205/41/68 147/42/68 146/45/68 206/44/68
f 209/46/69 171/47/69 145/4/69 207/1/69
f 203/48/70 174/51/70 156/50/70 202/49/70
f 174/51/71 175/53/71 157/52/71 156/50/71
f 202/49/72 156/50/72 155/55/72 198/54/72
f 156/50/72 157/52/72 154/57/72 218/56/72 155/55/72
f 191/58/73 176/61/73 160/60/73 190/59/73
f 176/61/74 177/63/74 161/62/74 160/60/74
f 205/41/75 264/41/75 263/40/75 204/40/75
f 190/59/76 160/60/76 159/65/76 186/64/76
f 160/60/77 161/62/77 158/66/77 159/65/77
f 215/67/78 178/70/78 164/69/78 214/68/78
f 178/70/79 179/72/79 165/71/79 164/69/79
f 214/68/80 164/69/80 163/74/80 210/73/80
f 164/69/81 165/71/81 162/75/81 163/74/81
f 201/76/82 226/76/82 254/48/82 203/48/82
f 206/44/83 265/44/83 264/41/83 205/41/83
f 212/77/84 243/77/84 245/78/84 213/78/84
f 206/44/85 146/45/85 171/47/85 209/46/85
f 194/36/86 149/37/86 172/39/86 197/38/86
f 182/28/87 152/29/87 173/31/87 185/30/87
f 177/63/88 185/30/88 183/9/88 161/62/88
f 209/46/89 266/46/89 265/44/89 206/44/89
f 161/62/90 183/9/90 184/10/90 158/66/90
f 149/37/91 189/79/91 191/58/91 172/39/91
f 148/8/92 190/59/92 186/64/92 139/7/92
f 138/35/93 187/81/93 188/80/93 150/34/93
f 150/34/94 188/80/94 189/79/94 149/37/94
f 172/39/95 191/58/95 190/59/95 148/8/95
f 203/48/96 254/48/96 229/51/96 174/51/96
f 175/53/97 197/38/97 195/5/97 157/52/97
f 211/82/98 241/82/98 243/77/98 212/77/98
f 157/52/72 195/5/72 196/6/72 154/57/72
f 146/45/99 201/76/99 203/48/99 171/47/99
f 145/4/100 202/49/100 198/54/100 137/3/100
f 136/43/101 199/84/101 200/83/101 147/42/101
f 147/42/102 200/83/102 201/76/102 146/45/102
f 171/47/103 203/48/103 202/49/103 145/4/103
f 181/25/104 256/25/104 255/24/104 180/24/104
f 179/72/105 209/46/105 207/1/105 165/71/105
f 179/72/106 249/72/106 266/46/106 209/46/106
f 165/71/107 207/1/107 208/2/107 162/75/107
f 143/85/108 213/78/108 215/67/108 170/86/108
f 144/87/109 214/68/109 210/73/109 135/88/109
f 134/89/110 211/82/110 212/77/110 142/90/110
f 142/90/111 212/77/111 213/78/111 143/85/111
f 170/86/112 215/67/112 214/68/112 144/87/112
f 167/91/113 166/93/113 217/92/113 216/20/113
f 217/92/114 169/94/114 168/19/114 216/20/114
f 218/21/115 154/102/115 196/101/115 139/100/115 186/99/115 159/98/115 158/97/115 184/96/115 141/95/115 167/91/115 216/20/115
f 224/83/116 225/104/116 227/103/116 226/76/116
f 223/84/117 219/105/117 225/104/117 224/83/117
f 233/80/118 234/107/118 236/106/118 235/79/118
f 232/81/119 221/108/119 234/107/119 233/80/119
f 243/77/120 244/110/120 246/109/120 245/78/120
f 241/82/121 242/111/121 244/110/121 243/77/121
f 246/109/122 247/112/122 249/72/122 248/70/122
f 245/78/123 246/109/123 248/70/123 252/67/123
f 236/106/124 237/113/124 239/63/124 238/61/124
f 235/79/125 236/106/125 238/61/125 253/58/125
f 227/103/126 228/114/126 230/53/126 229/51/126
f 226/76/127 227/103/127 229/51/127 254/48/127
f 237/113/128 257/28/128 258/30/128 239/63/128
f 240/115/129 256/25/129 257/28/129 237/113/129
f 220/116/130 255/24/130 256/25/130 240/115/130
f 228/114/131 261/36/131 262/38/131 230/53/131
f 231/117/132 260/33/132 261/36/132 228/114/132
f 222/118/133 259/32/133 260/33/133 231/117/133
f 247/112/134 265/44/134 266/46/134 249/72/134
f 250/119/135 264/41/135 265/44/135 247/112/135
f 251/120/136 263/40/136 264/41/136 250/119/136
f 175/53/137 230/53/137 262/38/137 197/38/137
f 199/84/138 223/84/138 224/83/138 200/83/138
f 197/38/139 262/38/139 261/36/139 194/36/139
f 200/83/140 224/83/140 226/76/140 201/76/140
f 194/36/141 261/36/141 260/33/141 193/33/141
f 189/79/142 235/79/142 253/58/142 191/58/142
f 193/33/143 260/33/143 259/32/143 192/32/143
f 178/70/144 248/70/144 249/72/144 179/72/144
f 177/63/145 239/63/145 258/30/145 185/30/145
f 215/67/146 252/67/146 248/70/146 178/70/146
f 187/81/147 232/81/147 233/80/147 188/80/147
f 185/30/148 258/30/148 257/28/148 182/28/148
f 176/61/149 238/61/149 239/63/149 177/63/149
f 188/80/150 233/80/150 235/79/150 189/79/150
f 213/78/151 245/78/151 252/67/151 215/67/151
f 191/58/152 253/58/152 238/61/152 176/61/152
f 182/28/153 257/28/153 256/25/153 181/25/153
f 174/51/154 229/51/154 230/53/154 175/53/154
f 71/40/155 3/43/155 136/43/155 204/40/155
f 2/88/156 11/87/156 144/87/156 135/88/156
f 59/32/157 5/35/157 138/35/157 192/32/157
f 47/24/158 7/27/158 140/27/158 180/24/158
f 7/27/159 20/26/159 153/26/159 140/27/159
f 8/95/160 34/91/160 167/91/160 141/95/160
f 9/90/161 1/89/161 134/89/161 142/90/161
f 10/85/162 9/90/162 142/90/162 143/85/162
f 11/87/163 37/86/163 170/86/163 144/87/163
f 18/12/164 8/11/164 141/11/164 151/12/164
f 19/29/165 40/31/165 173/31/165 152/29/165
f 20/26/166 19/29/166 152/29/166 153/26/166
f 66/84/167 90/84/167 223/84/167 199/84/167
f 78/82/168 108/82/168 241/82/168 211/82/168
f 34/91/169 33/93/169 166/93/169 167/91/169
f 35/19/170 2/18/170 135/18/170 168/19/170
f 36/94/171 35/19/171 168/19/171 169/94/171
f 37/86/172 10/85/172 143/85/172 170/86/172
f 40/31/173 18/12/173 151/12/173 173/31/173
f 122/24/174 47/24/174 180/24/174 255/24/174
f 5/35/175 54/81/175 187/81/175 138/35/175
f 3/43/176 66/84/176 199/84/176 136/43/176
f 126/32/177 59/32/177 192/32/177 259/32/177
f 86/105/178 92/104/178 225/104/178 219/105/178
f 1/89/179 78/82/179 211/82/179 134/89/179
f 84/92/180 36/94/180 169/94/180 217/92/180
f 33/93/181 84/92/181 217/92/181 166/93/181
f 94/103/182 95/114/182 228/114/182 227/103/182
f 92/104/183 94/103/183 227/103/183 225/104/183
f 95/114/184 98/117/184 231/117/184 228/114/184
f 90/84/185 86/105/185 219/105/185 223/84/185
f 89/118/186 126/32/186 259/32/186 222/118/186
f 103/106/182 104/113/182 237/113/182 236/106/182
f 101/107/187 103/106/187 236/106/187 234/107/187
f 104/113/188 107/115/188 240/115/188 237/113/188
f 98/117/189 89/118/189 222/118/189 231/117/189
f 108/82/190 109/111/190 242/111/190 241/82/190
f 113/109/182 114/112/182 247/112/182 246/109/182
f 111/110/191 113/109/191 246/109/191 244/110/191
f 114/112/192 117/119/192 250/119/192 247/112/192
f 109/111/193 111/110/193 244/110/193 242/111/193
f 117/119/194 118/120/194 251/120/194 250/119/194
f 88/108/195 101/107/195 234/107/195 221/108/195
f 118/120/196 130/40/196 263/40/196 251/120/196
f 99/81/197 88/108/197 221/108/197 232/81/197
f 130/40/198 71/40/198 204/40/198 263/40/198
f 54/81/199 99/81/199 232/81/199 187/81/199
f 107/115/200 87/116/200 220/116/200 240/115/200
f 87/116/201 122/24/201 255/24/201 220/116/201
f 332/1/202 273/4/202 268/3/202 333/2/202
f 320/5/203 276/8/203 270/7/203 321/6/203
f 308/9/204 279/12/204 272/11/204 309/10/204
f 268/13/4 323/23/4 283/22/4 343/21/4 341/20/4 35/19/4 2/18/4 335/17/4 291/16/4 290/15/4 333/14/4
f 305/24/205 271/27/205 281/26/205 306/25/205
f 306/25/206 281/26/206 280/29/206 307/28/206
f 310/30/207 298/31/207 279/12/207 308/9/207
f 317/32/208 269/35/208 278/34/208 318/33/208
f 318/33/209 278/34/209 277/37/209 319/36/209
f 322/38/210 297/39/210 276/8/210 320/5/210
f 329/40/211 267/43/211 275/42/211 330/41/211
f 330/41/212 275/42/212 274/45/212 331/44/212
f 334/46/213 296/47/213 273/4/213 332/1/213
f 328/48/214 299/51/214 284/50/214 327/49/214
f 299/51/214 300/53/214 285/52/214 284/50/214
f 327/49/203 284/50/203 283/55/203 323/54/203
f 284/50/203 285/52/203 282/57/203 343/56/203 283/55/203
f 316/58/215 301/61/215 288/60/215 315/59/215
f 301/61/215 302/63/215 289/62/215 288/60/215
f 330/41/216 389/41/216 388/40/216 329/40/216
f 315/59/217 288/60/217 287/65/217 311/64/217
f 288/60/217 289/62/217 286/66/217 287/65/217
f 340/67/218 303/70/218 292/69/218 339/68/218
f 303/70/218 304/72/218 293/71/218 292/69/218
f 339/68/202 292/69/202 291/74/202 335/73/202
f 292/69/202 293/71/202 290/75/202 291/74/202
f 326/76/219 351/76/219 379/48/219 328/48/219
f 331/44/220 390/44/220 389/41/220 330/41/220
f 337/77/221 368/77/221 370/78/221 338/78/221
f 331/44/222 274/45/222 296/47/222 334/46/222
f 319/36/223 277/37/223 297/39/223 322/38/223
f 307/28/224 280/29/224 298/31/224 310/30/224
f 302/63/215 310/30/215 308/9/215 289/62/215
f 334/46/225 391/46/225 390/44/225 331/44/225
f 289/62/217 308/9/217 309/10/217 286/66/217
f 277/37/226 314/79/226 316/58/226 297/39/226
f 276/8/217 315/59/217 311/64/217 270/7/217
f 269/35/227 312/81/227 313/80/227 278/34/227
f 278/34/228 313/80/228 314/79/228 277/37/228
f 297/39/229 316/58/229 315/59/229 276/8/229
f 328/48/4 379/48/4 354/51/4 299/51/4
f 300/53/214 322/38/214 320/5/214 285/52/214
f 336/82/230 366/82/230 368/77/230 337/77/230
f 285/52/203 320/5/203 321/6/203 282/57/203
f 274/45/231 326/76/231 328/48/231 296/47/231
f 273/4/203 327/49/203 323/54/203 268/3/203
f 267/43/232 324/84/232 325/83/232 275/42/232
f 275/42/233 325/83/233 326/76/233 274/45/233
f 296/47/234 328/48/234 327/49/234 273/4/234
f 306/25/235 381/25/235 380/24/235 305/24/235
f 304/72/218 334/46/218 332/1/218 293/71/218
f 304/72/4 374/72/4 391/46/4 334/46/4
f 293/71/202 332/1/202 333/2/202 290/75/202
f 10/85/236 338/78/236 340/67/236 37/86/236
f 11/87/237 339/68/237 335/73/237 2/88/237
f 1/89/238 336/82/238 337/77/238 9/90/238
f 9/90/239 337/77/239 338/78/239 10/85/239
f 37/86/240 340/67/240 339/68/240 11/87/240
f 295/91/241 294/93/241 342/92/241 341/20/241
f 342/92/242 36/94/242 35/19/242 341/20/242
f 343/21/4 282/102/4 321/101/4 270/100/4 311/99/4 287/98/4 286/97/4 309/96/4 272/95/4 295/91/4 341/20/4
f 349/83/243 350/104/243 352/103/243 351/76/243
f 348/84/243 344/105/243 350/104/243 349/83/243
f 358/80/244 359/107/244 361/106/244 360/79/244
f 357/81/244 346/108/244 359/107/244 358/80/244
f 368/77/245 369/110/245 371/109/245 370/78/245
f 366/82/245 367/111/245 369/110/245 368/77/245
f 371/109/245 372/112/245 374/72/245 373/70/245
f 370/78/245 371/109/245 373/70/245 377/67/245
f 361/106/244 362/113/244 364/63/244 363/61/244
f 360/79/244 361/106/244 363/61/244 378/58/244
f 352/103/243 353/114/243 355/53/243 354/51/243
f 351/76/243 352/103/243 354/51/243 379/48/243
f 362/113/244 382/28/244 383/30/244 364/63/244
f 365/115/244 381/25/244 382/28/244 362/113/244
f 345/116/244 380/24/244 381/25/244 365/115/244
f 353/114/243 386/36/243 387/38/243 355/53/243
f 356/117/243 385/33/243 386/36/243 353/114/243
f 347/118/243 384/32/243 385/33/243 356/117/243
f 372/112/245 390/44/245 391/46/245 374/72/245
f 375/119/245 389/41/245 390/44/245 372/112/245
f 376/120/245 388/40/245 389/41/245 375/119/245
f 300/53/4 355/53/4 387/38/4 322/38/4
f 324/84/246 348/84/246 349/83/246 325/83/246
f 322/38/247 387/38/247 386/36/247 319/36/247
f 325/83/248 349/83/248 351/76/248 326/76/248
f 319/36/249 386/36/249 385/33/249 318/33/249
f 314/79/250 360/79/250 378/58/250 316/58/250
f 318/33/251 385/33/251 384/32/251 317/32/251
f 303/70/4 373/70/4 374/72/4 304/72/4
f 302/63/4 364/63/4 383/30/4 310/30/4
f 340/67/4 377/67/4 373/70/4 303/70/4
f 312/81/252 357/81/252 358/80/252 313/80/252
f 310/30/253 383/30/253 382/28/253 307/28/253
f 301/61/4 363/61/4 364/63/4 302/63/4
f 313/80/254 358/80/254 360/79/254 314/79/254
f 338/78/255 370/78/255 377/67/255 340/67/255
f 316/58/4 378/58/4 363/61/4 301/61/4
f 307/28/256 382/28/256 381/25/256 306/25/256
f 299/51/4 354/51/4 355/53/4 300/53/4
f 464/1/257 465/2/257 394/3/257 402/4/257
f 452/5/258 453/6/258 396/7/258 405/8/258
f 440/9/259 441/10/259 398/11/259 408/12/259
f 394/13/260 465/14/260 419/15/260 420/16/260 467/17/260 135/18/260 425/19/260 473/20/260 475/21/260 412/22/260 455/23/260
f 437/24/261 438/25/261 410/26/261 397/27/261
f 438/25/262 439/28/262 409/29/262 410/26/262
f 442/30/263 440/9/263 408/12/263 430/31/263
f 449/32/264 450/33/264 407/34/264 395/35/264
f 450/33/265 451/36/265 406/37/265 407/34/265
f 454/38/266 452/5/266 405/8/266 429/39/266
f 461/40/267 462/41/267 404/42/267 393/43/267
f 462/41/268 463/44/268 403/45/268 404/42/268
f 466/46/269 464/1/269 402/4/269 428/47/269
f 460/48/270 459/49/270 413/50/270 431/51/270
f 431/51/271 413/50/271 414/52/271 432/53/271
f 459/49/272 455/54/272 412/55/272 413/50/272
f 413/50/272 412/55/272 475/56/272 411/57/272 414/52/272
f 448/58/273 447/59/273 417/60/273 433/61/273
f 433/61/274 417/60/274 418/62/274 434/63/274
f 462/41/275 461/40/275 520/40/275 521/41/275
f 447/59/276 443/64/276 416/65/276 417/60/276
f 417/60/277 416/65/277 415/66/277 418/62/277
f 472/67/278 471/68/278 421/69/278 435/70/278
f 435/70/279 421/69/279 422/71/279 436/72/279
f 471/68/280 467/73/280 420/74/280 421/69/280
f 421/69/281 420/74/281 419/75/281 422/71/281
f 458/76/282 460/48/282 511/48/282 483/76/282
f 463/44/283 462/41/283 521/41/283 522/44/283
f 469/77/284 470/78/284 502/78/284 500/77/284
f 463/44/285 466/46/285 428/47/285 403/45/285
f 451/36/286 454/38/286 429/39/286 406/37/286
f 439/28/287 442/30/287 430/31/287 409/29/287
f 434/63/288 418/62/288 440/9/288 442/30/288
f 466/46/289 463/44/289 522/44/289 523/46/289
f 418/62/290 415/66/290 441/10/290 440/9/290
f 406/37/291 429/39/291 448/58/291 446/79/291
f 405/8/292 396/7/292 443/64/292 447/59/292
f 395/35/293 407/34/293 445/80/293 444/81/293
f 407/34/294 406/37/294 446/79/294 445/80/294
f 429/39/295 405/8/295 447/59/295 448/58/295
f 460/48/296 431/51/296 486/51/296 511/48/296
f 432/53/297 414/52/297 452/5/297 454/38/297
f 468/82/298 469/77/298 500/77/298 498/82/298
f 414/52/272 411/57/272 453/6/272 452/5/272
f 403/45/299 428/47/299 460/48/299 458/76/299
f 402/4/300 394/3/300 455/54/300 459/49/300
f 393/43/301 404/42/301 457/83/301 456/84/301
f 404/42/302 403/45/302 458/76/302 457/83/302
f 428/47/303 402/4/303 459/49/303 460/48/303
f 438/25/304 437/24/304 512/24/304 513/25/304
f 436/72/305 422/71/305 464/1/305 466/46/305
f 436/72/306 466/46/306 523/46/306 506/72/306
f 422/71/307 419/75/307 465/2/307 464/1/307
f 400/85/308 427/86/308 472/67/308 470/78/308
f 401/87/309 135/88/309 467/73/309 471/68/309
f 392/89/310 399/90/310 469/77/310 468/82/310
f 399/90/311 400/85/311 470/78/311 469/77/311
f 427/86/312 401/87/312 471/68/312 472/67/312
f 424/91/313 473/20/313 474/92/313 423/93/313
f 474/92/314 473/20/314 425/19/314 426/94/314
f 475/21/315 473/20/315 424/91/315 398/95/315 441/96/315 415/97/315 416/98/315 443/99/315 396/100/315 453/101/315 411/102/315
f 481/83/316 483/76/316 484/103/316 482/104/316
f 480/84/317 481/83/317 482/104/317 476/105/317
f 490/80/318 492/79/318 493/106/318 491/107/318
f 489/81/319 490/80/319 491/107/319 478/108/319
f 500/77/320 502/78/320 503/109/320 501/110/320
f 498/82/321 500/77/321 501/110/321 499/111/321
f 503/109/322 505/70/322 506/72/322 504/112/322
f 502/78/323 509/67/323 505/70/323 503/109/323
f 493/106/324 495/61/324 496/63/324 494/113/324
f 492/79/325 510/58/325 495/61/325 493/106/325
f 484/103/326 486/51/326 487/53/326 485/114/326
f 483/76/327 511/48/327 486/51/327 484/103/327
f 494/113/328 496/63/328 515/30/328 514/28/328
f 497/115/329 494/113/329 514/28/329 513/25/329
f 477/116/330 497/115/330 513/25/330 512/24/330
f 485/114/331 487/53/331 519/38/331 518/36/331
f 488/117/332 485/114/332 518/36/332 517/33/332
f 479/118/333 488/117/333 517/33/333 516/32/333
f 504/112/334 506/72/334 523/46/334 522/44/334
f 507/119/335 504/112/335 522/44/335 521/41/335
f 508/120/336 507/119/336 521/41/336 520/40/336
f 432/53/337 454/38/337 519/38/337 487/53/337
f 456/84/338 457/83/338 481/83/338 480/84/338
f 454/38/339 451/36/339 518/36/339 519/38/339
f 457/83/340 458/76/340 483/76/340 481/83/340
f 451/36/341 450/33/341 517/33/341 518/36/341
f 446/79/342 448/58/342 510/58/342 492/79/342
f 450/33/343 449/32/343 516/32/343 517/33/343
f 435/70/344 436/72/344 506/72/344 505/70/344
f 434/63/345 442/30/345 515/30/345 496/63/345
f 472/67/346 435/70/346 505/70/346 509/67/346
f 444/81/347 445/80/347 490/80/347 489/81/347
f 442/30/348 439/28/348 514/28/348 515/30/348
f 433/61/349 434/63/349 496/63/349 495/61/349
f 445/80/350 446/79/350 492/79/350 490/80/350
f 470/78/351 472/67/351 509/67/351 502/78/351
f 448/58/352 433/61/352 495/61/352 510/58/352
f 439/28/353 438/25/353 513/25/353 514/28/353
f 431/51/354 432/53/354 487/53/354 486/51/354
f 329/40/355 461/40/355 393/43/355 267/43/355
f 2/88/356 135/88/356 401/87/356 11/87/356
f 317/32/357 449/32/357 395/35/357 269/35/357
f 305/24/358 437/24/358 397/27/358 271/27/358
f 271/27/359 397/27/359 410/26/359 281/26/359
f 272/95/360 398/95/360 424/91/360 295/91/360
f 9/90/361 399/90/361 392/89/361 1/89/361
f 10/85/362 400/85/362 399/90/362 9/90/362
f 11/87/363 401/87/363 427/86/363 37/86/363
f 279/12/364 408/12/364 398/11/364 272/11/364
f 280/29/365 409/29/365 430/31/365 298/31/365
f 281/26/366 410/26/366 409/29/366 280/29/366
f 324/84/367 456/84/367 480/84/367 348/84/367
f 336/82/368 468/82/368 498/82/368 366/82/368
f 295/91/369 424/91/369 423/93/369 294/93/369
f 35/19/370 425/19/370 135/18/370 2/18/370
f 36/94/371 426/94/371 425/19/371 35/19/371
f 37/86/372 427/86/372 400/85/372 10/85/372
f 298/31/373 430/31/373 408/12/373 279/12/373
f 380/24/374 512/24/374 437/24/374 305/24/374
f 269/35/375 395/35/375 444/81/375 312/81/375
f 267/43/376 393/43/376 456/84/376 324/84/376
f 384/32/377 516/32/377 449/32/377 317/32/377
f 344/105/378 476/105/378 482/104/378 350/104/378
f 1/89/379 392/89/379 468/82/379 336/82/379
f 342/92/380 474/92/380 426/94/380 36/94/380
f 294/93/381 423/93/381 474/92/381 342/92/381
f 352/103/182 484/103/182 485/114/182 353/114/182
f 350/104/382 482/104/382 484/103/382 352/103/382
f 353/114/383 485/114/383 488/117/383 356/117/383
f 348/84/384 480/84/384 476/105/384 344/105/384
f 347/118/385 479/118/385 516/32/385 384/32/385
f 361/106/182 493/106/182 494/113/182 362/113/182
f 359/107/386 491/107/386 493/106/386 361/106/386
f 362/113/387 494/113/387 497/115/387 365/115/387
f 356/117/388 488/117/388 479/118/388 347/118/388
f 366/82/389 498/82/389 499/111/389 367/111/389
f 371/109/182 503/109/182 504/112/182 372/112/182
f 369/110/390 501/110/390 503/109/390 371/109/390
f 372/112/391 504/112/391 507/119/391 375/119/391
f 367/111/392 499/111/392 501/110/392 369/110/392
f 375/119/393 507/119/393 508/120/393 376/120/393
f 346/108/394 478/108/394 491/107/394 359/107/394
f 376/120/395 508/120/395 520/40/395 388/40/395
f 357/81/396 489/81/396 478/108/396 346/108/396
f 388/40/397 520/40/397 461/40/397 329/40/397
f 312/81/398 444/81/398 489/81/398 357/81/398
f 365/115/399 497/115/399 477/116/399 345/116/399
f 345/116/400 477/116/400 512/24/400 380/24/400
f 589/1/401 533/4/401 527/3/401 590/2/401
f 577/5/402 536/8/402 529/7/402 578/6/402
f 565/9/403 18/12/403 8/11/403 566/10/403
f 527/13/4 580/23/4 540/22/4 600/21/4 598/20/4 551/19/4 525/18/4 592/17/4 548/16/4 547/15/4 590/14/4
f 562/24/404 7/27/404 20/26/404 563/25/404
f 563/25/405 20/26/405 19/29/405 564/28/405
f 567/30/406 40/31/406 18/12/406 565/9/406
f 574/32/407 528/35/407 538/34/407 575/33/407
f 575/33/408 538/34/408 537/37/408 576/36/408
f 579/38/409 555/39/409 536/8/409 577/5/409
f 586/40/410 526/43/410 535/42/410 587/41/410
f 587/41/411 535/42/411 534/45/411 588/44/411
f 591/46/412 554/47/412 533/4/412 589/1/412
f 585/48/413 556/51/413 541/50/413 584/49/413
f 556/51/413 557/53/413 542/52/413 541/50/413
f 584/49/402 541/50/402 540/55/402 580/54/402
f 541/50/402 542/52/402 539/57/402 600/56/402 540/55/402
f 573/58/414 558/61/414 545/60/414 572/59/414
f 558/61/414 559/63/414 546/62/414 545/60/414
f 587/41/415 646/41/415 645/40/415 586/40/415
f 572/59/416 545/60/416 544/65/416 568/64/416
f 545/60/416 546/62/416 543/66/416 544/65/416
f 597/67/417 560/70/417 549/69/417 596/68/417
f 560/70/417 561/72/417 550/71/417 549/69/417
f 596/68/401 549/69/401 548/74/401 592/73/401
f 549/69/401 550/71/401 547/75/401 548/74/401
f 583/76/418 608/76/418 636/48/418 585/48/418
f 588/44/419 647/44/419 646/41/419 587/41/419
f 594/77/420 625/77/420 627/78/420 595/78/420
f 588/44/421 534/45/421 554/47/421 591/46/421
f 576/36/422 537/37/422 555/39/422 579/38/422
f 564/28/423 19/29/423 40/31/423 567/30/423
f 559/63/414 567/30/414 565/9/414 546/62/414
f 591/46/424 648/46/424 647/44/424 588/44/424
f 546/62/416 565/9/416 566/10/416 543/66/416
f 537/37/425 571/79/425 573/58/425 555/39/425
f 536/8/416 572/59/416 568/64/416 529/7/416
f 528/35/426 569/81/426 570/80/426 538/34/426
f 538/34/427 570/80/427 571/79/427 537/37/427
f 555/39/428 573/58/428 572/59/428 536/8/428
f 585/48/4 636/48/4 611/51/4 556/51/4
f 557/53/413 579/38/413 577/5/413 542/52/413
f 593/82/429 623/82/429 625/77/429 594/77/429
f 542/52/402 577/5/402 578/6/402 539/57/402
f 534/45/430 583/76/430 585/48/430 554/47/430
f 533/4/402 584/49/402 580/54/402 527/3/402
f 526/43/431 581/84/431 582/83/431 535/42/431
f 535/42/432 582/83/432 583/76/432 534/45/432
f 554/47/433 585/48/433 584/49/433 533/4/433
f 563/25/434 638/25/434 637/24/434 562/24/434
f 561/72/417 591/46/417 589/1/417 550/71/417
f 561/72/4 631/72/4 648/46/4 591/46/4
f 550/71/401 589/1/401 590/2/401 547/75/401
f 531/85/435 595/78/435 597/67/435 553/86/435
f 532/87/436 596/68/436 592/73/436 525/88/436
f 524/89/437 593/82/437 594/77/437 530/90/437
f 530/90/438 594/77/438 595/78/438 531/85/438
f 553/86/439 597/67/439 596/68/439 532/87/439
f 34/91/440 33/93/440 599/92/440 598/20/440
f 599/92/441 552/94/441 551/19/441 598/20/441
f 600/21/4 539/102/4 578/101/4 529/100/4 568/99/4 544/98/4 543/97/4 566/96/4 8/95/4 34/91/4 598/20/4
f 606/83/442 607/104/442 609/103/442 608/76/442
f 605/84/442 601/105/442 607/104/442 606/83/442
f 615/80/443 616/107/443 618/106/443 617/79/443
f 614/81/443 603/108/443 616/107/443 615/80/443
f 625/77/444 626/110/444 628/109/444 627/78/444
f 623/82/444 624/111/444 626/110/444 625/77/444
f 628/109/444 629/112/444 631/72/444 630/70/444
f 627/78/444 628/109/444 630/70/444 634/67/444
f 618/106/443 619/113/443 621/63/443 620/61/443
f 617/79/443 618/106/443 620/61/443 635/58/443
f 609/103/442 610/114/442 612/53/442 611/51/442
f 608/76/442 609/103/442 611/51/442 636/48/442
f 619/113/443 639/28/443 640/30/443 621/63/443
f 622/115/443 638/25/443 639/28/443 619/113/443
f 602/116/443 637/24/443 638/25/443 622/115/443
f 610/114/442 643/36/442 644/38/442 612/53/442
f 613/117/442 642/33/442 643/36/442 610/114/442
f 604/118/442 641/32/442 642/33/442 613/117/442
f 629/112/444 647/44/444 648/46/444 631/72/444
f 632/119/444 646/41/444 647/44/444 629/112/444
f 633/120/444 645/40/444 646/41/444 632/119/444
f 557/53/4 612/53/4 644/38/4 579/38/4
f 581/84/445 605/84/445 606/83/445 582/83/445
f 579/38/446 644/38/446 643/36/446 576/36/446
f 582/83/447 606/83/447 608/76/447 583/76/447
f 576/36/448 643/36/448 642/33/448 575/33/448
f 571/79/449 617/79/449 635/58/449 573/58/449
f 575/33/450 642/33/450 641/32/450 574/32/450
f 560/70/4 630/70/4 631/72/4 561/72/4
f 559/63/4 621/63/4 640/30/4 567/30/4
f 597/67/4 634/67/4 630/70/4 560/70/4
f 569/81/451 614/81/451 615/80/451 570/80/451
f 567/30/452 640/30/452 639/28/452 564/28/452
f 558/61/4 620/61/4 621/63/4 559/63/4
f 570/80/453 615/80/453 617/79/453 571/79/453
f 595/78/454 627/78/454 634/67/454 597/67/454
f 573/58/4 635/58/4 620/61/4 558/61/4
f 564/28/455 639/28/455 638/25/455 563/25/455
f 556/51/4 611/51/4 612/53/4 557/53/4
f 721/1/456 722/2/456 652/3/456 659/4/456
f 709/5/457 710/6/457 654/7/457 662/8/457
f 697/9/458 698/10/458 141/11/458 665/12/458
f 652/13/459 722/14/459 676/15/459 677/16/459 724/17/459 650/18/459 682/19/459 730/20/459 732/21/459 669/22/459 712/23/459
f 694/24/460 695/25/460 667/26/460 655/27/460
f 695/25/461 696/28/461 666/29/461 667/26/461
f 699/30/462 697/9/462 665/12/462 687/31/462
f 706/32/463 707/33/463 664/34/463 653/35/463
f 707/33/464 708/36/464 663/37/464 664/34/464
f 711/38/465 709/5/465 662/8/465 686/39/465
f 718/40/466 719/41/466 661/42/466 651/43/466
f 719/41/467 720/44/467 660/45/467 661/42/467
f 723/46/468 721/1/468 659/4/468 685/47/468
f 717/48/469 716/49/469 670/50/469 688/51/469
f 688/51/470 670/50/470 671/52/470 689/53/470
f 716/49/471 712/54/471 669/55/471 670/50/471
f 670/50/471 669/55/471 732/56/471 668/57/471 671/52/471
f 705/58/472 704/59/472 674/60/472 690/61/472
f 690/61/473 674/60/473 675/62/473 691/63/473
f 719/41/474 718/40/474 777/40/474 778/41/474
f 704/59/475 700/64/475 673/65/475 674/60/475
f 674/60/476 673/65/476 672/66/476 675/62/476
f 729/67/477 728/68/477 678/69/477 692/70/477
f 692/70/478 678/69/478 679/71/478 693/72/478
f 728/68/479 724/73/479 677/74/479 678/69/479
f 678/69/480 677/74/480 676/75/480 679/71/480
f 715/76/481 717/48/481 768/48/481 740/76/481
f 720/44/482 719/41/482 778/41/482 779/44/482
f 726/77/483 727/78/483 759/78/483 757/77/483
f 720/44/484 723/46/484 685/47/484 660/45/484
f 708/36/485 711/38/485 686/39/485 663/37/485
f 696/28/486 699/30/486 687/31/486 666/29/486
f 691/63/487 675/62/487 697/9/487 699/30/487
f 723/46/488 720/44/488 779/44/488 780/46/488
f 675/62/489 672/66/489 698/10/489 697/9/489
f 663/37/490 686/39/490 705/58/490 703/79/490
f 662/8/491 654/7/491 700/64/491 704/59/491
f 653/35/492 664/34/492 702/80/492 701/81/492
f 664/34/493 663/37/493 703/79/493 702/80/493
f 686/39/494 662/8/494 704/59/494 705/58/494
f 717/48/495 688/51/495 743/51/495 768/48/495
f 689/53/496 671/52/496 709/5/496 711/38/496
f 725/82/497 726/77/497 757/77/497 755/82/497
f 671/52/471 668/57/471 710/6/471 709/5/471
f 660/45/498 685/47/498 717/48/498 715/76/498
f 659/4/499 652/3/499 712/54/499 716/49/499
f 651/43/500 661/42/500 714/83/500 713/84/500
f 661/42/501 660/45/501 715/76/501 714/83/501
f 685/47/502 659/4/502 716/49/502 717/48/502
f 695/25/503 694/24/503 769/24/503 770/25/503
f 693/72/504 679/71/504 721/1/504 723/46/504
f 693/72/505 723/46/505 780/46/505 763/72/505
f 679/71/506 676/75/506 722/2/506 721/1/506
f 657/85/507 684/86/507 729/67/507 727/78/507
f 658/87/508 650/88/508 724/73/508 728/68/508
f 649/89/509 656/90/509 726/77/509 725/82/509
f 656/90/510 657/85/510 727/78/510 726/77/510
f 684/86/511 658/87/511 728/68/511 729/67/511
f 681/91/512 730/20/512 731/92/512 680/93/512
f 731/92/513 730/20/513 682/19/513 683/94/513
f 732/21/514 730/20/514 681/91/514 141/95/514 698/96/514 672/97/514 673/98/514 700/99/514 654/100/514 710/101/514 668/102/514
f 738/83/515 740/76/515 741/103/515 739/104/515
f 737/84/516 738/83/516 739/104/516 733/105/516
f 747/80/517 749/79/517 750/106/517 748/107/517
f 746/81/518 747/80/518 748/107/518 735/108/518
f 757/77/519 759/78/519 760/109/519 758/110/519
f 755/82/520 757/77/520 758/110/520 756/111/520
f 760/109/521 762/70/521 763/72/521 761/112/521
f 759/78/522 766/67/522 762/70/522 760/109/522
f 750/106/523 752/61/523 753/63/523 751/113/523
f 749/79/524 767/58/524 752/61/524 750/106/524
f 741/103/525 743/51/525 744/53/525 742/114/525
f 740/76/526 768/48/526 743/51/526 741/103/526
f 751/113/527 753/63/527 772/30/527 771/28/527
f 754/115/528 751/113/528 771/28/528 770/25/528
f 734/116/529 754/115/529 770/25/529 769/24/529
f 742/114/530 744/53/530 776/38/530 775/36/530
f 745/117/531 742/114/531 775/36/531 774/33/531
f 736/118/532 745/117/532 774/33/532 773/32/532
f 761/112/533 763/72/533 780/46/533 779/44/533
f 764/119/534 761/112/534 779/44/534 778/41/534
f 765/120/535 764/119/535 778/41/535 777/40/535
f 689/53/536 711/38/536 776/38/536 744/53/536
f 713/84/537 714/83/537 738/83/537 737/84/537
f 711/38/538 708/36/538 775/36/538 776/38/538
f 714/83/539 715/76/539 740/76/539 738/83/539
f 708/36/540 707/33/540 774/33/540 775/36/540
f 703/79/541 705/58/541 767/58/541 749/79/541
f 707/33/542 706/32/542 773/32/542 774/33/542
f 692/70/543 693/72/543 763/72/543 762/70/543
f 691/63/544 699/30/544 772/30/544 753/63/544
f 729/67/545 692/70/545 762/70/545 766/67/545
f 701/81/546 702/80/546 747/80/546 746/81/546
f 699/30/547 696/28/547 771/28/547 772/30/547
f 690/61/548 691/63/548 753/63/548 752/61/548
f 702/80/549 703/79/549 749/79/549 747/80/549
f 727/78/550 729/67/550 766/67/550 759/78/550
f 705/58/551 690/61/551 752/61/551 767/58/551
f 696/28/552 695/25/552 770/25/552 771/28/552
f 688/51/553 689/53/553 744/53/553 743/51/553
f 586/40/554 718/40/554 651/43/554 526/43/554
f 525/88/555 650/88/555 658/87/555 532/87/555
f 574/32/556 706/32/556 653/35/556 528/35/556
f 562/24/557 694/24/557 655/27/557 7/27/557
f 7/27/558 655/27/558 667/26/558 20/26/558
f 8/95/559 141/95/559 681/91/559 34/91/559
f 530/90/560 656/90/560 649/89/560 524/89/560
f 531/85/561 657/85/561 656/90/561 530/90/561
f 532/87/562 658/87/562 684/86/562 553/86/562
f 18/12/563 665/12/563 141/11/563 8/11/563
f 19/29/564 666/29/564 687/31/564 40/31/564
f 20/26/565 667/26/565 666/29/565 19/29/565
f 581/84/566 713/84/566 737/84/566 605/84/566
f 593/82/567 725/82/567 755/82/567 623/82/567
f 34/91/568 681/91/568 680/93/568 33/93/568
f 551/19/569 682/19/569 650/18/569 525/18/569
f 552/94/570 683/94/570 682/19/570 551/19/570
f 553/86/571 684/86/571 657/85/571 531/85/571
f 40/31/572 687/31/572 665/12/572 18/12/572
f 637/24/573 769/24/573 694/24/573 562/24/573
f 528/35/574 653/35/574 701/81/574 569/81/574
f 526/43/575 651/43/575 713/84/575 581/84/575
f 641/32/576 773/32/576 706/32/576 574/32/576
f 601/105/577 733/105/577 739/104/577 607/104/577
f 524/89/578 649/89/578 725/82/578 593/82/578
f 599/92/579 731/92/579 683/94/579 552/94/579
f 33/93/580 680/93/580 731/92/580 599/92/580
f 609/103/182 741/103/182 742/114/182 610/114/182
f 607/104/581 739/104/581 741/103/581 609/103/581
f 610/114/582 742/114/582 745/117/582 613/117/582
f 605/84/583 737/84/583 733/105/583 601/105/583
f 604/118/584 736/118/584 773/32/584 641/32/584
f 618/106/182 750/106/182 751/113/182 619/113/182
f 616/107/585 748/107/585 750/106/585 618/106/585
f 619/113/586 751/113/586 754/115/586 622/115/586
f 613/117/587 745/117/587 736/118/587 604/118/587
f 623/82/588 755/82/588 756/111/588 624/111/588
f 628/109/182 760/109/182 761/112/182 629/112/182
f 626/110/589 758/110/589 760/109/589 628/109/589
f 629/112/590 761/112/590 764/119/590 632/119/590
f 624/111/591 756/111/591 758/110/591 626/110/591
f 632/119/592 764/119/592 765/120/592 633/120/592
f 603/108/593 735/108/593 748/107/593 616/107/593
f 633/120/594 765/120/594 777/40/594 645/40/594
f 614/81/595 746/81/595 735/108/595 603/108/595
f 645/40/596 777/40/596 718/40/596 586/40/596
f 569/81/597 701/81/597 746/81/597 614/81/597
f 622/115/598 754/115/598 734/116/598 602/116/598
f 602/116/599 734/116/599 769/24/599 637/24/599
f 838/1/600 839/2/600 782/3/600 785/4/600
f 826/5/601 827/6/601 784/7/601 788/8/601
f 814/9/602 815/10/602 272/11/602 279/12/602
f 782/13/4 839/14/4 799/15/4 800/16/4 841/17/4 525/18/4 551/19/4 847/20/4 849/21/4 792/22/4 829/23/4
f 811/24/603 812/25/603 281/26/603 271/27/603
f 812/25/604 813/28/604 280/29/604 281/26/604
f 816/30/605 814/9/605 279/12/605 298/31/605
f 823/32/606 824/33/606 790/34/606 783/35/606
f 824/33/607 825/36/607 789/37/607 790/34/607
f 828/38/608 826/5/608 788/8/608 804/39/608
f 835/40/609 836/41/609 787/42/609 781/43/609
f 836/41/610 837/44/610 786/45/610 787/42/610
f 840/46/611 838/1/611 785/4/611 803/47/611
f 834/48/612 833/49/612 793/50/612 805/51/612
f 805/51/612 793/50/612 794/52/612 806/53/612
f 833/49/601 829/54/601 792/55/601 793/50/601
f 793/50/601 792/55/601 849/56/601 791/57/601 794/52/601
f 822/58/613 821/59/613 797/60/613 807/61/613
f 807/61/613 797/60/613 798/62/613 808/63/613
f 836/41/614 835/40/614 894/40/614 895/41/614
f 821/59/615 817/64/615 796/65/615 797/60/615
f 797/60/615 796/65/615 795/66/615 798/62/615
f 846/67/616 845/68/616 801/69/616 809/70/616
f 809/70/616 801/69/616 802/71/616 810/72/616
f 845/68/600 841/73/600 800/74/600 801/69/600
f 801/69/600 800/74/600 799/75/600 802/71/600
f 832/76/617 834/48/617 885/48/617 857/76/617
f 837/44/618 836/41/618 895/41/618 896/44/618
f 843/77/619 844/78/619 876/78/619 874/77/619
f 837/44/620 840/46/620 803/47/620 786/45/620
f 825/36/621 828/38/621 804/39/621 789/37/621
f 813/28/622 816/30/622 298/31/622 280/29/622
f 808/63/613 798/62/613 814/9/613 816/30/613
f 840/46/623 837/44/623 896/44/623 897/46/623
f 798/62/615 795/66/615 815/10/615 814/9/615
f 789/37/624 804/39/624 822/58/624 820/79/624
f 788/8/615 784/7/615 817/64/615 821/59/615
f 783/35/625 790/34/625 819/80/625 818/81/625
f 790/34/626 789/37/626 820/79/626 819/80/626
f 804/39/627 788/8/627 821/59/627 822/58/627
f 834/48/4 805/51/4 860/51/4 885/48/4
f 806/53/612 794/52/612 826/5/612 828/38/612
f 842/82/628 843/77/628 874/77/628 872/82/628
f 794/52/601 791/57/601 827/6/601 826/5/601
f 786/45/629 803/47/629 834/48/629 832/76/629
f 785/4/601 782/3/601 829/54/601 833/49/601
f 781/43/630 787/42/630 831/83/630 830/84/630
f 787/42/631 786/45/631 832/76/631 831/83/631
f 803/47/632 785/4/632 833/49/632 834/48/632
f 812/25/633 811/24/633 886/24/633 887/25/633
f 810/72/616 802/71/616 838/1/616 840/46/616
f 810/72/4 840/46/4 897/46/4 880/72/4
f 802/71/600 799/75/600 839/2/600 838/1/600
f 531/85/634 553/86/634 846/67/634 844/78/634
f 532/87/635 525/88/635 841/73/635 845/68/635
f 524/89/636 530/90/636 843/77/636 842/82/636
f 530/90/637 531/85/637 844/78/637 843/77/637
f 553/86/638 532/87/638 845/68/638 846/67/638
f 295/91/639 847/20/639 848/92/639 294/93/639
f 848/92/640 847/20/640 551/19/640 552/94/640
f 849/21/4 847/20/4 295/91/4 272/95/4 815/96/4 795/97/4 796/98/4 817/99/4 784/100/4 827/101/4 791/102/4
f 855/83/641 857/76/641 858/103/641 856/104/641
f 854/84/641 855/83/641 856/104/641 850/105/641
f 864/80/642 866/79/642 867/106/642 865/107/642
f 863/81/642 864/80/642 865/107/642 852/108/642
f 874/77/643 876/78/643 877/109/643 875/110/643
f 872/82/643 874/77/643 875/110/643 873/111/643
f 877/109/643 879/70/643 880/72/643 878/112/643
f 876/78/643 883/67/643 879/70/643 877/109/643
f 867/106/642 869/61/642 870/63/642 868/113/642
f 866/79/642 884/58/642 869/61/642 867/106/642
f 858/103/641 860/51/641 861/53/641 859/114/641
f 857/76/641 885/48/641 860/51/641 858/103/641
f 868/113/642 870/63/642 889/30/642 888/28/642
f 871/115/642 868/113/642 888/28/642 887/25/642
f 851/116/642 871/115/642 887/25/642 886/24/642
f 859/114/641 861/53/641 893/38/641 892/36/641
f 862/117/641 859/114/641 892/36/641 891/33/641
f 853/118/641 862/117/641 891/33/641 890/32/641
f 878/112/643 880/72/643 897/46/643 896/44/643
f 881/119/643 878/112/643 896/44/643 895/41/643
f 882/120/643 881/119/643 895/41/643 894/40/643
f 806/53/4 828/38/4 893/38/4 861/53/4
f 830/84/644 831/83/644 855/83/644 854/84/644
f 828/38/645 825/36/645 892/36/645 893/38/645
f 831/83/646 832/76/646 857/76/646 855/83/646
f 825/36/647 824/33/647 891/33/647 892/36/647
f 820/79/648 822/58/648 884/58/648 866/79/648
f 824/33/649 823/32/649 890/32/649 891/33/649
f 809/70/4 810/72/4 880/72/4 879/70/4
f 808/63/4 816/30/4 889/30/4 870/63/4
f 846/67/4 809/70/4 879/70/4 883/67/4
f 818/81/650 819/80/650 864/80/650 863/81/650
f 816/30/651 813/28/651 888/28/651 889/30/651
f 807/61/4 808/63/4 870/63/4 869/61/4
f 819/80/652 820/79/652 866/79/652 864/80/652
f 844/78/653 846/67/653 883/67/653 876/78/653
f 822/58/4 807/61/4 869/61/4 884/58/4
f 813/28/654 812/25/654 887/25/654 888/28/654
f 805/51/4 806/53/4 861/53/4 860/51/4
f 969/1/655 907/4/655 900/3/655 970/2/655
f 957/5/656 910/8/656 902/7/656 958/6/656
f 945/9/657 913/12/657 398/11/657 946/10/657
f 900/13/658 960/23/658 917/22/658 980/21/658 978/20/658 930/19/658 650/18/658 972/17/658 925/16/658 924/15/658 970/14/658
f 942/24/659 903/27/659 915/26/659 943/25/659
f 943/25/660 915/26/660 914/29/660 944/28/660
f 947/30/661 935/31/661 913/12/661 945/9/661
f 954/32/662 901/35/662 912/34/662 955/33/662
f 955/33/663 912/34/663 911/37/663 956/36/663
f 959/38/664 934/39/664 910/8/664 957/5/664
f 966/40/665 899/43/665 909/42/665 967/41/665
f 967/41/666 909/42/666 908/45/666 968/44/666
f 971/46/667 933/47/667 907/4/667 969/1/667
f 965/48/668 936/51/668 918/50/668 964/49/668
f 936/51/669 937/53/669 919/52/669 918/50/669
f 964/49/670 918/50/670 917/55/670 960/54/670
f 918/50/670 919/52/670 916/57/670 980/56/670 917/55/670
f 953/58/671 938/61/671 922/60/671 952/59/671
f 938/61/672 939/63/672 923/62/672 922/60/672
f 967/41/673 1026/41/673 1025/40/673 966/40/673
f 952/59/674 922/60/674 921/65/674 948/64/674
f 922/60/675 923/62/675 920/66/675 921/65/675
f 977/67/676 940/70/676 926/69/676 976/68/676
f 940/70/677 941/72/677 927/71/677 926/69/677
f 976/68/678 926/69/678 925/74/678 972/73/678
f 926/69/679 927/71/679 924/75/679 925/74/679
f 963/76/680 988/76/680 1016/48/680 965/48/680
f 968/44/681 1027/44/681 1026/41/681 967/41/681
f 974/77/682 1005/77/682 1007/78/682 975/78/682
f 968/44/683 908/45/683 933/47/683 971/46/683
f 956/36/684 911/37/684 934/39/684 959/38/684
f 944/28/685 914/29/685 935/31/685 947/30/685
f 939/63/686 947/30/686 945/9/686 923/62/686
f 971/46/687 1028/46/687 1027/44/687 968/44/687
f 923/62/688 945/9/688 946/10/688 920/66/688
f 911/37/689 951/79/689 953/58/689 934/39/689
f 910/8/690 952/59/690 948/64/690 902/7/690
f 901/35/691 949/81/691 950/80/691 912/34/691
f 912/34/692 950/80/692 951/79/692 911/37/692
f 934/39/693 953/58/693 952/59/693 910/8/693
f 965/48/694 1016/48/694 991/51/694 936/51/694
f 937/53/695 959/38/695 957/5/695 919/52/695
f 973/82/696 1003/82/696 1005/77/696 974/77/696
f 919/52/670 957/5/670 958/6/670 916/57/670
f 908/45/697 963/76/697 965/48/697 933/47/697
f 907/4/698 964/49/698 960/54/698 900/3/698
f 899/43/699 961/84/699 962/83/699 909/42/699
f 909/42/700 962/83/700 963/76/700 908/45/700
f 933/47/701 965/48/701 964/49/701 907/4/701
f 943/25/702 1018/25/702 1017/24/702 942/24/702
f 941/72/703 971/46/703 969/1/703 927/71/703
f 941/72/704 1011/72/704 1028/46/704 971/46/704
f 927/71/705 969/1/705 970/2/705 924/75/705
f 905/85/706 975/78/706 977/67/706 932/86/706
f 906/87/707 976/68/707 972/73/707 650/88/707
f 898/89/708 973/82/708 974/77/708 904/90/708
f 904/90/709 974/77/709 975/78/709 905/85/709
f 932/86/710 977/67/710 976/68/710 906/87/710
f 929/91/711 928/93/711 979/92/711 978/20/711
f 979/92/712 931/94/712 930/19/712 978/20/712
f 980/21/713 916/102/713 958/101/713 902/100/713 948/99/713 921/98/713 920/97/713 946/96/713 398/95/713 929/91/713 978/20/713
f 986/83/714 987/104/714 989/103/714 988/76/714
f 985/84/715 981/105/715 987/104/715 986/83/715
f 995/80/716 996/107/716 998/106/716 997/79/716
f 994/81/717 983/108/717 996/107/717 995/80/717
f 1005/77/718 1006/110/718 1008/109/718 1007/78/718
f 1003/82/719 1004/111/719 1006/110/719 1005/77/719
f 1008/109/720 1009/112/720 1011/72/720 1010/70/720
f 1007/78/721 1008/109/721 1010/70/721 1014/67/721
f 998/106/722 999/113/722 1001/63/722 1000/61/722
f 997/79/723 998/106/723 1000/61/723 1015/58/723
f 989/103/724 990/114/724 992/53/724 991/51/724
f 988/76/725 989/103/725 991/51/725 1016/48/725
f 999/113/726 1019/28/726 1020/30/726 1001/63/726
f 1002/115/727 1018/25/727 1019/28/727 999/113/727
f 982/116/728 1017/24/728 1018/25/728 1002/115/728
f 990/114/729 1023/36/729 1024/38/729 992/53/729
f 993/117/730 1022/33/730 1023/36/730 990/114/730
f 984/118/731 1021/32/731 1022/33/731 993/117/731
f 1009/112/732 1027/44/732 1028/46/732 1011/72/732
f 1012/119/733 1026/41/733 1027/44/733 1009/112/733
f 1013/120/734 1025/40/734 1026/41/734 1012/119/734
f 937/53/735 992/53/735 1024/38/735 959/38/735
f 961/84/736 985/84/736 986/83/736 962/83/736
f 959/38/737 1024/38/737 1023/36/737 956/36/737
f 962/83/738 986/83/738 988/76/738 963/76/738
f 956/36/739 1023/36/739 1022/33/739 955/33/739
f 951/79/740 997/79/740 1015/58/740 953/58/740
f 955/33/741 1022/33/741 1021/32/741 954/32/741
f 940/70/742 1010/70/742 1011/72/742 941/72/742
f 939/63/743 1001/63/743 1020/30/743 947/30/743
f 977/67/744 1014/67/744 1010/70/744 940/70/744
f 949/81/745 994/81/745 995/80/745 950/80/745
f 947/30/746 1020/30/746 1019/28/746 944/28/746
f 938/61/747 1000/61/747 1001/63/747 939/63/747
f 950/80/748 995/80/748 997/79/748 951/79/748
f 975/78/749 1007/78/749 1014/67/749 977/67/749
f 953/58/750 1015/58/750 1000/61/750 938/61/750
f 944/28/751 1019/28/751 1018/25/751 943/25/751
f 936/51/752 991/51/752 992/53/752 937/53/752
f 835/40/753 781/43/753 899/43/753 966/40/753
f 525/88/754 532/87/754 906/87/754 650/88/754
f 823/32/755 783/35/755 901/35/755 954/32/755
f 811/24/756 271/27/756 903/27/756 942/24/756
f 271/27/757 281/26/757 915/26/757 903/27/757
f 272/95/758 295/91/758 929/91/758 398/95/758
f 530/90/759 524/89/759 898/89/759 904/90/759
f 531/85/760 530/90/760 904/90/760 905/85/760
f 532/87/761 553/86/761 932/86/761 906/87/761
f 279/12/762 272/11/762 398/11/762 913/12/762
f 280/29/763 298/31/763 935/31/763 914/29/763
f 281/26/764 280/29/764 914/29/764 915/26/764
f 830/84/765 854/84/765 985/84/765 961/84/765
f 842/82/766 872/82/766 1003/82/766 973/82/766
f 295/91/767 294/93/767 928/93/767 929/91/767
f 551/19/768 525/18/768 650/18/768 930/19/768
f 552/94/769 551/19/769 930/19/769 931/94/769
f 553/86/770 531/85/770 905/85/770 932/86/770
f 298/31/771 279/12/771 913/12/771 935/31/771
f 886/24/772 811/24/772 942/24/772 1017/24/772
f 783/35/773 818/81/773 949/81/773 901/35/773
f 781/43/774 830/84/774 961/84/774 899/43/774
f 890/32/775 823/32/775 954/32/775 1021/32/775
f 850/105/776 856/104/776 987/104/776 981/105/776
f 524/89/777 842/82/777 973/82/777 898/89/777
f 848/92/778 552/94/778 931/94/778 979/92/778
f 294/93/779 848/92/779 979/92/779 928/93/779
f 858/103/182 859/114/182 990/114/182 989/103/182
f 856/104/780 858/103/780 989/103/780 987/104/780
f 859/114/781 862/117/781 993/117/781 990/114/781
f 854/84/782 850/105/782 981/105/782 985/84/782
f 853/118/783 890/32/783 1021/32/783 984/118/783
f 867/106/182 868/113/182 999/113/182 998/106/182
f 865/107/784 867/106/784 998/106/784 996/107/784
f 868/113/785 871/115/785 1002/115/785 999/113/785
f 862/117/786 853/118/786 984/118/786 993/117/786
f 872/82/787 873/111/787 1004/111/787 1003/82/787
f 877/109/182 878/112/182 1009/112/182 1008/109/182
f 875/110/788 877/109/788 1008/109/788 1006/110/788
f 878/112/789 881/119/789 1012/119/789 1009/112/789
f 873/111/790 875/110/790 1006/110/790 1004/111/790
f 881/119/791 882/120/791 1013/120/791 1012/119/791
f 852/108/792 865/107/792 996/107/792 983/108/792
f 882/120/793 894/40/793 1025/40/793 1013/120/793
f 863/81/794 852/108/794 983/108/794 994/81/794
f 894/40/795 835/40/795 966/40/795 1025/40/795
f 818/81/796 863/81/796 994/81/796 949/81/796
f 871/115/797 851/116/797 982/116/797 1002/115/797
f 851/116/798 886/24/798 1017/24/798 982/116/798
f 1094/1/202 1035/4/202 1030/3/202 1095/2/202
f 1082/5/203 1038/8/203 1032/7/203 1083/6/203
f 1070/9/204 1041/12/204 1034/11/204 1071/10/204
f 1030/13/4 1085/23/4 1045/22/4 1105/21/4 1103/20/4 35/19/4 2/18/4 1097/17/4 1053/16/4 1052/15/4 1095/14/4
f 1067/24/205 1033/27/205 1043/26/205 1068/25/205
f 1068/25/206 1043/26/206 1042/29/206 1069/28/206
f 1072/30/207 1060/31/207 1041/12/207 1070/9/207
f 1079/32/208 1031/35/208 1040/34/208 1080/33/208
f 1080/33/209 1040/34/209 1039/37/209 1081/36/209
f 1084/38/210 1059/39/210 1038/8/210 1082/5/210
f 1091/40/211 1029/43/211 1037/42/211 1092/41/211
f 1092/41/212 1037/42/212 1036/45/212 1093/44/212
f 1096/46/213 1058/47/213 1035/4/213 1094/1/213
f 1090/48/214 1061/51/214 1046/50/214 1089/49/214
f 1061/51/214 1062/53/214 1047/52/214 1046/50/214
f 1089/49/203 1046/50/203 1045/55/203 1085/54/203
f 1046/50/203 1047/52/203 1044/57/203 1105/56/203 1045/55/203
f 1078/58/215 1063/61/215 1050/60/215 1077/59/215
f 1063/61/215 1064/63/215 1051/62/215 1050/60/215
f 1092/41/216 1151/41/216 1150/40/216 1091/40/216
f 1077/59/217 1050/60/217 1049/65/217 1073/64/217
f 1050/60/217 1051/62/217 1048/66/217 1049/65/217
f 1102/67/218 1065/70/218 1054/69/218 1101/68/218
f 1065/70/218 1066/72/218 1055/71/218 1054/69/218
f 1101/68/202 1054/69/202 1053/74/202 1097/73/202
f 1054/69/202 1055/71/202 1052/75/202 1053/74/202
f 1088/76/219 1113/76/219 1141/48/219 1090/48/219
f 1093/44/220 1152/44/220 1151/41/220 1092/41/220
f 1099/77/221 1130/77/221 1132/78/221 1100/78/221
f 1093/44/222 1036/45/222 1058/47/222 1096/46/222
f 1081/36/223 1039/37/223 1059/39/223 1084/38/223
f 1069/28/224 1042/29/224 1060/31/224 1072/30/224
f 1064/63/215 1072/30/215 1070/9/215 1051/62/215
f 1096/46/225 1153/46/225 1152/44/225 1093/44/225
f 1051/62/217 1070/9/217 1071/10/217 1048/66/217
f 1039/37/226 1076/79/226 1078/58/226 1059/39/226
f 1038/8/217 1077/59/217 1073/64/217 1032/7/217
f 1031/35/227 1074/81/227 1075/80/227 1040/34/227
f 1040/34/228 1075/80/228 1076/79/228 1039/37/228
f 1059/39/229 1078/58/229 1077/59/229 1038/8/229
f 1090/48/4 1141/48/4 1116/51/4 1061/51/4
f 1062/53/214 1084/38/214 1082/5/214 1047/52/214
f 1098/82/230 1128/82/230 1130/77/230 1099/77/230
f 1047/52/203 1082/5/203 1083/6/203 1044/57/203
f 1036/45/231 1088/76/231 1090/48/231 1058/47/231
f 1035/4/203 1089/49/203 1085/54/203 1030/3/203
f 1029/43/232 1086/84/232 1087/83/232 1037/42/232
f 1037/42/233 1087/83/233 1088/76/233 1036/45/233
f 1058/47/234 1090/48/234 1089/49/234 1035/4/234
f 1068/25/235 1143/25/235 1142/24/235 1067/24/235
f 1066/72/218 1096/46/218 1094/1/218 1055/71/218
f 1066/72/4 1136/72/4 1153/46/4 1096/46/4
f 1055/71/202 1094/1/202 1095/2/202 1052/75/202
f 10/85/236 1100/78/236 1102/67/236 37/86/236
f 11/87/237 1101/68/237 1097/73/237 2/88/237
f 1/89/238 1098/82/238 1099/77/238 9/90/238
f 9/90/239 1099/77/239 1100/78/239 10/85/239
f 37/86/240 1102/67/240 1101/68/240 11/87/240
f 1057/91/241 1056/93/241 1104/92/241 1103/20/241
f 1104/92/242 36/94/242 35/19/242 1103/20/242
f 1105/21/4 1044/102/4 1083/101/4 1032/100/4 1073/99/4 1049/98/4 1048/97/4 1071/96/4 1034/95/4 1057/91/4 1103/20/4
f 1111/83/243 1112/104/243 1114/103/243 1113/76/243
f 1110/84/243 1106/105/243 1112/104/243 1111/83/243
f 1120/80/244 1121/107/244 1123/106/244 1122/79/244
f 1119/81/244 1108/108/244 1121/107/244 1120/80/244
f 1130/77/245 1131/110/245 1133/109/245 1132/78/245
f 1128/82/245 1129/111/245 1131/110/245 1130/77/245
f 1133/109/245 1134/112/245 1136/72/245 1135/70/245
f 1132/78/245 1133/109/245 1135/70/245 1139/67/245
f 1123/106/244 1124/113/244 1126/63/244 1125/61/244
f 1122/79/244 1123/106/244 1125/61/244 1140/58/244
f 1114/103/243 1115/114/243 1117/53/243 1116/51/243
f 1113/76/243 1114/103/243 1116/51/243 1141/48/243
f 1124/113/244 1144/28/244 1145/30/244 1126/63/244
f 1127/115/244 1143/25/244 1144/28/244 1124/113/244
f 1107/116/244 1142/24/244 1143/25/244 1127/115/244
f 1115/114/243 1148/36/243 1149/38/243 1117/53/243
f 1118/117/243 1147/33/243 1148/36/243 1115/114/243
f 1109/118/243 1146/32/243 1147/33/243 1118/117/243
f 1134/112/245 1152/44/245 1153/46/245 1136/72/245
f 1137/119/245 1151/41/245 1152/44/245 1134/112/245
f 1138/120/245 1150/40/245 1151/41/245 1137/119/245
f 1062/53/4 1117/53/4 1149/38/4 1084/38/4
f 1086/84/246 1110/84/246 1111/83/246 1087/83/246
f 1084/38/247 1149/38/247 1148/36/247 1081/36/247
f 1087/83/248 1111/83/248 1113/76/248 1088/76/248
f 1081/36/249 1148/36/249 1147/33/249 1080/33/249
f 1076/79/250 1122/79/250 1140/58/250 1078/58/250
f 1080/33/251 1147/33/251 1146/32/251 1079/32/251
f 1065/70/4 1135/70/4 1136/72/4 1066/72/4
f 1064/63/4 1126/63/4 1145/30/4 1072/30/4
f 1102/67/4 1139/67/4 1135/70/4 1065/70/4
f 1074/81/252 1119/81/252 1120/80/252 1075/80/252
f 1072/30/253 1145/30/253 1144/28/253 1069/28/253
f 1063/61/4 1125/61/4 1126/63/4 1064/63/4
f 1075/80/254 1120/80/254 1122/79/254 1076/79/254
f 1100/78/255 1132/78/255 1139/67/255 1102/67/255
f 1078/58/4 1140/58/4 1125/61/4 1063/61/4
f 1069/28/256 1144/28/256 1143/25/256 1068/25/256
f 1061/51/4 1116/51/4 1117/53/4 1062/53/4
f 1226/1/257 1227/2/257 1156/3/257 1164/4/257
f 1214/5/258 1215/6/258 1158/7/258 1167/8/258
f 1202/9/259 1203/10/259 1160/11/259 1170/12/259
f 1156/13/260 1227/14/260 1181/15/260 1182/16/260 1229/17/260 135/18/260 1187/19/260 1235/20/260 1237/21/260 1174/22/260 1217/23/260
f 1199/24/261 1200/25/261 1172/26/261 1159/27/261
f 1200/25/262 1201/28/262 1171/29/262 1172/26/262
f 1204/30/263 1202/9/263 1170/12/263 1192/31/263
f 1211/32/264 1212/33/264 1169/34/264 1157/35/264
f 1212/33/265 1213/36/265 1168/37/265 1169/34/265
f 1216/38/266 1214/5/266 1167/8/266 1191/39/266
f 1223/40/267 1224/41/267 1166/42/267 1155/43/267
f 1224/41/268 1225/44/268 1165/45/268 1166/42/268
f 1228/46/269 1226/1/269 1164/4/269 1190/47/269
f 1222/48/270 1221/49/270 1175/50/270 1193/51/270
f 1193/51/271 1175/50/271 1176/52/271 1194/53/271
f 1221/49/272 1217/54/272 1174/55/272 1175/50/272
f 1175/50/272 1174/55/272 1237/56/272 1173/57/272 1176/52/272
f 1210/58/273 1209/59/273 1179/60/273 1195/61/273
f 1195/61/274 1179/60/274 1180/62/274 1196/63/274
f 1224/41/275 1223/40/275 1282/40/275 1283/41/275
f 1209/59/276 1205/64/276 1178/65/276 1179/60/276
f 1179/60/277 1178/65/277 1177/66/277 1180/62/277
f 1234/67/278 1233/68/278 1183/69/278 1197/70/278
f 1197/70/279 1183/69/279 1184/71/279 1198/72/279
f 1233/68/280 1229/73/280 1182/74/280 1183/69/280
f 1183/69/281 1182/74/281 1181/75/281 1184/71/281
f 1220/76/282 1222/48/282 1273/48/282 1245/76/282
f 1225/44/283 1224/41/283 1283/41/283 1284/44/283
f 1231/77/284 1232/78/284 1264/78/284 1262/77/284
f 1225/44/285 1228/46/285 1190/47/285 1165/45/285
f 1213/36/286 1216/38/286 1191/39/286 1168/37/286
f 1201/28/287 1204/30/287 1192/31/287 1171/29/287
f 1196/63/288 1180/62/288 1202/9/288 1204/30/288
f 1228/46/289 1225/44/289 1284/44/289 1285/46/289
f 1180/62/290 1177/66/290 1203/10/290 1202/9/290
f 1168/37/291 1191/39/291 1210/58/291 1208/79/291
f 1167/8/292 1158/7/292 1205/64/292 1209/59/292
f 1157/35/293 1169/34/293 1207/80/293 1206/81/293
f 1169/34/294 1168/37/294 1208/79/294 1207/80/294
f 1191/39/295 1167/8/295 1209/59/295 1210/58/295
f 1222/48/296 1193/51/296 1248/51/296 1273/48/296
f 1194/53/297 1176/52/297 1214/5/297 1216/38/297
f 1230/82/298 1231/77/298 1262/77/298 1260/82/298
f 1176/52/272 1173/57/272 1215/6/272 1214/5/272
f 1165/45/299 1190/47/299 1222/48/299 1220/76/299
f 1164/4/300 1156/3/300 1217/54/300 1221/49/300
f 1155/43/301 1166/42/301 1219/83/301 1218/84/301
f 1166/42/302 1165/45/302 1220/76/302 1219/83/302
f 1190/47/303 1164/4/303 1221/49/303 1222/48/303
f 1200/25/304 1199/24/304 1274/24/304 1275/25/304
f 1198/72/305 1184/71/305 1226/1/305 1228/46/305
f 1198/72/306 1228/46/306 1285/46/306 1268/72/306
f 1184/71/307 1181/75/307 1227/2/307 1226/1/307
f 1162/85/308 1189/86/308 1234/67/308 1232/78/308
f 1163/87/309 135/88/309 1229/73/309 1233/68/309
f 1154/89/310 1161/90/310 1231/77/310 1230/82/310
f 1161/90/311 1162/85/311 1232/78/311 1231/77/311
f 1189/86/312 1163/87/312 1233/68/312 1234/67/312
f 1186/91/313 1235/20/313 1236/92/313 1185/93/313
f 1236/92/314 1235/20/314 1187/19/314 1188/94/314
f 1237/21/315 1235/20/315 1186/91/315 1160/95/315 1203/96/315 1177/97/315 1178/98/315 1205/99/315 1158/100/315 1215/101/315 1173/102/315
f 1243/83/316 1245/76/316 1246/103/316 1244/104/316
f 1242/84/317 1243/83/317 1244/104/317 1238/105/317
f 1252/80/318 1254/79/318 1255/106/318 1253/107/318
f 1251/81/319 1252/80/319 1253/107/319 1240/108/319
f 1262/77/320 1264/78/320 1265/109/320 1263/110/320
f 1260/82/321 1262/77/321 1263/110/321 1261/111/321
f 1265/109/322 1267/70/322 1268/72/322 1266/112/322
f 1264/78/323 1271/67/323 1267/70/323 1265/109/323
f 1255/106/324 1257/61/324 1258/63/324 1256/113/324
f 1254/79/325 1272/58/325 1257/61/325 1255/106/325
f 1246/103/326 1248/51/326 1249/53/326 1247/114/326
f 1245/76/327 1273/48/327 1248/51/327 1246/103/327
f 1256/113/328 1258/63/328 1277/30/328 1276/28/328
f 1259/115/329 1256/113/329 1276/28/329 1275/25/329
f 1239/116/330 1259/115/330 1275/25/330 1274/24/330
f 1247/114/331 1249/53/331 1281/38/331 1280/36/331
f 1250/117/332 1247/114/332 1280/36/332 1279/33/332
f 1241/118/333 1250/117/333 1279/33/333 1278/32/333
f 1266/112/334 1268/72/334 1285/46/334 1284/44/334
f 1269/119/335 1266/112/335 1284/44/335 1283/41/335
f 1270/120/336 1269/119/336 1283/41/336 1282/40/336
f 1194/53/337 1216/38/337 1281/38/337 1249/53/337
f 1218/84/338 1219/83/338 1243/83/338 1242/84/338
f 1216/38/339 1213/36/339 1280/36/339 1281/38/339
f 1219/83/340 1220/76/340 1245/76/340 1243/83/340
f 1213/36/341 1212/33/341 1279/33/341 1280/36/341
f 1208/79/342 1210/58/342 1272/58/342 1254/79/342
f 1212/33/343 1211/32/343 1278/32/343 1279/33/343
f 1197/70/344 1198/72/344 1268/72/344 1267/70/344
f 1196/63/345 1204/30/345 1277/30/345 1258/63/345
f 1234/67/346 1197/70/346 1267/70/346 1271/67/346
f 1206/81/347 1207/80/347 1252/80/347 1251/81/347
f 1204/30/348 1201/28/348 1276/28/348 1277/30/348
f 1195/61/349 1196/63/349 1258/63/349 1257/61/349
f 1207/80/350 1208/79/350 1254/79/350 1252/80/350
f 1232/78/351 1234/67/351 1271/67/351 1264/78/351
f 1210/58/352 1195/61/352 1257/61/352 1272/58/352
f 1201/28/353 1200/25/353 1275/25/353 1276/28/353
f 1193/51/354 1194/53/354 1249/53/354 1248/51/354
f 1091/40/355 1223/40/355 1155/43/355 1029/43/355
f 2/88/356 135/88/356 1163/87/356 11/87/356
f 1079/32/357 1211/32/357 1157/35/357 1031/35/357
f 1067/24/358 1199/24/358 1159/27/358 1033/27/358
f 1033/27/359 1159/27/359 1172/26/359 1043/26/359
f 1034/95/360 1160/95/360 1186/91/360 1057/91/360
f 9/90/361 1161/90/361 1154/89/361 1/89/361
f 10/85/362 1162/85/362 1161/90/362 9/90/362
f 11/87/363 1163/87/363 1189/86/363 37/86/363
f 1041/12/364 1170/12/364 1160/11/364 1034/11/364
f 1042/29/365 1171/29/365 1192/31/365 1060/31/365
f 1043/26/366 1172/26/366 1171/29/366 1042/29/366
f 1086/84/367 1218/84/367 1242/84/367 1110/84/367
f 1098/82/368 1230/82/368 1260/82/368 1128/82/368
f 1057/91/369 1186/91/369 1185/93/369 1056/93/369
f 35/19/370 1187/19/370 135/18/370 2/18/370
f 36/94/371 1188/94/371 1187/19/371 35/19/371
f 37/86/372 1189/86/372 1162/85/372 10/85/372
f 1060/31/373 1192/31/373 1170/12/373 1041/12/373
f 1142/24/374 1274/24/374 1199/24/374 1067/24/374
f 1031/35/375 1157/35/375 1206/81/375 1074/81/375
f 1029/43/376 1155/43/376 1218/84/376 1086/84/376
f 1146/32/377 1278/32/377 1211/32/377 1079/32/377
f 1106/105/378 1238/105/378 1244/104/378 1112/104/378
f 1/89/379 1154/89/379 1230/82/379 1098/82/379
f 1104/92/380 1236/92/380 1188/94/380 36/94/380
f 1056/93/381 1185/93/381 1236/92/381 1104/92/381
f 1114/103/182 1246/103/182 1247/114/182 1115/114/182
f 1112/104/382 1244/104/382 1246/103/382 1114/103/382
f 1115/114/383 1247/114/383 1250/117/383 1118/117/383
f 1110/84/384 1242/84/384 1238/105/384 1106/105/384
f 1109/118/385 1241/118/385 1278/32/385 1146/32/385
f 1123/106/182 1255/106/182 1256/113/182 1124/113/182
f 1121/107/386 1253/107/386 1255/106/386 1123/106/386
f 1124/113/387 1256/113/387 1259/115/387 1127/115/387
f 1118/117/388 1250/117/388 1241/118/388 1109/118/388
f 1128/82/389 1260/82/389 1261/111/389 1129/111/389
f 1133/109/182 1265/109/182 1266/112/182 1134/112/182
f 1131/110/390 1263/110/390 1265/109/390 1133/109/390
f 1134/112/391 1266/112/391 1269/119/391 1137/119/391
f 1129/111/392 1261/111/392 1263/110/392 1131/110/392
f 1137/119/393 1269/119/393 1270/120/393 1138/120/393
f 1108/108/394 1240/108/394 1253/107/394 1121/107/394
f 1138/120/395 1270/120/395 1282/40/395 1150/40/395
f 1119/81/396 1251/81/396 1240/108/396 1108/108/396
f 1150/40/397 1282/40/397 1223/40/397 1091/40/397
f 1074/81/398 1206/81/398 1251/81/398 1119/81/398
f 1127/115/399 1259/115/399 1239/116/399 1107/116/399
f 1107/116/400 1239/116/400 1274/24/400 1142/24/400
f 1351/1/1 1352/2/1 1287/3/1 1292/4/1
f 1339/5/2 1340/6/2 1289/7/2 1295/8/2
f 1327/9/3 1328/10/3 1291/11/3 1298/12/3
f 1287/13/4 1352/14/4 1309/15/4 1310/16/4 1354/17/4 2/18/4 35/19/4 1360/20/4 1362/21/4 1302/22/4 1342/23/4
f 1324/24/5 1325/25/5 1300/26/5 1290/27/5
f 1325/25/6 1326/28/6 1299/29/6 1300/26/6
f 1329/30/7 1327/9/7 1298/12/7 1317/31/7
f 1336/32/8 1337/33/8 1297/34/8 1288/35/8
f 1337/33/9 1338/36/9 1296/37/9 1297/34/9
f 1341/38/10 1339/5/10 1295/8/10 1316/39/10
f 1348/40/11 1349/41/11 1294/42/11 1286/43/11
f 1349/41/12 1350/44/12 1293/45/12 1294/42/12
f 1353/46/13 1351/1/13 1292/4/13 1315/47/13
f 1347/48/14 1346/49/14 1303/50/14 1318/51/14
f 1318/51/14 1303/50/14 1304/52/14 1319/53/14
f 1346/49/2 1342/54/2 1302/55/2 1303/50/2
f 1303/50/2 1302/55/2 1362/56/2 1301/57/2 1304/52/2
f 1335/58/15 1334/59/15 1307/60/15 1320/61/15
f 1320/61/15 1307/60/15 1308/62/15 1321/63/15
f 1349/41/16 1348/40/16 1407/40/16 1408/41/16
f 1334/59/17 1330/64/17 1306/65/17 1307/60/17
f 1307/60/17 1306/65/17 1305/66/17 1308/62/17
f 1359/67/18 1358/68/18 1311/69/18 1322/70/18
f 1322/70/18 1311/69/18 1312/71/18 1323/72/18
f 1358/68/1 1354/73/1 1310/74/1 1311/69/1
f 1311/69/1 1310/74/1 1309/75/1 1312/71/1
f 1345/76/19 1347/48/19 1398/48/19 1370/76/19
f 1350/44/20 1349/41/20 1408/41/20 1409/44/20
f 1356/77/21 1357/78/21 1389/78/21 1387/77/21
f 1350/44/22 1353/46/22 1315/47/22 1293/45/22
f 1338/36/23 1341/38/23 1316/39/23 1296/37/23
f 1326/28/24 1329/30/24 1317/31/24 1299/29/24
f 1321/63/15 1308/62/15 1327/9/15 1329/30/15
f 1353/46/25 1350/44/25 1409/44/25 1410/46/25
f 1308/62/17 1305/66/17 1328/10/17 1327/9/17
f 1296/37/26 1316/39/26 1335/58/26 1333/79/26
f 1295/8/17 1289/7/17 1330/64/17 1334/59/17
f 1288/35/27 1297/34/27 1332/80/27 1331/81/27
f 1297/34/28 1296/37/28 1333/79/28 1332/80/28
f 1316/39/29 1295/8/29 1334/59/29 1335/58/29
f 1347/48/4 1318/51/4 1373/51/4 1398/48/4
f 1319/53/14 1304/52/14 1339/5/14 1341/38/14
f 1355/82/30 1356/77/30 1387/77/30 1385/82/30
f 1304/52/2 1301/57/2 1340/6/2 1339/5/2
f 1293/45/31 1315/47/31 1347/48/31 1345/76/31
f 1292/4/2 1287/3/2 1342/54/2 1346/49/2
f 1286/43/32 1294/42/32 1344/83/32 1343/84/32
f 1294/42/33 1293/45/33 1345/76/33 1344/83/33
f 1315/47/34 1292/4/34 1346/49/34 1347/48/34
f 1325/25/35 1324/24/35 1399/24/35 1400/25/35
f 1323/72/18 1312/71/18 1351/1/18 1353/46/18
f 1323/72/4 1353/46/4 1410/46/4 1393/72/4
f 1312/71/1 1309/75/1 1352/2/1 1351/1/1
f 10/85/36 37/86/36 1359/67/36 1357/78/36
f 11/87/37 2/88/37 1354/73/37 1358/68/37
f 1/89/38 9/90/38 1356/77/38 1355/82/38
f 9/90/39 10/85/39 1357/78/39 1356/77/39
f 37/86/40 11/87/40 1358/68/40 1359/67/40
f 1314/91/41 1360/20/41 1361/92/41 1313/93/41
f 1361/92/42 1360/20/42 35/19/42 36/94/42
f 1362/21/4 1360/20/4 1314/91/4 1291/95/4 1328/96/4 1305/97/4 1306/98/4 1330/99/4 1289/100/4 1340/101/4 1301/102/4
f 1368/83/43 1370/76/43 1371/103/43 1369/104/43
f 1367/84/43 1368/83/43 1369/104/43 1363/105/43
f 1377/80/44 1379/79/44 1380/106/44 1378/107/44
f 1376/81/44 1377/80/44 1378/107/44 1365/108/44
f 1387/77/45 1389/78/45 1390/109/45 1388/110/45
f 1385/82/45 1387/77/45 1388/110/45 1386/111/45
f 1390/109/45 1392/70/45 1393/72/45 1391/112/45
f 1389/78/45 1396/67/45 1392/70/45 1390/109/45
f 1380/106/44 1382/61/44 1383/63/44 1381/113/44
f 1379/79/44 1397/58/44 1382/61/44 1380/106/44
f 1371/103/43 1373/51/43 1374/53/43 1372/114/43
f 1370/76/43 1398/48/43 1373/51/43 1371/103/43
f 1381/113/44 1383/63/44 1402/30/44 1401/28/44
f 1384/115/44 1381/113/44 1401/28/44 1400/25/44
f 1364/116/44 1384/115/44 1400/25/44 1399/24/44
f 1372/114/43 1374/53/43 1406/38/43 1405/36/43
f 1375/117/43 1372/114/43 1405/36/43 1404/33/43
f 1366/118/43 1375/117/43 1404/33/43 1403/32/43
f 1391/112/45 1393/72/45 1410/46/45 1409/44/45
f 1394/119/45 1391/112/45 1409/44/45 1408/41/45
f 1395/120/45 1394/119/45 1408/41/45 1407/40/45
f 1319/53/4 1341/38/4 1406/38/4 1374/53/4
f 1343/84/46 1344/83/46 1368/83/46 1367/84/46
f 1341/38/47 1338/36/47 1405/36/47 1406/38/47
f 1344/83/48 1345/76/48 1370/76/48 1368/83/48
f 1338/36/49 1337/33/49 1404/33/49 1405/36/49
f 1333/79/50 1335/58/50 1397/58/50 1379/79/50
f 1337/33/51 1336/32/51 1403/32/51 1404/33/51
f 1322/70/4 1323/72/4 1393/72/4 1392/70/4
f 1321/63/4 1329/30/4 1402/30/4 1383/63/4
f 1359/67/4 1322/70/4 1392/70/4 1396/67/4
f 1331/81/52 1332/80/52 1377/80/52 1376/81/52
f 1329/30/53 1326/28/53 1401/28/53 1402/30/53
f 1320/61/4 1321/63/4 1383/63/4 1382/61/4
f 1332/80/54 1333/79/54 1379/79/54 1377/80/54
f 1357/78/55 1359/67/55 1396/67/55 1389/78/55
f 1335/58/4 1320/61/4 1382/61/4 1397/58/4
f 1326/28/56 1325/25/56 1400/25/56 1401/28/56
f 1318/51/4 1319/53/4 1374/53/4 1373/51/4
f 1483/1/57 1421/4/57 1413/3/57 1484/2/57
f 1471/5/58 1424/8/58 1415/7/58 1472/6/58
f 1459/9/59 1427/12/59 1417/11/59 1460/10/59
f 1413/13/60 1474/23/60 1431/22/60 1494/21/60 1492/20/60 1444/19/60 135/18/60 1486/17/60 1439/16/60 1438/15/60 1484/14/60
f 1456/24/61 1416/27/61 1429/26/61 1457/25/61
f 1457/25/62 1429/26/62 1428/29/62 1458/28/62
f 1461/30/63 1449/31/63 1427/12/63 1459/9/63
f 1468/32/64 1414/35/64 1426/34/64 1469/33/64
f 1469/33/65 1426/34/65 1425/37/65 1470/36/65
f 1473/38/66 1448/39/66 1424/8/66 1471/5/66
f 1480/40/67 1412/43/67 1423/42/67 1481/41/67
f 1481/41/68 1423/42/68 1422/45/68 1482/44/68
f 1485/46/69 1447/47/69 1421/4/69 1483/1/69
f 1479/48/70 1450/51/70 1432/50/70 1478/49/70
f 1450/51/71 1451/53/71 1433/52/71 1432/50/71
f 1478/49/72 1432/50/72 1431/55/72 1474/54/72
f 1432/50/72 1433/52/72 1430/57/72 1494/56/72 1431/55/72
f 1467/58/73 1452/61/73 1436/60/73 1466/59/73
f 1452/61/74 1453/63/74 1437/62/74 1436/60/74
f 1481/41/75 1540/41/75 1539/40/75 1480/40/75
f 1466/59/76 1436/60/76 1435/65/76 1462/64/76
f 1436/60/77 1437/62/77 1434/66/77 1435/65/77
f 1491/67/78 1454/70/78 1440/69/78 1490/68/78
f 1454/70/79 1455/72/79 1441/71/79 1440/69/79
f 1490/68/80 1440/69/80 1439/74/80 1486/73/80
f 1440/69/81 1441/71/81 1438/75/81 1439/74/81
f 1477/76/82 1502/76/82 1530/48/82 1479/48/82
f 1482/44/83 1541/44/83 1540/41/83 1481/41/83
f 1488/77/84 1519/77/84 1521/78/84 1489/78/84
f 1482/44/85 1422/45/85 1447/47/85 1485/46/85
f 1470/36/86 1425/37/86 1448/39/86 1473/38/86
f 1458/28/87 1428/29/87 1449/31/87 1461/30/87
f 1453/63/88 1461/30/88 1459/9/88 1437/62/88
f 1485/46/89 1542/46/89 1541/44/89 1482/44/89
f 1437/62/90 1459/9/90 1460/10/90 1434/66/90
f 1425/37/91 1465/79/91 1467/58/91 1448/39/91
f 1424/8/92 1466/59/92 1462/64/92 1415/7/92
f 1414/35/93 1463/81/93 1464/80/93 1426/34/93
f 1426/34/94 1464/80/94 1465/79/94 1425/37/94
f 1448/39/95 1467/58/95 1466/59/95 1424/8/95
f 1479/48/96 1530/48/96 1505/51/96 1450/51/96
f 1451/53/97 1473/38/97 1471/5/97 1433/52/97
f 1487/82/98 1517/82/98 1519/77/98 1488/77/98
f 1433/52/72 1471/5/72 1472/6/72 1430/57/72
f 1422/45/99 1477/76/99 1479/48/99 1447/47/99
f 1421/4/100 1478/49/100 1474/54/100 1413/3/100
f 1412/43/101 1475/84/101 1476/83/101 1423/42/101
f 1423/42/102 1476/83/102 1477/76/102 1422/45/102
f 1447/47/103 1479/48/103 1478/49/103 1421/4/103
f 1457/25/104 1532/25/104 1531/24/104 1456/24/104
f 1455/72/105 1485/46/105 1483/1/105 1441/71/105
f 1455/72/106 1525/72/106 1542/46/106 1485/46/106
f 1441/71/107 1483/1/107 1484/2/107 1438/75/107
f 1419/85/108 1489/78/108 1491/67/108 1446/86/108
f 1420/87/109 1490/68/109 1486/73/109 135/88/109
f 1411/89/110 1487/82/110 1488/77/110 1418/90/110
f 1418/90/111 1488/77/111 1489/78/111 1419/85/111
f 1446/86/112 1491/67/112 1490/68/112 1420/87/112
f 1443/91/113 1442/93/113 1493/92/113 1492/20/113
f 1493/92/114 1445/94/114 1444/19/114 1492/20/114
f 1494/21/115 1430/102/115 1472/101/115 1415/100/115 1462/99/115 1435/98/115 1434/97/115 1460/96/115 1417/95/115 1443/91/115 1492/20/115
f 1500/83/116 1501/104/116 1503/103/116 1502/76/116
f 1499/84/117 1495/105/117 1501/104/117 1500/83/117
f 1509/80/118 1510/107/118 1512/106/118 1511/79/118
f 1508/81/119 1497/108/119 1510/107/119 1509/80/119
f 1519/77/120 1520/110/120 1522/109/120 1521/78/120
f 1517/82/121 1518/111/121 1520/110/121 1519/77/121
f 1522/109/122 1523/112/122 1525/72/122 1524/70/122
f 1521/78/123 1522/109/123 1524/70/123 1528/67/123
f 1512/106/124 1513/113/124 1515/63/124 1514/61/124
f 1511/79/125 1512/106/125 1514/61/125 1529/58/125
f 1503/103/126 1504/114/126 1506/53/126 1505/51/126
f 1502/76/127 1503/103/127 1505/51/127 1530/48/127
f 1513/113/128 1533/28/128 1534/30/128 1515/63/128
f 1516/115/129 1532/25/129 1533/28/129 1513/113/129
f 1496/116/130 1531/24/130 1532/25/130 1516/115/130
f 1504/114/131 1537/36/131 1538/38/131 1506/53/131
f 1507/117/132 1536/33/132 1537/36/132 1504/114/132
f 1498/118/133 1535/32/133 1536/33/133 1507/117/133
f 1523/112/134 1541/44/134 1542/46/134 1525/72/134
f 1526/119/135 1540/41/135 1541/44/135 1523/112/135
f 1527/120/136 1539/40/136 1540/41/136 1526/119/136
f 1451/53/137 1506/53/137 1538/38/137 1473/38/137
f 1475/84/138 1499/84/138 1500/83/138 1476/83/138
f 1473/38/139 1538/38/139 1537/36/139 1470/36/139
f 1476/83/140 1500/83/140 1502/76/140 1477/76/140
f 1470/36/141 1537/36/141 1536/33/141 1469/33/141
f 1465/79/142 1511/79/142 1529/58/142 1467/58/142
f 1469/33/143 1536/33/143 1535/32/143 1468/32/143
f 1454/70/144 1524/70/144 1525/72/144 1455/72/144
f 1453/63/145 1515/63/145 1534/30/145 1461/30/145
f 1491/67/146 1528/67/146 1524/70/146 1454/70/146
f 1463/81/147 1508/81/147 1509/80/147 1464/80/147
f 1461/30/148 1534/30/148 1533/28/148 1458/28/148
f 1452/61/149 1514/61/149 1515/63/149 1453/63/149
f 1464/80/150 1509/80/150 1511/79/150 1465/79/150
f 1489/78/151 1521/78/151 1528/67/151 1491/67/151
f 1467/58/152 1529/58/152 1514/61/152 1452/61/152
f 1458/28/153 1533/28/153 1532/25/153 1457/25/153
f 1450/51/154 1505/51/154 1506/53/154 1451/53/154
f 1348/40/155 1286/43/155 1412/43/155 1480/40/155
f 2/88/156 11/87/156 1420/87/156 135/88/156
f 1336/32/157 1288/35/157 1414/35/157 1468/32/157
f 1324/24/158 1290/27/158 1416/27/158 1456/24/158
f 1290/27/159 1300/26/159 1429/26/159 1416/27/159
f 1291/95/160 1314/91/160 1443/91/160 1417/95/160
f 9/90/161 1/89/161 1411/89/161 1418/90/161
f 10/85/162 9/90/162 1418/90/162 1419/85/162
f 11/87/163 37/86/163 1446/86/163 1420/87/163
f 1298/12/164 1291/11/164 1417/11/164 1427/12/164
f 1299/29/165 1317/31/165 1449/31/165 1428/29/165
f 1300/26/166 1299/29/166 1428/29/166 1429/26/166
f 1343/84/167 1367/84/167 1499/84/167 1475/84/167
f 1355/82/168 1385/82/168 1517/82/168 1487/82/168
f 1314/91/169 1313/93/169 1442/93/169 1443/91/169
f 35/19/170 2/18/170 135/18/170 1444/19/170
f 36/94/171 35/19/171 1444/19/171 1445/94/171
f 37/86/172 10/85/172 1419/85/172 1446/86/172
f 1317/31/173 1298/12/173 1427/12/173 1449/31/173
f 1399/24/174 1324/24/174 1456/24/174 1531/24/174
f 1288/35/175 1331/81/175 1463/81/175 1414/35/175
f 1286/43/176 1343/84/176 1475/84/176 1412/43/176
f 1403/32/177 1336/32/177 1468/32/177 1535/32/177
f 1363/105/178 1369/104/178 1501/104/178 1495/105/178
f 1/89/179 1355/82/179 1487/82/179 1411/89/179
f 1361/92/180 36/94/180 1445/94/180 1493/92/180
f 1313/93/181 1361/92/181 1493/92/181 1442/93/181
f 1371/103/182 1372/114/182 1504/114/182 1503/103/182
f 1369/104/183 1371/103/183 1503/103/183 1501/104/183
f 1372/114/184 1375/117/184 1507/117/184 1504/114/184
f 1367/84/185 1363/105/185 1495/105/185 1499/84/185
f 1366/118/186 1403/32/186 1535/32/186 1498/118/186
f 1380/106/182 1381/113/182 1513/113/182 1512/106/182
f 1378/107/187 1380/106/187 1512/106/187 1510/107/187
f 1381/113/188 1384/115/188 1516/115/188 1513/113/188
f 1375/117/189 1366/118/189 1498/118/189 1507/117/189
f 1385/82/190 1386/111/190 1518/111/190 1517/82/190
f 1390/109/182 1391/112/182 1523/112/182 1522/109/182
f 1388/110/191 1390/109/191 1522/109/191 1520/110/191
f 1391/112/192 1394/119/192 1526/119/192 1523/112/192
f 1386/111/193 1388/110/193 1520/110/193 1518/111/193
f 1394/119/194 1395/120/194 1527/120/194 1526/119/194
f 1365/108/195 1378/107/195 1510/107/195 1497/108/195
f 1395/120/196 1407/40/196 1539/40/196 1527/120/196
f 1376/81/197 1365/108/197 1497/108/197 1508/81/197
f 1407/40/198 1348/40/198 1480/40/198 1539/40/198
f 1331/81/199 1376/81/199 1508/81/199 1463/81/199
f 1384/115/200 1364/116/200 1496/116/200 1516/115/200
f 1364/116/201 1399/24/201 1531/24/201 1496/116/201
f 1600/1/600 1601/2/600 1544/3/600 1547/4/600
f 1588/5/601 1589/6/601 1546/7/601 1550/8/601
f 1576/9/602 1577/10/602 1034/11/602 1041/12/602
f 1544/13/4 1601/14/4 1561/15/4 1562/16/4 1603/17/4 525/18/4 551/19/4 1609/20/4 1611/21/4 1554/22/4 1591/23/4
f 1573/24/603 1574/25/603 1043/26/603 1033/27/603
f 1574/25/604 1575/28/604 1042/29/604 1043/26/604
f 1578/30/605 1576/9/605 1041/12/605 1060/31/605
f 1585/32/606 1586/33/606 1552/34/606 1545/35/606
f 1586/33/607 1587/36/607 1551/37/607 1552/34/607
f 1590/38/608 1588/5/608 1550/8/608 1566/39/608
f 1597/40/609 1598/41/609 1549/42/609 1543/43/609
f 1598/41/610 1599/44/610 1548/45/610 1549/42/610
f 1602/46/611 1600/1/611 1547/4/611 1565/47/611
f 1596/48/612 1595/49/612 1555/50/612 1567/51/612
f 1567/51/612 1555/50/612 1556/52/612 1568/53/612
f 1595/49/601 1591/54/601 1554/55/601 1555/50/601
f 1555/50/601 1554/55/601 1611/56/601 1553/57/601 1556/52/601
f 1584/58/613 1583/59/613 1559/60/613 1569/61/613
f 1569/61/613 1559/60/613 1560/62/613 1570/63/613
f 1598/41/614 1597/40/614 1656/40/614 1657/41/614
f 1583/59/615 1579/64/615 1558/65/615 1559/60/615
f 1559/60/615 1558/65/615 1557/66/615 1560/62/615
f 1608/67/616 1607/68/616 1563/69/616 1571/70/616
f 1571/70/616 1563/69/616 1564/71/616 1572/72/616
f 1607/68/600 1603/73/600 1562/74/600 1563/69/600
f 1563/69/600 1562/74/600 1561/75/600 1564/71/600
f 1594/76/617 1596/48/617 1647/48/617 1619/76/617
f 1599/44/618 1598/41/618 1657/41/618 1658/44/618
f 1605/77/619 1606/78/619 1638/78/619 1636/77/619
f 1599/44/620 1602/46/620 1565/47/620 1548/45/620
f 1587/36/621 1590/38/621 1566/39/621 1551/37/621
f 1575/28/622 1578/30/622 1060/31/622 1042/29/622
f 1570/63/613 1560/62/613 1576/9/613 1578/30/613
f 1602/46/623 1599/44/623 1658/44/623 1659/46/623
f 1560/62/615 1557/66/615 1577/10/615 1576/9/615
f 1551/37/624 1566/39/624 1584/58/624 1582/79/624
f 1550/8/615 1546/7/615 1579/64/615 1583/59/615
f 1545/35/625 1552/34/625 1581/80/625 1580/81/625
f 1552/34/626 1551/37/626 1582/79/626 1581/80/626
f 1566/39/627 1550/8/627 1583/59/627 1584/58/627
f 1596/48/4 1567/51/4 1622/51/4 1647/48/4
f 1568/53/612 1556/52/612 1588/5/612 1590/38/612
f 1604/82/628 1605/77/628 1636/77/628 1634/82/628
f 1556/52/601 1553/57/601 1589/6/601 1588/5/601
f 1548/45/629 1565/47/629 1596/48/629 1594/76/629
f 1547/4/601 1544/3/601 1591/54/601 1595/49/601
f 1543/43/630 1549/42/630 1593/83/630 1592/84/630
f 1549/42/631 1548/45/631 1594/76/631 1593/83/631
f 1565/47/632 1547/4/632 1595/49/632 1596/48/632
f 1574/25/633 1573/24/633 1648/24/633 1649/25/633
f 1572/72/616 1564/71/616 1600/1/616 1602/46/616
f 1572/72/4 1602/46/4 1659/46/4 1642/72/4
f 1564/71/600 1561/75/600 1601/2/600 1600/1/600
f 531/85/634 553/86/634 1608/67/634 1606/78/634
f 532/87/635 525/88/635 1603/73/635 1607/68/635
f 524/89/636 530/90/636 1605/77/636 1604/82/636
f 530/90/637 531/85/637 1606/78/637 1605/77/637
f 553/86/638 532/87/638 1607/68/638 1608/67/638
f 1057/91/639 1609/20/639 1610/92/639 1056/93/639
f 1610/92/640 1609/20/640 551/19/640 552/94/640
f 1611/21/4 1609/20/4 1057/91/4 1034/95/4 1577/96/4 1557/97/4 1558/98/4 1579/99/4 1546/100/4 1589/101/4 1553/102/4
f 1617/83/641 1619/76/641 1620/103/641 1618/104/641
f 1616/84/641 1617/83/641 1618/104/641 1612/105/641
f 1626/80/642 1628/79/642 1629/106/642 1627/107/642
f 1625/81/642 1626/80/642 1627/107/642 1614/108/642
f 1636/77/643 1638/78/643 1639/109/643 1637/110/643
f 1634/82/643 1636/77/643 1637/110/643 1635/111/643
f 1639/109/643 1641/70/643 1642/72/643 1640/112/643
f 1638/78/643 1645/67/643 1641/70/643 1639/109/643
f 1629/106/642 1631/61/642 1632/63/642 1630/113/642
f 1628/79/642 1646/58/642 1631/61/642 1629/106/642
f 1620/103/641 1622/51/641 1623/53/641 1621/114/641
f 1619/76/641 1647/48/641 1622/51/641 1620/103/641
f 1630/113/642 1632/63/642 1651/30/642 1650/28/642
f 1633/115/642 1630/113/642 1650/28/642 1649/25/642
f 1613/116/642 1633/115/642 1649/25/642 1648/24/642
f 1621/114/641 1623/53/641 1655/38/641 1654/36/641
f 1624/117/641 1621/114/641 1654/36/641 1653/33/641
f 1615/118/641 1624/117/641 1653/33/641 1652/32/641
f 1640/112/643 1642/72/643 1659/46/643 1658/44/643
f 1643/119/643 1640/112/643 1658/44/643 1657/41/643
f 1644/120/643 1643/119/643 1657/41/643 1656/40/643
f 1568/53/4 1590/38/4 1655/38/4 1623/53/4
f 1592/84/644 1593/83/644 1617/83/644 1616/84/644
f 1590/38/645 1587/36/645 1654/36/645 1655/38/645
f 1593/83/646 1594/76/646 1619/76/646 1617/83/646
f 1587/36/647 1586/33/647 1653/33/647 1654/36/647
f 1582/79/648 1584/58/648 1646/58/648 1628/79/648
f 1586/33/649 1585/32/649 1652/32/649 1653/33/649
f 1571/70/4 1572/72/4 1642/72/4 1641/70/4
f 1570/63/4 1578/30/4 1651/30/4 1632/63/4
f 1608/67/4 1571/70/4 1641/70/4 1645/67/4
f 1580/81/650 1581/80/650 1626/80/650 1625/81/650
f 1578/30/651 1575/28/651 1650/28/651 1651/30/651
f 1569/61/4 1570/63/4 1632/63/4 1631/61/4
f 1581/80/652 1582/79/652 1628/79/652 1626/80/652
f 1606/78/653 1608/67/653 1645/67/653 1638/78/653
f 1584/58/4 1569/61/4 1631/61/4 1646/58/4
f 1575/28/654 1574/25/654 1649/25/654 1650/28/654
f 1567/51/4 1568/53/4 1623/53/4 1622/51/4
f 1731/1/655 1669/4/655 1662/3/655 1732/2/655
f 1719/5/656 1672/8/656 1664/7/656 1720/6/656
f 1707/9/657 1675/12/657 1160/11/657 1708/10/657
f 1662/13/658 1722/23/658 1679/22/658 1742/21/658 1740/20/658 1692/19/658 650/18/658 1734/17/658 1687/16/658 1686/15/658 1732/14/658
f 1704/24/659 1665/27/659 1677/26/659 1705/25/659
f 1705/25/660 1677/26/660 1676/29/660 1706/28/660
f 1709/30/661 1697/31/661 1675/12/661 1707/9/661
f 1716/32/662 1663/35/662 1674/34/662 1717/33/662
f 1717/33/663 1674/34/663 1673/37/663 1718/36/663
f 1721/38/664 1696/39/664 1672/8/664 1719/5/664
f 1728/40/665 1661/43/665 1671/42/665 1729/41/665
f 1729/41/666 1671/42/666 1670/45/666 1730/44/666
f 1733/46/667 1695/47/667 1669/4/667 1731/1/667
f 1727/48/668 1698/51/668 1680/50/668 1726/49/668
f 1698/51/669 1699/53/669 1681/52/669 1680/50/669
f 1726/49/670 1680/50/670 1679/55/670 1722/54/670
f 1680/50/670 1681/52/670 1678/57/670 1742/56/670 1679/55/670
f 1715/58/671 1700/61/671 1684/60/671 1714/59/671
f 1700/61/672 1701/63/672 1685/62/672 1684/60/672
f 1729/41/673 1788/41/673 1787/40/673 1728/40/673
f 1714/59/674 1684/60/674 1683/65/674 1710/64/674
f 1684/60/675 1685/62/675 1682/66/675 1683/65/675
f 1739/67/676 1702/70/676 1688/69/676 1738/68/676
f 1702/70/677 1703/72/677 1689/71/677 1688/69/677
f 1738/68/678 1688/69/678 1687/74/678 1734/73/678
f 1688/69/679 1689/71/679 1686/75/679 1687/74/679
f 1725/76/680 1750/76/680 1778/48/680 1727/48/680
f 1730/44/681 1789/44/681 1788/41/681 1729/41/681
f 1736/77/682 1767/77/682 1769/78/682 1737/78/682
f 1730/44/683 1670/45/683 1695/47/683 1733/46/683
f 1718/36/684 1673/37/684 1696/39/684 1721/38/684
f 1706/28/685 1676/29/685 1697/31/685 1709/30/685
f 1701/63/686 1709/30/686 1707/9/686 1685/62/686
f 1733/46/687 1790/46/687 1789/44/687 1730/44/687
f 1685/62/688 1707/9/688 1708/10/688 1682/66/688
f 1673/37/689 1713/79/689 1715/58/689 1696/39/689
f 1672/8/690 1714/59/690 1710/64/690 1664/7/690
f 1663/35/691 1711/81/691 1712/80/691 1674/34/691
f 1674/34/692 1712/80/692 1713/79/692 1673/37/692
f 1696/39/693 1715/58/693 1714/59/693 1672/8/693
f 1727/48/694 1778/48/694 1753/51/694 1698/51/694
f 1699/53/695 1721/38/695 1719/5/695 1681/52/695
f 1735/82/696 1765/82/696 1767/77/696 1736/77/696
f 1681/52/670 1719/5/670 1720/6/670 1678/57/670
f 1670/45/697 1725/76/697 1727/48/697 1695/47/697
f 1669/4/698 1726/49/698 1722/54/698 1662/3/698
f 1661/43/699 1723/84/699 1724/83/699 1671/42/699
f 1671/42/700 1724/83/700 1725/76/700 1670/45/700
f 1695/47/701 1727/48/701 1726/49/701 1669/4/701
f 1705/25/702 1780/25/702 1779/24/702 1704/24/702
f 1703/72/703 1733/46/703 1731/1/703 1689/71/703
f 1703/72/704 1773/72/704 1790/46/704 1733/46/704
f 1689/71/705 1731/1/705 1732/2/705 1686/75/705
f 1667/85/706 1737/78/706 1739/67/706 1694/86/706
f 1668/87/707 1738/68/707 1734/73/707 650/88/707
f 1660/89/708 1735/82/708 1736/77/708 1666/90/708
f 1666/90/709 1736/77/709 1737/78/709 1667/85/709
f 1694/86/710 1739/67/710 1738/68/710 1668/87/710
f 1691/91/711 1690/93/711 1741/92/711 1740/20/711
f 1741/92/712 1693/94/712 1692/19/712 1740/20/712
f 1742/21/713 1678/102/713 1720/101/713 1664/100/713 1710/99/713 1683/98/713 1682/97/713 1708/96/713 1160/95/713 1691/91/713 1740/20/713
f 1748/83/714 1749/104/714 1751/103/714 1750/76/714
f 1747/84/715 1743/105/715 1749/104/715 1748/83/715
f 1757/80/716 1758/107/716 1760/106/716 1759/79/716
f 1756/81/717 1745/108/717 1758/107/717 1757/80/717
f 1767/77/718 1768/110/718 1770/109/718 1769/78/718
f 1765/82/719 1766/111/719 1768/110/719 1767/77/719
f 1770/109/720 1771/112/720 1773/72/720 1772/70/720
f 1769/78/721 1770/109/721 1772/70/721 1776/67/721
f 1760/106/722 1761/113/722 1763/63/722 1762/61/722
f 1759/79/723 1760/106/723 1762/61/723 1777/58/723
f 1751/103/724 1752/114/724 1754/53/724 1753/51/724
f 1750/76/725 1751/103/725 1753/51/725 1778/48/725
f 1761/113/726 1781/28/726 1782/30/726 1763/63/726
f 1764/115/727 1780/25/727 1781/28/727 1761/113/727
f 1744/116/728 1779/24/728 1780/25/728 1764/115/728
f 1752/114/729 1785/36/729 1786/38/729 1754/53/729
f 1755/117/730 1784/33/730 1785/36/730 1752/114/730
f 1746/118/731 1783/32/731 1784/33/731 1755/117/731
f 1771/112/732 1789/44/732 1790/46/732 1773/72/732
f 1774/119/733 1788/41/733 1789/44/733 1771/112/733
f 1775/120/734 1787/40/734 1788/41/734 1774/119/734
f 1699/53/735 1754/53/735 1786/38/735 1721/38/735
f 1723/84/736 1747/84/736 1748/83/736 1724/83/736
f 1721/38/737 1786/38/737 1785/36/737 1718/36/737
f 1724/83/738 1748/83/738 1750/76/738 1725/76/738
f 1718/36/739 1785/36/739 1784/33/739 1717/33/739
f 1713/79/740 1759/79/740 1777/58/740 1715/58/740
f 1717/33/741 1784/33/741 1783/32/741 1716/32/741
f 1702/70/742 1772/70/742 1773/72/742 1703/72/742
f 1701/63/743 1763/63/743 1782/30/743 1709/30/743
f 1739/67/744 1776/67/744 1772/70/744 1702/70/744
f 1711/81/745 1756/81/745 1757/80/745 1712/80/745
f 1709/30/746 1782/30/746 1781/28/746 1706/28/746
f 1700/61/747 1762/61/747 1763/63/747 1701/63/747
f 1712/80/748 1757/80/748 1759/79/748 1713/79/748
f 1737/78/749 1769/78/749 1776/67/749 1739/67/749
f 1715/58/750 1777/58/750 1762/61/750 1700/61/750
f 1706/28/751 1781/28/751 1780/25/751 1705/25/751
f 1698/51/752 1753/51/752 1754/53/752 1699/53/752
f 1597/40/753 1543/43/753 1661/43/753 1728/40/753
f 525/88/754 532/87/754 1668/87/754 650/88/754
f 1585/32/755 1545/35/755 1663/35/755 1716/32/755
f 1573/24/756 1033/27/756 1665/27/756 1704/24/756
f 1033/27/757 1043/26/757 1677/26/757 1665/27/757
f 1034/95/758 1057/91/758 1691/91/758 1160/95/758
f 530/90/759 524/89/759 1660/89/759 1666/90/759
f 531/85/760 530/90/760 1666/90/760 1667/85/760
f 532/87/761 553/86/761 1694/86/761 1668/87/761
f 1041/12/762 1034/11/762 1160/11/762 1675/12/762
f 1042/29/763 1060/31/763 1697/31/763 1676/29/763
f 1043/26/764 1042/29/764 1676/29/764 1677/26/764
f 1592/84/765 1616/84/765 1747/84/765 1723/84/765
f 1604/82/766 1634/82/766 1765/82/766 1735/82/766
f 1057/91/767 1056/93/767 1690/93/767 1691/91/767
f 551/19/768 525/18/768 650/18/768 1692/19/768
f 552/94/769 551/19/769 1692/19/769 1693/94/769
f 553/86/770 531/85/770 1667/85/770 1694/86/770
f 1060/31/771 1041/12/771 1675/12/771 1697/31/771
f 1648/24/772 1573/24/772 1704/24/772 1779/24/772
f 1545/35/773 1580/81/773 1711/81/773 1663/35/773
f 1543/43/774 1592/84/774 1723/84/774 1661/43/774
f 1652/32/775 1585/32/775 1716/32/775 1783/32/775
f 1612/105/776 1618/104/776 1749/104/776 1743/105/776
f 524/89/777 1604/82/777 1735/82/777 1660/89/777
f 1610/92/778 552/94/778 1693/94/778 1741/92/778
f 1056/93/779 1610/92/779 1741/92/779 1690/93/779
f 1620/103/182 1621/114/182 1752/114/182 1751/103/182
f 1618/104/780 1620/103/780 1751/103/780 1749/104/780
f 1621/114/781 1624/117/781 1755/117/781 1752/114/781
f 1616/84/782 1612/105/782 1743/105/782 1747/84/782
f 1615/118/783 1652/32/783 1783/32/783 1746/118/783
f 1629/106/182 1630/113/182 1761/113/182 1760/106/182
f 1627/107/784 1629/106/784 1760/106/784 1758/107/784
f 1630/113/785 1633/115/785 1764/115/785 1761/113/785
f 1624/117/786 1615/118/786 1746/118/786 1755/117/786
f 1634/82/787 1635/111/787 1766/111/787 1765/82/787
f 1639/109/182 1640/112/182 1771/112/182 1770/109/182
f 1637/110/788 1639/109/788 1770/109/788 1768/110/788
f 1640/112/789 1643/119/789 1774/119/789 1771/112/789
f 1635/111/790 1637/110/790 1768/110/790 1766/111/790
f 1643/119/791 1644/120/791 1775/120/791 1774/119/791
f 1614/108/792 1627/107/792 1758/107/792 1745/108/792
f 1644/120/793 1656/40/793 1787/40/793 1775/120/793
f 1625/81/794 1614/108/794 1745/108/794 1756/81/794
f 1656/40/795 1597/40/795 1728/40/795 1787/40/795
f 1580/81/796 1625/81/796 1756/81/796 1711/81/796
f 1633/115/797 1613/116/797 1744/116/797 1764/115/797
f 1613/116/798 1648/24/798 1779/24/798 1744/116/798
f 1848/1/401 1795/4/401 1792/3/401 1849/2/401
f 1836/5/402 1798/8/402 1794/7/402 1837/6/402
f 1824/9/403 1298/12/403 1291/11/403 1825/10/403
f 1792/13/4 1839/23/4 1802/22/4 1859/21/4 1857/20/4 551/19/4 525/18/4 1851/17/4 1810/16/4 1809/15/4 1849/14/4
f 1821/24/404 1290/27/404 1300/26/404 1822/25/404
f 1822/25/405 1300/26/405 1299/29/405 1823/28/405
f 1826/30/406 1317/31/406 1298/12/406 1824/9/406
f 1833/32/407 1793/35/407 1800/34/407 1834/33/407
f 1834/33/408 1800/34/408 1799/37/408 1835/36/408
f 1838/38/409 1814/39/409 1798/8/409 1836/5/409
f 1845/40/410 1791/43/410 1797/42/410 1846/41/410
f 1846/41/411 1797/42/411 1796/45/411 1847/44/411
f 1850/46/412 1813/47/412 1795/4/412 1848/1/412
f 1844/48/413 1815/51/413 1803/50/413 1843/49/413
f 1815/51/413 1816/53/413 1804/52/413 1803/50/413
f 1843/49/402 1803/50/402 1802/55/402 1839/54/402
f 1803/50/402 1804/52/402 1801/57/402 1859/56/402 1802/55/402
f 1832/58/414 1817/61/414 1807/60/414 1831/59/414
f 1817/61/414 1818/63/414 1808/62/414 1807/60/414
f 1846/41/415 1905/41/415 1904/40/415 1845/40/415
f 1831/59/416 1807/60/416 1806/65/416 1827/64/416
f 1807/60/416 1808/62/416 1805/66/416 1806/65/416
f 1856/67/417 1819/70/417 1811/69/417 1855/68/417
f 1819/70/417 1820/72/417 1812/71/417 1811/69/417
f 1855/68/401 1811/69/401 1810/74/401 1851/73/401
f 1811/69/401 1812/71/401 1809/75/401 1810/74/401
f 1842/76/418 1867/76/418 1895/48/418 1844/48/418
f 1847/44/419 1906/44/419 1905/41/419 1846/41/419
f 1853/77/420 1884/77/420 1886/78/420 1854/78/420
f 1847/44/421 1796/45/421 1813/47/421 1850/46/421
f 1835/36/422 1799/37/422 1814/39/422 1838/38/422
f 1823/28/423 1299/29/423 1317/31/423 1826/30/423
f 1818/63/414 1826/30/414 1824/9/414 1808/62/414
f 1850/46/424 1907/46/424 1906/44/424 1847/44/424
f 1808/62/416 1824/9/416 1825/10/416 1805/66/416
f 1799/37/425 1830/79/425 1832/58/425 1814/39/425
f 1798/8/416 1831/59/416 1827/64/416 1794/7/416
f 1793/35/426 1828/81/426 1829/80/426 1800/34/426
f 1800/34/427 1829/80/427 1830/79/427 1799/37/427
f 1814/39/428 1832/58/428 1831/59/428 1798/8/428
f 1844/48/4 1895/48/4 1870/51/4 1815/51/4
f 1816/53/413 1838/38/413 1836/5/413 1804/52/413
f 1852/82/429 1882/82/429 1884/77/429 1853/77/429
f 1804/52/402 1836/5/402 1837/6/402 1801/57/402
f 1796/45/430 1842/76/430 1844/48/430 1813/47/430
f 1795/4/402 1843/49/402 1839/54/402 1792/3/402
f 1791/43/431 1840/84/431 1841/83/431 1797/42/431
f 1797/42/432 1841/83/432 1842/76/432 1796/45/432
f 1813/47/433 1844/48/433 1843/49/433 1795/4/433
f 1822/25/434 1897/25/434 1896/24/434 1821/24/434
f 1820/72/417 1850/46/417 1848/1/417 1812/71/417
f 1820/72/4 1890/72/4 1907/46/4 1850/46/4
f 1812/71/401 1848/1/401 1849/2/401 1809/75/401
f 531/85/435 1854/78/435 1856/67/435 553/86/435
f 532/87/436 1855/68/436 1851/73/436 525/88/436
f 524/89/437 1852/82/437 1853/77/437 530/90/437
f 530/90/438 1853/77/438 1854/78/438 531/85/438
f 553/86/439 1856/67/439 1855/68/439 532/87/439
f 1314/91/440 1313/93/440 1858/92/440 1857/20/440
f 1858/92/441 552/94/441 551/19/441 1857/20/441
f 1859/21/4 1801/102/4 1837/101/4 1794/100/4 1827/99/4 1806/98/4 1805/97/4 1825/96/4 1291/95/4 1314/91/4 1857/20/4
f 1865/83/442 1866/104/442 1868/103/442 1867/76/442
f 1864/84/442 1860/105/442 1866/104/442 1865/83/442
f 1874/80/443 1875/107/443 1877/106/443 1876/79/443
f 1873/81/443 1862/108/443 1875/107/443 1874/80/443
f 1884/77/444 1885/110/444 1887/109/444 1886/78/444
f 1882/82/444 1883/111/444 1885/110/444 1884/77/444
f 1887/109/444 1888/112/444 1890/72/444 1889/70/444
f 1886/78/444 1887/109/444 1889/70/444 1893/67/444
f 1877/106/443 1878/113/443 1880/63/443 1879/61/443
f 1876/79/443 1877/106/443 1879/61/443 1894/58/443
f 1868/103/442 1869/114/442 1871/53/442 1870/51/442
f 1867/76/442 1868/103/442 1870/51/442 1895/48/442
f 1878/113/443 1898/28/443 1899/30/443 1880/63/443
f 1881/115/443 1897/25/443 1898/28/443 1878/113/443
f 1861/116/443 1896/24/443 1897/25/443 1881/115/443
f 1869/114/442 1902/36/442 1903/38/442 1871/53/442
f 1872/117/442 1901/33/442 1902/36/442 1869/114/442
f 1863/118/442 1900/32/442 1901/33/442 1872/117/442
f 1888/112/444 1906/44/444 1907/46/444 1890/72/444
f 1891/119/444 1905/41/444 1906/44/444 1888/112/444
f 1892/120/444 1904/40/444 1905/41/444 1891/119/444
f 1816/53/4 1871/53/4 1903/38/4 1838/38/4
f 1840/84/445 1864/84/445 1865/83/445 1841/83/445
f 1838/38/446 1903/38/446 1902/36/446 1835/36/446
f 1841/83/447 1865/83/447 1867/76/447 1842/76/447
f 1835/36/448 1902/36/448 1901/33/448 1834/33/448
f 1830/79/449 1876/79/449 1894/58/449 1832/58/449
f 1834/33/450 1901/33/450 1900/32/450 1833/32/450
f 1819/70/4 1889/70/4 1890/72/4 1820/72/4
f 1818/63/4 1880/63/4 1899/30/4 1826/30/4
f 1856/67/4 1893/67/4 1889/70/4 1819/70/4
f 1828/81/451 1873/81/451 1874/80/451 1829/80/451
f 1826/30/452 1899/30/452 1898/28/452 1823/28/452
f 1817/61/4 1879/61/4 1880/63/4 1818/63/4
f 1829/80/453 1874/80/453 1876/79/453 1830/79/453
f 1854/78/454 1886/78/454 1893/67/454 1856/67/454
f 1832/58/4 1894/58/4 1879/61/4 1817/61/4
f 1823/28/455 1898/28/455 1897/25/455 1822/25/455
f 1815/51/4 1870/51/4 1871/53/4 1816/53/4
f 1979/1/456 1980/2/456 1910/3/456 1917/4/456
f 1967/5/457 1968/6/457 1912/7/457 1920/8/457
f 1955/9/458 1956/10/458 1417/11/458 1923/12/458
f 1910/13/459 1980/14/459 1934/15/459 1935/16/459 1982/17/459 650/18/459 1940/19/459 1988/20/459 1990/21/459 1927/22/459 1970/23/459
f 1952/24/460 1953/25/460 1925/26/460 1913/27/460
f 1953/25/461 1954/28/461 1924/29/461 1925/26/461
f 1957/30/462 1955/9/462 1923/12/462 1945/31/462
f 1964/32/463 1965/33/463 1922/34/463 1911/35/463
f 1965/33/464 1966/36/464 1921/37/464 1922/34/464
f 1969/38/465 1967/5/465 1920/8/465 1944/39/465
f 1976/40/466 1977/41/466 1919/42/466 1909/43/466
f 1977/41/467 1978/44/467 1918/45/467 1919/42/467
f 1981/46/468 1979/1/468 1917/4/468 1943/47/468
f 1975/48/469 1974/49/469 1928/50/469 1946/51/469
f 1946/51/470 1928/50/470 1929/52/470 1947/53/470
f 1974/49/471 1970/54/471 1927/55/471 1928/50/471
f 1928/50/471 1927/55/471 1990/56/471 1926/57/471 1929/52/471
f 1963/58/472 1962/59/472 1932/60/472 1948/61/472
f 1948/61/473 1932/60/473 1933/62/473 1949/63/473
f 1977/41/474 1976/40/474 2035/40/474 2036/41/474
f 1962/59/475 1958/64/475 1931/65/475 1932/60/475
f 1932/60/476 1931/65/476 1930/66/476 1933/62/476
f 1987/67/477 1986/68/477 1936/69/477 1950/70/477
f 1950/70/478 1936/69/478 1937/71/478 1951/72/478
f 1986/68/479 1982/73/479 1935/74/479 1936/69/479
f 1936/69/480 1935/74/480 1934/75/480 1937/71/480
f 1973/76/481 1975/48/481 2026/48/481 1998/76/481
f 1978/44/482 1977/41/482 2036/41/482 2037/44/482
f 1984/77/483 1985/78/483 2017/78/483 2015/77/483
f 1978/44/484 1981/46/484 1943/47/484 1918/45/484
f 1966/36/485 1969/38/485 1944/39/485 1921/37/485
f 1954/28/486 1957/30/486 1945/31/486 1924/29/486
f 1949/63/487 1933/62/487 1955/9/487 1957/30/487
f 1981/46/488 1978/44/488 2037/44/488 2038/46/488
f 1933/62/489 1930/66/489 1956/10/489 1955/9/489
f 1921/37/490 1944/39/490 1963/58/490 1961/79/490
f 1920/8/491 1912/7/491 1958/64/491 1962/59/491
f 1911/35/492 1922/34/492 1960/80/492 1959/81/492
f 1922/34/493 1921/37/493 1961/79/493 1960/80/493
f 1944/39/494 1920/8/494 1962/59/494 1963/58/494
f 1975/48/495 1946/51/495 2001/51/495 2026/48/495
f 1947/53/496 1929/52/496 1967/5/496 1969/38/496
f 1983/82/497 1984/77/497 2015/77/497 2013/82/497
f 1929/52/471 1926/57/471 1968/6/471 1967/5/471
f 1918/45/498 1943/47/498 1975/48/498 1973/76/498
f 1917/4/499 1910/3/499 1970/54/499 1974/49/499
f 1909/43/500 1919/42/500 1972/83/500 1971/84/500
f 1919/42/501 1918/45/501 1973/76/501 1972/83/501
f 1943/47/502 1917/4/502 1974/49/502 1975/48/502
f 1953/25/503 1952/24/503 2027/24/503 2028/25/503
f 1951/72/504 1937/71/504 1979/1/504 1981/46/504
f 1951/72/505 1981/46/505 2038/46/505 2021/72/505
f 1937/71/506 1934/75/506 1980/2/506 1979/1/506
f 1915/85/507 1942/86/507 1987/67/507 1985/78/507
f 1916/87/508 650/88/508 1982/73/508 1986/68/508
f 1908/89/509 1914/90/509 1984/77/509 1983/82/509
f 1914/90/510 1915/85/510 1985/78/510 1984/77/510
f 1942/86/511 1916/87/511 1986/68/511 1987/67/511
f 1939/91/512 1988/20/512 1989/92/512 1938/93/512
f 1989/92/513 1988/20/513 1940/19/513 1941/94/513
f 1990/21/514 1988/20/514 1939/91/514 1417/95/514 1956/96/514 1930/97/514 1931/98/514 1958/99/514 1912/100/514 1968/101/514 1926/102/514
f 1996/83/515 1998/76/515 1999/103/515 1997/104/515
f 1995/84/516 1996/83/516 1997/104/516 1991/105/516
f 2005/80/517 2007/79/517 2008/106/517 2006/107/517
f 2004/81/518 2005/80/518 2006/107/518 1993/108/518
f 2015/77/519 2017/78/519 2018/109/519 2016/110/519
f 2013/82/520 2015/77/520 2016/110/520 2014/111/520
f 2018/109/521 2020/70/521 2021/72/521 2019/112/521
f 2017/78/522 2024/67/522 2020/70/522 2018/109/522
f 2008/106/523 2010/61/523 2011/63/523 2009/113/523
f 2007/79/524 2025/58/524 2010/61/524 2008/106/524
f 1999/103/525 2001/51/525 2002/53/525 2000/114/525
f 1998/76/526 2026/48/526 2001/51/526 1999/103/526
f 2009/113/527 2011/63/527 2030/30/527 2029/28/527
f 2012/115/528 2009/113/528 2029/28/528 2028/25/528
f 1992/116/529 2012/115/529 2028/25/529 2027/24/529
f 2000/114/530 2002/53/530 2034/38/530 2033/36/530
f 2003/117/531 2000/114/531 2033/36/531 2032/33/531
f 1994/118/532 2003/117/532 2032/33/532 2031/32/532
f 2019/112/533 2021/72/533 2038/46/533 2037/44/533
f 2022/119/534 2019/112/534 2037/44/534 2036/41/534
f 2023/120/535 2022/119/535 2036/41/535 2035/40/535
f 1947/53/536 1969/38/536 2034/38/536 2002/53/536
f 1971/84/537 1972/83/537 1996/83/537 1995/84/537
f 1969/38/538 1966/36/538 2033/36/538 2034/38/538
f 1972/83/539 1973/76/539 1998/76/539 1996/83/539
f 1966/36/540 1965/33/540 2032/33/540 2033/36/540
f 1961/79/541 1963/58/541 2025/58/541 2007/79/541
f 1965/33/542 1964/32/542 2031/32/542 2032/33/542
f 1950/70/543 1951/72/543 2021/72/543 2020/70/543
f 1949/63/544 1957/30/544 2030/30/544 2011/63/544
f 1987/67/545 1950/70/545 2020/70/545 2024/67/545
f 1959/81/546 1960/80/546 2005/80/546 2004/81/546
f 1957/30/547 1954/28/547 2029/28/547 2030/30/547
f 1948/61/548 1949/63/548 2011/63/548 2010/61/548
f 1960/80/549 1961/79/549 2007/79/549 2005/80/549
f 1985/78/550 1987/67/550 2024/67/550 2017/78/550
f 1963/58/551 1948/61/551 2010/61/551 2025/58/551
f 1954/28/552 1953/25/552 2028/25/552 2029/28/552
f 1946/51/553 1947/53/553 2002/53/553 2001/51/553
f 1845/40/554 1976/40/554 1909/43/554 1791/43/554
f 525/88/555 650/88/555 1916/87/555 532/87/555
f 1833/32/556 1964/32/556 1911/35/556 1793/35/556
f 1821/24/557 1952/24/557 1913/27/557 1290/27/557
f 1290/27/558 1913/27/558 1925/26/558 1300/26/558
f 1291/95/559 1417/95/559 1939/91/559 1314/91/559
f 530/90/560 1914/90/560 1908/89/560 524/89/560
f 531/85/561 1915/85/561 1914/90/561 530/90/561
f 532/87/562 1916/87/562 1942/86/562 553/86/562
f 1298/12/563 1923/12/563 1417/11/563 1291/11/563
f 1299/29/564 1924/29/564 1945/31/564 1317/31/564
f 1300/26/565 1925/26/565 1924/29/565 1299/29/565
f 1840/84/566 1971/84/566 1995/84/566 1864/84/566
f 1852/82/567 1983/82/567 2013/82/567 1882/82/567
f 1314/91/568 1939/91/568 1938/93/568 1313/93/568
f 551/19/569 1940/19/569 650/18/569 525/18/569
f 552/94/570 1941/94/570 1940/19/570 551/19/570
f 553/86/571 1942/86/571 1915/85/571 531/85/571
f 1317/31/572 1945/31/572 1923/12/572 1298/12/572
f 1896/24/573 2027/24/573 1952/24/573 1821/24/573
f 1793/35/574 1911/35/574 1959/81/574 1828/81/574
f 1791/43/575 1909/43/575 1971/84/575 1840/84/575
f 1900/32/576 2031/32/576 1964/32/576 1833/32/576
f 1860/105/577 1991/105/577 1997/104/577 1866/104/577
f 524/89/578 1908/89/578 1983/82/578 1852/82/578
f 1858/92/579 1989/92/579 1941/94/579 552/94/579
f 1313/93/580 1938/93/580 1989/92/580 1858/92/580
f 1868/103/182 1999/103/182 2000/114/182 1869/114/182
f 1866/104/581 1997/104/581 1999/103/581 1868/103/581
f 1869/114/582 2000/114/582 2003/117/582 1872/117/582
f 1864/84/583 1995/84/583 1991/105/583 1860/105/583
f 1863/118/584 1994/118/584 2031/32/584 1900/32/584
f 1877/106/182 2008/106/182 2009/113/182 1878/113/182
f 1875/107/585 2006/107/585 2008/106/585 1877/106/585
f 1878/113/586 2009/113/586 2012/115/586 1881/115/586
f 1872/117/587 2003/117/587 1994/118/587 1863/118/587
f 1882/82/588 2013/82/588 2014/111/588 1883/111/588
f 1887/109/182 2018/109/182 2019/112/182 1888/112/182
f 1885/110/589 2016/110/589 2018/109/589 1887/109/589
f 1888/112/590 2019/112/590 2022/119/590 1891/119/590
f 1883/111/591 2014/111/591 2016/110/591 1885/110/591
f 1891/119/592 2022/119/592 2023/120/592 1892/120/592
f 1862/108/593 1993/108/593 2006/107/593 1875/107/593
f 1892/120/594 2023/120/594 2035/40/594 1904/40/594
f 1873/81/595 2004/81/595 1993/108/595 1862/108/595
f 1904/40/596 2035/40/596 1976/40/596 1845/40/596
f 1828/81/597 1959/81/597 2004/81/597 1873/81/597
f 1881/115/598 2012/115/598 1992/116/598 1861/116/598
f 1861/116/599 1992/116/599 2027/24/599 1896/24/599
f 2104/1/401 2048/4/401 2042/3/401 2105/2/401
f 2092/5/402 2051/8/402 2044/7/402 2093/6/402
f 2080/9/403 18/12/403 8/11/403 2081/10/403
f 2042/13/4 2095/23/4 2055/22/4 2115/21/4 2113/20/4 2066/19/4 2040/18/4 2107/17/4 2063/16/4 2062/15/4 2105/14/4
f 2077/24/404 7/27/404 20/26/404 2078/25/404
f 2078/25/405 20/26/405 19/29/405 2079/28/405
f 2082/30/406 40/31/406 18/12/406 2080/9/406
f 2089/32/407 2043/35/407 2053/34/407 2090/33/407
f 2090/33/408 2053/34/408 2052/37/408 2091/36/408
f 2094/38/409 2070/39/409 2051/8/409 2092/5/409
f 2101/40/410 2041/43/410 2050/42/410 2102/41/410
f 2102/41/411 2050/42/411 2049/45/411 2103/44/411
f 2106/46/412 2069/47/412 2048/4/412 2104/1/412
f 2100/48/413 2071/51/413 2056/50/413 2099/49/413
f 2071/51/413 2072/53/413 2057/52/413 2056/50/413
f 2099/49/402 2056/50/402 2055/55/402 2095/54/402
f 2056/50/402 2057/52/402 2054/57/402 2115/56/402 2055/55/402
f 2088/58/414 2073/61/414 2060/60/414 2087/59/414
f 2073/61/414 2074/63/414 2061/62/414 2060/60/414
f 2102/41/415 2161/41/415 2160/40/415 2101/40/415
f 2087/59/416 2060/60/416 2059/65/416 2083/64/416
f 2060/60/416 2061/62/416 2058/66/416 2059/65/416
f 2112/67/417 2075/70/417 2064/69/417 2111/68/417
f 2075/70/417 2076/72/417 2065/71/417 2064/69/417
f 2111/68/401 2064/69/401 2063/74/401 2107/73/401
f 2064/69/401 2065/71/401 2062/75/401 2063/74/401
f 2098/76/418 2123/76/418 2151/48/418 2100/48/418
f 2103/44/419 2162/44/419 2161/41/419 2102/41/419
f 2109/77/420 2140/77/420 2142/78/420 2110/78/420
f 2103/44/421 2049/45/421 2069/47/421 2106/46/421
f 2091/36/422 2052/37/422 2070/39/422 2094/38/422
f 2079/28/423 19/29/423 40/31/423 2082/30/423
f 2074/63/414 2082/30/414 2080/9/414 2061/62/414
f 2106/46/424 2163/46/424 2162/44/424 2103/44/424
f 2061/62/416 2080/9/416 2081/10/416 2058/66/416
f 2052/37/425 2086/79/425 2088/58/425 2070/39/425
f 2051/8/416 2087/59/416 2083/64/416 2044/7/416
f 2043/35/426 2084/81/426 2085/80/426 2053/34/426
f 2053/34/427 2085/80/427 2086/79/427 2052/37/427
f 2070/39/428 2088/58/428 2087/59/428 2051/8/428
f 2100/48/4 2151/48/4 2126/51/4 2071/51/4
f 2072/53/413 2094/38/413 2092/5/413 2057/52/413
f 2108/82/429 2138/82/429 2140/77/429 2109/77/429
f 2057/52/402 2092/5/402 2093/6/402 2054/57/402
f 2049/45/430 2098/76/430 2100/48/430 2069/47/430
f 2048/4/402 2099/49/402 2095/54/402 2042/3/402
f 2041/43/431 2096/84/431 2097/83/431 2050/42/431
f 2050/42/432 2097/83/432 2098/76/432 2049/45/432
f 2069/47/433 2100/48/433 2099/49/433 2048/4/433
f 2078/25/434 2153/25/434 2152/24/434 2077/24/434
f 2076/72/417 2106/46/417 2104/1/417 2065/71/417
f 2076/72/4 2146/72/4 2163/46/4 2106/46/4
f 2065/71/401 2104/1/401 2105/2/401 2062/75/401
f 2046/85/435 2110/78/435 2112/67/435 2068/86/435
f 2047/87/436 2111/68/436 2107/73/436 2040/88/436
f 2039/89/437 2108/82/437 2109/77/437 2045/90/437
f 2045/90/438 2109/77/438 2110/78/438 2046/85/438
f 2068/86/439 2112/67/439 2111/68/439 2047/87/439
f 34/91/440 33/93/440 2114/92/440 2113/20/440
f 2114/92/441 2067/94/441 2066/19/441 2113/20/441
f 2115/21/4 2054/102/4 2093/101/4 2044/100/4 2083/99/4 2059/98/4 2058/97/4 2081/96/4 8/95/4 34/91/4 2113/20/4
f 2121/83/442 2122/104/442 2124/103/442 2123/76/442
f 2120/84/442 2116/105/442 2122/104/442 2121/83/442
f 2130/80/443 2131/107/443 2133/106/443 2132/79/443
f 2129/81/443 2118/108/443 2131/107/443 2130/80/443
f 2140/77/444 2141/110/444 2143/109/444 2142/78/444
f 2138/82/444 2139/111/444 2141/110/444 2140/77/444
f 2143/109/444 2144/112/444 2146/72/444 2145/70/444
f 2142/78/444 2143/109/444 2145/70/444 2149/67/444
f 2133/106/443 2134/113/443 2136/63/443 2135/61/443
f 2132/79/443 2133/106/443 2135/61/443 2150/58/443
f 2124/103/442 2125/114/442 2127/53/442 2126/51/442
f 2123/76/442 2124/103/442 2126/51/442 2151/48/442
f 2134/113/443 2154/28/443 2155/30/443 2136/63/443
f 2137/115/443 2153/25/443 2154/28/443 2134/113/443
f 2117/116/443 2152/24/443 2153/25/443 2137/115/443
f 2125/114/442 2158/36/442 2159/38/442 2127/53/442
f 2128/117/442 2157/33/442 2158/36/442 2125/114/442
f 2119/118/442 2156/32/442 2157/33/442 2128/117/442
f 2144/112/444 2162/44/444 2163/46/444 2146/72/444
f 2147/119/444 2161/41/444 2162/44/444 2144/112/444
f 2148/120/444 2160/40/444 2161/41/444 2147/119/444
f 2072/53/4 2127/53/4 2159/38/4 2094/38/4
f 2096/84/445 2120/84/445 2121/83/445 2097/83/445
f 2094/38/446 2159/38/446 2158/36/446 2091/36/446
f 2097/83/447 2121/83/447 2123/76/447 2098/76/447
f 2091/36/448 2158/36/448 2157/33/448 2090/33/448
f 2086/79/449 2132/79/449 2150/58/449 2088/58/449
f 2090/33/450 2157/33/450 2156/32/450 2089/32/450
f 2075/70/4 2145/70/4 2146/72/4 2076/72/4
f 2074/63/4 2136/63/4 2155/30/4 2082/30/4
f 2112/67/4 2149/67/4 2145/70/4 2075/70/4
f 2084/81/451 2129/81/451 2130/80/451 2085/80/451
f 2082/30/452 2155/30/452 2154/28/452 2079/28/452
f 2073/61/4 2135/61/4 2136/63/4 2074/63/4
f 2085/80/453 2130/80/453 2132/79/453 2086/79/453
f 2110/78/454 2142/78/454 2149/67/454 2112/67/454
f 2088/58/4 2150/58/4 2135/61/4 2073/61/4
f 2079/28/455 2154/28/455 2153/25/455 2078/25/455
f 2071/51/4 2126/51/4 2127/53/4 2072/53/4
f 2236/1/456 2237/2/456 2167/3/456 2174/4/456
f 2224/5/457 2225/6/457 2169/7/457 2177/8/457
f 2212/9/458 2213/10/458 141/11/458 2180/12/458
f 2167/13/459 2237/14/459 2191/15/459 2192/16/459 2239/17/459 2165/18/459 2197/19/459 2245/20/459 2247/21/459 2184/22/459 2227/23/459
f 2209/24/460 2210/25/460 2182/26/460 2170/27/460
f 2210/25/461 2211/28/461 2181/29/461 2182/26/461
f 2214/30/462 2212/9/462 2180/12/462 2202/31/462
f 2221/32/463 2222/33/463 2179/34/463 2168/35/463
f 2222/33/464 2223/36/464 2178/37/464 2179/34/464
f 2226/38/465 2224/5/465 2177/8/465 2201/39/465
f 2233/40/466 2234/41/466 2176/42/466 2166/43/466
f 2234/41/467 2235/44/467 2175/45/467 2176/42/467
f 2238/46/468 2236/1/468 2174/4/468 2200/47/468
f 2232/48/469 2231/49/469 2185/50/469 2203/51/469
f 2203/51/470 2185/50/470 2186/52/470 2204/53/470
f 2231/49/471 2227/54/471 2184/55/471 2185/50/471
f 2185/50/471 2184/55/471 2247/56/471 2183/57/471 2186/52/471
f 2220/58/472 2219/59/472 2189/60/472 2205/61/472
f 2205/61/473 2189/60/473 2190/62/473 2206/63/473
f 2234/41/474 2233/40/474 2292/40/474 2293/41/474
f 2219/59/475 2215/64/475 2188/65/475 2189/60/475
f 2189/60/476 2188/65/476 2187/66/476 2190/62/476
f 2244/67/477 2243/68/477 2193/69/477 2207/70/477
f 2207/70/478 2193/69/478 2194/71/478 2208/72/478
f 2243/68/479 2239/73/479 2192/74/479 2193/69/479
f 2193/69/480 2192/74/480 2191/75/480 2194/71/480
f 2230/76/481 2232/48/481 2283/48/481 2255/76/481
f 2235/44/482 2234/41/482 2293/41/482 2294/44/482
f 2241/77/483 2242/78/483 2274/78/483 2272/77/483
f 2235/44/484 2238/46/484 2200/47/484 2175/45/484
f 2223/36/485 2226/38/485 2201/39/485 2178/37/485
f 2211/28/486 2214/30/486 2202/31/486 2181/29/486
f 2206/63/487 2190/62/487 2212/9/487 2214/30/487
f 2238/46/488 2235/44/488 2294/44/488 2295/46/488
f 2190/62/489 2187/66/489 2213/10/489 2212/9/489
f 2178/37/490 2201/39/490 2220/58/490 2218/79/490
f 2177/8/491 2169/7/491 2215/64/491 2219/59/491
f 2168/35/492 2179/34/492 2217/80/492 2216/81/492
f 2179/34/493 2178/37/493 2218/79/493 2217/80/493
f 2201/39/494 2177/8/494 2219/59/494 2220/58/494
f 2232/48/495 2203/51/495 2258/51/495 2283/48/495
f 2204/53/496 2186/52/496 2224/5/496 2226/38/496
f 2240/82/497 2241/77/497 2272/77/497 2270/82/497
f 2186/52/471 2183/57/471 2225/6/471 2224/5/471
f 2175/45/498 2200/47/498 2232/48/498 2230/76/498
f 2174/4/499 2167/3/499 2227/54/499 2231/49/499
f 2166/43/500 2176/42/500 2229/83/500 2228/84/500
f 2176/42/501 2175/45/501 2230/76/501 2229/83/501
f 2200/47/502 2174/4/502 2231/49/502 2232/48/502
f 2210/25/503 2209/24/503 2284/24/503 2285/25/503
f 2208/72/504 2194/71/504 2236/1/504 2238/46/504
f 2208/72/505 2238/46/505 2295/46/505 2278/72/505
f 2194/71/506 2191/75/506 2237/2/506 2236/1/506
f 2172/85/507 2199/86/507 2244/67/507 2242/78/507
f 2173/87/508 2165/88/508 2239/73/508 2243/68/508
f 2164/89/509 2171/90/509 2241/77/509 2240/82/509
f 2171/90/510 2172/85/510 2242/78/510 2241/77/510
f 2199/86/511 2173/87/511 2243/68/511 2244/67/511
f 2196/91/512 2245/20/512 2246/92/512 2195/93/512
f 2246/92/513 2245/20/513 2197/19/513 2198/94/513
f 2247/21/514 2245/20/514 2196/91/514 141/95/514 2213/96/514 2187/97/514 2188/98/514 2215/99/514 2169/100/514 2225/101/514 2183/102/514
f 2253/83/515 2255/76/515 2256/103/515 2254/104/515
f 2252/84/516 2253/83/516 2254/104/516 2248/105/516
f 2262/80/517 2264/79/517 2265/106/517 2263/107/517
f 2261/81/518 2262/80/518 2263/107/518 2250/108/518
f 2272/77/519 2274/78/519 2275/109/519 2273/110/519
f 2270/82/520 2272/77/520 2273/110/520 2271/111/520
f 2275/109/521 2277/70/521 2278/72/521 2276/112/521
f 2274/78/522 2281/67/522 2277/70/522 2275/109/522
f 2265/106/523 2267/61/523 2268/63/523 2266/113/523
f 2264/79/524 2282/58/524 2267/61/524 2265/106/524
f 2256/103/525 2258/51/525 2259/53/525 2257/114/525
f 2255/76/526 2283/48/526 2258/51/526 2256/103/526
f 2266/113/527 2268/63/527 2287/30/527 2286/28/527
f 2269/115/528 2266/113/528 2286/28/528 2285/25/528
f 2249/116/529 2269/115/529 2285/25/529 2284/24/529
f 2257/114/530 2259/53/530 2291/38/530 2290/36/530
f 2260/117/531 2257/114/531 2290/36/531 2289/33/531
f 2251/118/532 2260/117/532 2289/33/532 2288/32/532
f 2276/112/533 2278/72/533 2295/46/533 2294/44/533
f 2279/119/534 2276/112/534 2294/44/534 2293/41/534
f 2280/120/535 2279/119/535 2293/41/535 2292/40/535
f 2204/53/536 2226/38/536 2291/38/536 2259/53/536
f 2228/84/537 2229/83/537 2253/83/537 2252/84/537
f 2226/38/538 2223/36/538 2290/36/538 2291/38/538
f 2229/83/539 2230/76/539 2255/76/539 2253/83/539
f 2223/36/540 2222/33/540 2289/33/540 2290/36/540
f 2218/79/541 2220/58/541 2282/58/541 2264/79/541
f 2222/33/542 2221/32/542 2288/32/542 2289/33/542
f 2207/70/543 2208/72/543 2278/72/543 2277/70/543
f 2206/63/544 2214/30/544 2287/30/544 2268/63/544
f 2244/67/545 2207/70/545 2277/70/545 2281/67/545
f 2216/81/546 2217/80/546 2262/80/546 2261/81/546
f 2214/30/547 2211/28/547 2286/28/547 2287/30/547
f 2205/61/548 2206/63/548 2268/63/548 2267/61/548
f 2217/80/549 2218/79/549 2264/79/549 2262/80/549
f 2242/78/550 2244/67/550 2281/67/550 2274/78/550
f 2220/58/551 2205/61/551 2267/61/551 2282/58/551
f 2211/28/552 2210/25/552 2285/25/552 2286/28/552
f 2203/51/553 2204/53/553 2259/53/553 2258/51/553
f 2101/40/554 2233/40/554 2166/43/554 2041/43/554
f 2040/88/555 2165/88/555 2173/87/555 2047/87/555
f 2089/32/556 2221/32/556 2168/35/556 2043/35/556
f 2077/24/557 2209/24/557 2170/27/557 7/27/557
f 7/27/558 2170/27/558 2182/26/558 20/26/558
f 8/95/559 141/95/559 2196/91/559 34/91/559
f 2045/90/560 2171/90/560 2164/89/560 2039/89/560
f 2046/85/561 2172/85/561 2171/90/561 2045/90/561
f 2047/87/562 2173/87/562 2199/86/562 2068/86/562
f 18/12/563 2180/12/563 141/11/563 8/11/563
f 19/29/564 2181/29/564 2202/31/564 40/31/564
f 20/26/565 2182/26/565 2181/29/565 19/29/565
f 2096/84/566 2228/84/566 2252/84/566 2120/84/566
f 2108/82/567 2240/82/567 2270/82/567 2138/82/567
f 34/91/568 2196/91/568 2195/93/568 33/93/568
f 2066/19/569 2197/19/569 2165/18/569 2040/18/569
f 2067/94/570 2198/94/570 2197/19/570 2066/19/570
f 2068/86/571 2199/86/571 2172/85/571 2046/85/571
f 40/31/572 2202/31/572 2180/12/572 18/12/572
f 2152/24/573 2284/24/573 2209/24/573 2077/24/573
f 2043/35/574 2168/35/574 2216/81/574 2084/81/574
f 2041/43/575 2166/43/575 2228/84/575 2096/84/575
f 2156/32/576 2288/32/576 2221/32/576 2089/32/576
f 2116/105/577 2248/105/577 2254/104/577 2122/104/577
f 2039/89/578 2164/89/578 2240/82/578 2108/82/578
f 2114/92/579 2246/92/579 2198/94/579 2067/94/579
f 33/93/580 2195/93/580 2246/92/580 2114/92/580
f 2124/103/182 2256/103/182 2257/114/182 2125/114/182
f 2122/104/581 2254/104/581 2256/103/581 2124/103/581
f 2125/114/582 2257/114/582 2260/117/582 2128/117/582
f 2120/84/583 2252/84/583 2248/105/583 2116/105/583
f 2119/118/584 2251/118/584 2288/32/584 2156/32/584
f 2133/106/182 2265/106/182 2266/113/182 2134/113/182
f 2131/107/585 2263/107/585 2265/106/585 2133/106/585
f 2134/113/586 2266/113/586 2269/115/586 2137/115/586
f 2128/117/587 2260/117/587 2251/118/587 2119/118/587
f 2138/82/588 2270/82/588 2271/111/588 2139/111/588
f 2143/109/182 2275/109/182 2276/112/182 2144/112/182
f 2141/110/589 2273/110/589 2275/109/589 2143/109/589
f 2144/112/590 2276/112/590 2279/119/590 2147/119/590
f 2139/111/591 2271/111/591 2273/110/591 2141/110/591
f 2147/119/592 2279/119/592 2280/120/592 2148/120/592
f 2118/108/593 2250/108/593 2263/107/593 2131/107/593
f 2148/120/594 2280/120/594 2292/40/594 2160/40/594
f 2129/81/595 2261/81/595 2250/108/595 2118/108/595
f 2160/40/596 2292/40/596 2233/40/596 2101/40/596
f 2084/81/597 2216/81/597 2261/81/597 2129/81/597
f 2137/115/598 2269/115/598 2249/116/598 2117/116/598
f 2117/116/599 2249/116/599 2284/24/599 2152/24/599
f 2353/1/600 2354/2/600 2297/3/600 2300/4/600
f 2341/5/601 2342/6/601 2299/7/601 2303/8/601
f 2329/9/602 2330/10/602 272/11/602 279/12/602
f 2297/13/4 2354/14/4 2314/15/4 2315/16/4 2356/17/4 2040/18/4 2066/19/4 2362/20/4 2364/21/4 2307/22/4 2344/23/4
f 2326/24/603 2327/25/603 281/26/603 271/27/603
f 2327/25/604 2328/28/604 280/29/604 281/26/604
f 2331/30/605 2329/9/605 279/12/605 298/31/605
f 2338/32/606 2339/33/606 2305/34/606 2298/35/606
f 2339/33/607 2340/36/607 2304/37/607 2305/34/607
f 2343/38/608 2341/5/608 2303/8/608 2319/39/608
f 2350/40/609 2351/41/609 2302/42/609 2296/43/609
f 2351/41/610 2352/44/610 2301/45/610 2302/42/610
f 2355/46/611 2353/1/611 2300/4/611 2318/47/611
f 2349/48/612 2348/49/612 2308/50/612 2320/51/612
f 2320/51/612 2308/50/612 2309/52/612 2321/53/612
f 2348/49/601 2344/54/601 2307/55/601 2308/50/601
f 2308/50/601 2307/55/601 2364/56/601 2306/57/601 2309/52/601
f 2337/58/613 2336/59/613 2312/60/613 2322/61/613
f 2322/61/613 2312/60/613 2313/62/613 2323/63/613
f 2351/41/614 2350/40/614 2409/40/614 2410/41/614
f 2336/59/615 2332/64/615 2311/65/615 2312/60/615
f 2312/60/615 2311/65/615 2310/66/615 2313/62/615
f 2361/67/616 2360/68/616 2316/69/616 2324/70/616
f 2324/70/616 2316/69/616 2317/71/616 2325/72/616
f 2360/68/600 2356/73/600 2315/74/600 2316/69/600
f 2316/69/600 2315/74/600 2314/75/600 2317/71/600
f 2347/76/617 2349/48/617 2400/48/617 2372/76/617
f 2352/44/618 2351/41/618 2410/41/618 2411/44/618
f 2358/77/619 2359/78/619 2391/78/619 2389/77/619
f 2352/44/620 2355/46/620 2318/47/620 2301/45/620
f 2340/36/621 2343/38/621 2319/39/621 2304/37/621
f 2328/28/622 2331/30/622 298/31/622 280/29/622
f 2323/63/613 2313/62/613 2329/9/613 2331/30/613
f 2355/46/623 2352/44/623 2411/44/623 2412/46/623
f 2313/62/615 2310/66/615 2330/10/615 2329/9/615
f 2304/37/624 2319/39/624 2337/58/624 2335/79/624
f 2303/8/615 2299/7/615 2332/64/615 2336/59/615
f 2298/35/625 2305/34/625 2334/80/625 2333/81/625
f 2305/34/626 2304/37/626 2335/79/626 2334/80/626
f 2319/39/627 2303/8/627 2336/59/627 2337/58/627
f 2349/48/4 2320/51/4 2375/51/4 2400/48/4
f 2321/53/612 2309/52/612 2341/5/612 2343/38/612
f 2357/82/628 2358/77/628 2389/77/628 2387/82/628
f 2309/52/601 2306/57/601 2342/6/601 2341/5/601
f 2301/45/629 2318/47/629 2349/48/629 2347/76/629
f 2300/4/601 2297/3/601 2344/54/601 2348/49/601
f 2296/43/630 2302/42/630 2346/83/630 2345/84/630
f 2302/42/631 2301/45/631 2347/76/631 2346/83/631
f 2318/47/632 2300/4/632 2348/49/632 2349/48/632
f 2327/25/633 2326/24/633 2401/24/633 2402/25/633
f 2325/72/616 2317/71/616 2353/1/616 2355/46/616
f 2325/72/4 2355/46/4 2412/46/4 2395/72/4
f 2317/71/600 2314/75/600 2354/2/600 2353/1/600
f 2046/85/634 2068/86/634 2361/67/634 2359/78/634
f 2047/87/635 2040/88/635 2356/73/635 2360/68/635
f 2039/89/636 2045/90/636 2358/77/636 2357/82/636
f 2045/90/637 2046/85/637 2359/78/637 2358/77/637
f 2068/86/638 2047/87/638 2360/68/638 2361/67/638
f 295/91/639 2362/20/639 2363/92/639 294/93/639
f 2363/92/640 2362/20/640 2066/19/640 2067/94/640
f 2364/21/4 2362/20/4 295/91/4 272/95/4 2330/96/4 2310/97/4 2311/98/4 2332/99/4 2299/100/4 2342/101/4 2306/102/4
f 2370/83/641 2372/76/641 2373/103/641 2371/104/641
f 2369/84/641 2370/83/641 2371/104/641 2365/105/641
f 2379/80/642 2381/79/642 2382/106/642 2380/107/642
f 2378/81/642 2379/80/642 2380/107/642 2367/108/642
f 2389/77/643 2391/78/643 2392/109/643 2390/110/643
f 2387/82/643 2389/77/643 2390/110/643 2388/111/643
f 2392/109/643 2394/70/643 2395/72/643 2393/112/643
f 2391/78/643 2398/67/643 2394/70/643 2392/109/643
f 2382/106/642 2384/61/642 2385/63/642 2383/113/642
f 2381/79/642 2399/58/642 2384/61/642 2382/106/642
f 2373/103/641 2375/51/641 2376/53/641 2374/114/641
f 2372/76/641 2400/48/641 2375/51/641 2373/103/641
f 2383/113/642 2385/63/642 2404/30/642 2403/28/642
f 2386/115/642 2383/113/642 2403/28/642 2402/25/642
f 2366/116/642 2386/115/642 2402/25/642 2401/24/642
f 2374/114/641 2376/53/641 2408/38/641 2407/36/641
f 2377/117/641 2374/114/641 2407/36/641 2406/33/641
f 2368/118/641 2377/117/641 2406/33/641 2405/32/641
f 2393/112/643 2395/72/643 2412/46/643 2411/44/643
f 2396/119/643 2393/112/643 2411/44/643 2410/41/643
f 2397/120/643 2396/119/643 2410/41/643 2409/40/643
f 2321/53/4 2343/38/4 2408/38/4 2376/53/4
f 2345/84/644 2346/83/644 2370/83/644 2369/84/644
f 2343/38/645 2340/36/645 2407/36/645 2408/38/645
f 2346/83/646 2347/76/646 2372/76/646 2370/83/646
f 2340/36/647 2339/33/647 2406/33/647 2407/36/647
f 2335/79/648 2337/58/648 2399/58/648 2381/79/648
f 2339/33/649 2338/32/649 2405/32/649 2406/33/649
f 2324/70/4 2325/72/4 2395/72/4 2394/70/4
f 2323/63/4 2331/30/4 2404/30/4 2385/63/4
f 2361/67/4 2324/70/4 2394/70/4 2398/67/4
f 2333/81/650 2334/80/650 2379/80/650 2378/81/650
f 2331/30/651 2328/28/651 2403/28/651 2404/30/651
f 2322/61/4 2323/63/4 2385/63/4 2384/61/4
f 2334/80/652 2335/79/652 2381/79/652 2379/80/652
f 2359/78/653 2361/67/653 2398/67/653 2391/78/653
f 2337/58/4 2322/61/4 2384/61/4 2399/58/4
f 2328/28/654 2327/25/654 2402/25/654 2403/28/654
f 2320/51/4 2321/53/4 2376/53/4 2375/51/4
f 2484/1/655 2422/4/655 2415/3/655 2485/2/655
f 2472/5/656 2425/8/656 2417/7/656 2473/6/656
f 2460/9/657 2428/12/657 398/11/657 2461/10/657
f 2415/13/658 2475/23/658 2432/22/658 2495/21/658 2493/20/658 2445/19/658 2165/18/658 2487/17/658 2440/16/658 2439/15/658 2485/14/658
f 2457/24/659 2418/27/659 2430/26/659 2458/25/659
f 2458/25/660 2430/26/660 2429/29/660 2459/28/660
f 2462/30/661 2450/31/661 2428/12/661 2460/9/661
f 2469/32/662 2416/35/662 2427/34/662 2470/33/662
f 2470/33/663 2427/34/663 2426/37/663 2471/36/663
f 2474/38/664 2449/39/664 2425/8/664 2472/5/664
f 2481/40/665 2414/43/665 2424/42/665 2482/41/665
f 2482/41/666 2424/42/666 2423/45/666 2483/44/666
f 2486/46/667 2448/47/667 2422/4/667 2484/1/667
f 2480/48/668 2451/51/668 2433/50/668 2479/49/668
f 2451/51/669 2452/53/669 2434/52/669 2433/50/669
f 2479/49/670 2433/50/670 2432/55/670 2475/54/670
f 2433/50/670 2434/52/670 2431/57/670 2495/56/670 2432/55/670
f 2468/58/671 2453/61/671 2437/60/671 2467/59/671
f 2453/61/672 2454/63/672 2438/62/672 2437/60/672
f 2482/41/673 2541/41/673 2540/40/673 2481/40/673
f 2467/59/674 2437/60/674 2436/65/674 2463/64/674
f 2437/60/675 2438/62/675 2435/66/675 2436/65/675
f 2492/67/676 2455/70/676 2441/69/676 2491/68/676
f 2455/70/677 2456/72/677 2442/71/677 2441/69/677
f 2491/68/678 2441/69/678 2440/74/678 2487/73/678
f 2441/69/679 2442/71/679 2439/75/679 2440/74/679
f 2478/76/680 2503/76/680 2531/48/680 2480/48/680
f 2483/44/681 2542/44/681 2541/41/681 2482/41/681
f 2489/77/682 2520/77/682 2522/78/682 2490/78/682
f 2483/44/683 2423/45/683 2448/47/683 2486/46/683
f 2471/36/684 2426/37/684 2449/39/684 2474/38/684
f 2459/28/685 2429/29/685 2450/31/685 2462/30/685
f 2454/63/686 2462/30/686 2460/9/686 2438/62/686
f 2486/46/687 2543/46/687 2542/44/687 2483/44/687
f 2438/62/688 2460/9/688 2461/10/688 2435/66/688
f 2426/37/689 2466/79/689 2468/58/689 2449/39/689
f 2425/8/690 2467/59/690 2463/64/690 2417/7/690
f 2416/35/691 2464/81/691 2465/80/691 2427/34/691
f 2427/34/692 2465/80/692 2466/79/692 2426/37/692
f 2449/39/693 2468/58/693 2467/59/693 2425/8/693
f 2480/48/694 2531/48/694 2506/51/694 2451/51/694
f 2452/53/695 2474/38/695 2472/5/695 2434/52/695
f 2488/82/696 2518/82/696 2520/77/696 2489/77/696
f 2434/52/670 2472/5/670 2473/6/670 2431/57/670
f 2423/45/697 2478/76/697 2480/48/697 2448/47/697
f 2422/4/698 2479/49/698 2475/54/698 2415/3/698
f 2414/43/699 2476/84/699 2477/83/699 2424/42/699
f 2424/42/700 2477/83/700 2478/76/700 2423/45/700
f 2448/47/701 2480/48/701 2479/49/701 2422/4/701
f 2458/25/702 2533/25/702 2532/24/702 2457/24/702
f 2456/72/703 2486/46/703 2484/1/703 2442/71/703
f 2456/72/704 2526/72/704 2543/46/704 2486/46/704
f 2442/71/705 2484/1/705 2485/2/705 2439/75/705
f 2420/85/706 2490/78/706 2492/67/706 2447/86/706
f 2421/87/707 2491/68/707 2487/73/707 2165/88/707
f 2413/89/708 2488/82/708 2489/77/708 2419/90/708
f 2419/90/709 2489/77/709 2490/78/709 2420/85/709
f 2447/86/710 2492/67/710 2491/68/710 2421/87/710
f 2444/91/711 2443/93/711 2494/92/711 2493/20/711
f 2494/92/712 2446/94/712 2445/19/712 2493/20/712
f 2495/21/713 2431/102/713 2473/101/713 2417/100/713 2463/99/713 2436/98/713 2435/97/713 2461/96/713 398/95/713 2444/91/713 2493/20/713
f 2501/83/714 2502/104/714 2504/103/714 2503/76/714
f 2500/84/715 2496/105/715 2502/104/715 2501/83/715
f 2510/80/716 2511/107/716 2513/106/716 2512/79/716
f 2509/81/717 2498/108/717 2511/107/717 2510/80/717
f 2520/77/718 2521/110/718 2523/109/718 2522/78/718
f 2518/82/719 2519/111/719 2521/110/719 2520/77/719
f 2523/109/720 2524/112/720 2526/72/720 2525/70/720
f 2522/78/721 2523/109/721 2525/70/721 2529/67/721
f 2513/106/722 2514/113/722 2516/63/722 2515/61/722
f 2512/79/723 2513/106/723 2515/61/723 2530/58/723
f 2504/103/724 2505/114/724 2507/53/724 2506/51/724
f 2503/76/725 2504/103/725 2506/51/725 2531/48/725
f 2514/113/726 2534/28/726 2535/30/726 2516/63/726
f 2517/115/727 2533/25/727 2534/28/727 2514/113/727
f 2497/116/728 2532/24/728 2533/25/728 2517/115/728
f 2505/114/729 2538/36/729 2539/38/729 2507/53/729
f 2508/117/730 2537/33/730 2538/36/730 2505/114/730
f 2499/118/731 2536/32/731 2537/33/731 2508/117/731
f 2524/112/732 2542/44/732 2543/46/732 2526/72/732
f 2527/119/733 2541/41/733 2542/44/733 2524/112/733
f 2528/120/734 2540/40/734 2541/41/734 2527/119/734
f 2452/53/735 2507/53/735 2539/38/735 2474/38/735
f 2476/84/736 2500/84/736 2501/83/736 2477/83/736
f 2474/38/737 2539/38/737 2538/36/737 2471/36/737
f 2477/83/738 2501/83/738 2503/76/738 2478/76/738
f 2471/36/739 2538/36/739 2537/33/739 2470/33/739
f 2466/79/740 2512/79/740 2530/58/740 2468/58/740
f 2470/33/741 2537/33/741 2536/32/741 2469/32/741
f 2455/70/742 2525/70/742 2526/72/742 2456/72/742
f 2454/63/743 2516/63/743 2535/30/743 2462/30/743
f 2492/67/744 2529/67/744 2525/70/744 2455/70/744
f 2464/81/745 2509/81/745 2510/80/745 2465/80/745
f 2462/30/746 2535/30/746 2534/28/746 2459/28/746
f 2453/61/747 2515/61/747 2516/63/747 2454/63/747
f 2465/80/748 2510/80/748 2512/79/748 2466/79/748
f 2490/78/749 2522/78/749 2529/67/749 2492/67/749
f 2468/58/750 2530/58/750 2515/61/750 2453/61/750
f 2459/28/751 2534/28/751 2533/25/751 2458/25/751
f 2451/51/752 2506/51/752 2507/53/752 2452/53/752
f 2350/40/753 2296/43/753 2414/43/753 2481/40/753
f 2040/88/754 2047/87/754 2421/87/754 2165/88/754
f 2338/32/755 2298/35/755 2416/35/755 2469/32/755
f 2326/24/756 271/27/756 2418/27/756 2457/24/756
f 271/27/757 281/26/757 2430/26/757 2418/27/757
f 272/95/758 295/91/758 2444/91/758 398/95/758
f 2045/90/759 2039/89/759 2413/89/759 2419/90/759
f 2046/85/760 2045/90/760 2419/90/760 2420/85/760
f 2047/87/761 2068/86/761 2447/86/761 2421/87/761
f 279/12/762 272/11/762 398/11/762 2428/12/762
f 280/29/763 298/31/763 2450/31/763 2429/29/763
f 281/26/764 280/29/764 2429/29/764 2430/26/764
f 2345/84/765 2369/84/765 2500/84/765 2476/84/765
f 2357/82/766 2387/82/766 2518/82/766 2488/82/766
f 295/91/767 294/93/767 2443/93/767 2444/91/767
f 2066/19/768 2040/18/768 2165/18/768 2445/19/768
f 2067/94/769 2066/19/769 2445/19/769 2446/94/769
f 2068/86/770 2046/85/770 2420/85/770 2447/86/770
f 298/31/771 279/12/771 2428/12/771 2450/31/771
f 2401/24/772 2326/24/772 2457/24/772 2532/24/772
f 2298/35/773 2333/81/773 2464/81/773 2416/35/773
f 2296/43/774 2345/84/774 2476/84/774 2414/43/774
f 2405/32/775 2338/32/775 2469/32/775 2536/32/775
f 2365/105/776 2371/104/776 2502/104/776 2496/105/776
f 2039/89/777 2357/82/777 2488/82/777 2413/89/777
f 2363/92/778 2067/94/778 2446/94/778 2494/92/778
f 294/93/779 2363/92/779 2494/92/779 2443/93/779
f 2373/103/182 2374/114/182 2505/114/182 2504/103/182
f 2371/104/780 2373/103/780 2504/103/780 2502/104/780
f 2374/114/781 2377/117/781 2508/117/781 2505/114/781
f 2369/84/782 2365/105/782 2496/105/782 2500/84/782
f 2368/118/783 2405/32/783 2536/32/783 2499/118/783
f 2382/106/182 2383/113/182 2514/113/182 2513/106/182
f 2380/107/784 2382/106/784 2513/106/784 2511/107/784
f 2383/113/785 2386/115/785 2517/115/785 2514/113/785
f 2377/117/786 2368/118/786 2499/118/786 2508/117/786
f 2387/82/787 2388/111/787 2519/111/787 2518/82/787
f 2392/109/182 2393/112/182 2524/112/182 2523/109/182
f 2390/110/788 2392/109/788 2523/109/788 2521/110/788
f 2393/112/789 2396/119/789 2527/119/789 2524/112/789
f 2388/111/790 2390/110/790 2521/110/790 2519/111/790
f 2396/119/791 2397/120/791 2528/120/791 2527/119/791
f 2367/108/792 2380/107/792 2511/107/792 2498/108/792
f 2397/120/793 2409/40/793 2540/40/793 2528/120/793
f 2378/81/794 2367/108/794 2498/108/794 2509/81/794
f 2409/40/795 2350/40/795 2481/40/795 2540/40/795
f 2333/81/796 2378/81/796 2509/81/796 2464/81/796
f 2386/115/797 2366/116/797 2497/116/797 2517/115/797
f 2366/116/798 2401/24/798 2532/24/798 2497/116/798
f 2609/1/1 2610/2/1 2547/3/1 2553/4/1
f 2597/5/2 2598/6/2 2549/7/2 2556/8/2
f 2585/9/3 2586/10/3 8/11/3 18/12/3
f 2547/13/4 2610/14/4 2567/15/4 2568/16/4 2612/17/4 2545/18/4 2571/19/4 2618/20/4 2620/21/4 2560/22/4 2600/23/4
f 2582/24/5 2583/25/5 20/26/5 7/27/5
f 2583/25/6 2584/28/6 19/29/6 20/26/6
f 2587/30/7 2585/9/7 18/12/7 40/31/7
f 2594/32/8 2595/33/8 2558/34/8 2548/35/8
f 2595/33/9 2596/36/9 2557/37/9 2558/34/9
f 2599/38/10 2597/5/10 2556/8/10 2575/39/10
f 2606/40/11 2607/41/11 2555/42/11 2546/43/11
f 2607/41/12 2608/44/12 2554/45/12 2555/42/12
f 2611/46/13 2609/1/13 2553/4/13 2574/47/13
f 2605/48/14 2604/49/14 2561/50/14 2576/51/14
f 2576/51/14 2561/50/14 2562/52/14 2577/53/14
f 2604/49/2 2600/54/2 2560/55/2 2561/50/2
f 2561/50/2 2560/55/2 2620/56/2 2559/57/2 2562/52/2
f 2593/58/15 2592/59/15 2565/60/15 2578/61/15
f 2578/61/15 2565/60/15 2566/62/15 2579/63/15
f 2607/41/16 2606/40/16 2665/40/16 2666/41/16
f 2592/59/17 2588/64/17 2564/65/17 2565/60/17
f 2565/60/17 2564/65/17 2563/66/17 2566/62/17
f 2617/67/18 2616/68/18 2569/69/18 2580/70/18
f 2580/70/18 2569/69/18 2570/71/18 2581/72/18
f 2616/68/1 2612/73/1 2568/74/1 2569/69/1
f 2569/69/1 2568/74/1 2567/75/1 2570/71/1
f 2603/76/19 2605/48/19 2656/48/19 2628/76/19
f 2608/44/20 2607/41/20 2666/41/20 2667/44/20
f 2614/77/21 2615/78/21 2647/78/21 2645/77/21
f 2608/44/22 2611/46/22 2574/47/22 2554/45/22
f 2596/36/23 2599/38/23 2575/39/23 2557/37/23
f 2584/28/24 2587/30/24 40/31/24 19/29/24
f 2579/63/15 2566/62/15 2585/9/15 2587/30/15
f 2611/46/25 2608/44/25 2667/44/25 2668/46/25
f 2566/62/17 2563/66/17 2586/10/17 2585/9/17
f 2557/37/26 2575/39/26 2593/58/26 2591/79/26
f 2556/8/17 2549/7/17 2588/64/17 2592/59/17
f 2548/35/27 2558/34/27 2590/80/27 2589/81/27
f 2558/34/28 2557/37/28 2591/79/28 2590/80/28
f 2575/39/29 2556/8/29 2592/59/29 2593/58/29
f 2605/48/4 2576/51/4 2631/51/4 2656/48/4
f 2577/53/14 2562/52/14 2597/5/14 2599/38/14
f 2613/82/30 2614/77/30 2645/77/30 2643/82/30
f 2562/52/2 2559/57/2 2598/6/2 2597/5/2
f 2554/45/31 2574/47/31 2605/48/31 2603/76/31
f 2553/4/2 2547/3/2 2600/54/2 2604/49/2
f 2546/43/32 2555/42/32 2602/83/32 2601/84/32
f 2555/42/33 2554/45/33 2603/76/33 2602/83/33
f 2574/47/34 2553/4/34 2604/49/34 2605/48/34
f 2583/25/35 2582/24/35 2657/24/35 2658/25/35
f 2581/72/18 2570/71/18 2609/1/18 2611/46/18
f 2581/72/4 2611/46/4 2668/46/4 2651/72/4
f 2570/71/1 2567/75/1 2610/2/1 2609/1/1
f 2551/85/36 2573/86/36 2617/67/36 2615/78/36
f 2552/87/37 2545/88/37 2612/73/37 2616/68/37
f 2544/89/38 2550/90/38 2614/77/38 2613/82/38
f 2550/90/39 2551/85/39 2615/78/39 2614/77/39
f 2573/86/40 2552/87/40 2616/68/40 2617/67/40
f 34/91/41 2618/20/41 2619/92/41 33/93/41
f 2619/92/42 2618/20/42 2571/19/42 2572/94/42
f 2620/21/4 2618/20/4 34/91/4 8/95/4 2586/96/4 2563/97/4 2564/98/4 2588/99/4 2549/100/4 2598/101/4 2559/102/4
f 2626/83/43 2628/76/43 2629/103/43 2627/104/43
f 2625/84/43 2626/83/43 2627/104/43 2621/105/43
f 2635/80/44 2637/79/44 2638/106/44 2636/107/44
f 2634/81/44 2635/80/44 2636/107/44 2623/108/44
f 2645/77/45 2647/78/45 2648/109/45 2646/110/45
f 2643/82/45 2645/77/45 2646/110/45 2644/111/45
f 2648/109/45 2650/70/45 2651/72/45 2649/112/45
f 2647/78/45 2654/67/45 2650/70/45 2648/109/45
f 2638/106/44 2640/61/44 2641/63/44 2639/113/44
f 2637/79/44 2655/58/44 2640/61/44 2638/106/44
f 2629/103/43 2631/51/43 2632/53/43 2630/114/43
f 2628/76/43 2656/48/43 2631/51/43 2629/103/43
f 2639/113/44 2641/63/44 2660/30/44 2659/28/44
f 2642/115/44 2639/113/44 2659/28/44 2658/25/44
f 2622/116/44 2642/115/44 2658/25/44 2657/24/44
f 2630/114/43 2632/53/43 2664/38/43 2663/36/43
f 2633/117/43 2630/114/43 2663/36/43 2662/33/43
f 2624/118/43 2633/117/43 2662/33/43 2661/32/43
f 2649/112/45 2651/72/45 2668/46/45 2667/44/45
f 2652/119/45 2649/112/45 2667/44/45 2666/41/45
f 2653/120/45 2652/119/45 2666/41/45 2665/40/45
f 2577/53/4 2599/38/4 2664/38/4 2632/53/4
f 2601/84/46 2602/83/46 2626/83/46 2625/84/46
f 2599/38/47 2596/36/47 2663/36/47 2664/38/47
f 2602/83/48 2603/76/48 2628/76/48 2626/83/48
f 2596/36/49 2595/33/49 2662/33/49 2663/36/49
f 2591/79/50 2593/58/50 2655/58/50 2637/79/50
f 2595/33/51 2594/32/51 2661/32/51 2662/33/51
f 2580/70/4 2581/72/4 2651/72/4 2650/70/4
f 2579/63/4 2587/30/4 2660/30/4 2641/63/4
f 2617/67/4 2580/70/4 2650/70/4 2654/67/4
f 2589/81/52 2590/80/52 2635/80/52 2634/81/52
f 2587/30/53 2584/28/53 2659/28/53 2660/30/53
f 2578/61/4 2579/63/4 2641/63/4 2640/61/4
f 2590/80/54 2591/79/54 2637/79/54 2635/80/54
f 2615/78/55 2617/67/55 2654/67/55 2647/78/55
f 2593/58/4 2578/61/4 2640/61/4 2655/58/4
f 2584/28/56 2583/25/56 2658/25/56 2659/28/56
f 2576/51/4 2577/53/4 2632/53/4 2631/51/4
f 2741/1/57 2679/4/57 2672/3/57 2742/2/57
f 2729/5/58 2682/8/58 2674/7/58 2730/6/58
f 2717/9/59 2685/12/59 141/11/59 2718/10/59
f 2672/13/60 2732/23/60 2689/22/60 2752/21/60 2750/20/60 2702/19/60 2670/18/60 2744/17/60 2697/16/60 2696/15/60 2742/14/60
f 2714/24/61 2675/27/61 2687/26/61 2715/25/61
f 2715/25/62 2687/26/62 2686/29/62 2716/28/62
f 2719/30/63 2707/31/63 2685/12/63 2717/9/63
f 2726/32/64 2673/35/64 2684/34/64 2727/33/64
f 2727/33/65 2684/34/65 2683/37/65 2728/36/65
f 2731/38/66 2706/39/66 2682/8/66 2729/5/66
f 2738/40/67 2671/43/67 2681/42/67 2739/41/67
f 2739/41/68 2681/42/68 2680/45/68 2740/44/68
f 2743/46/69 2705/47/69 2679/4/69 2741/1/69
f 2737/48/70 2708/51/70 2690/50/70 2736/49/70
f 2708/51/71 2709/53/71 2691/52/71 2690/50/71
f 2736/49/72 2690/50/72 2689/55/72 2732/54/72
f 2690/50/72 2691/52/72 2688/57/72 2752/56/72 2689/55/72
f 2725/58/73 2710/61/73 2694/60/73 2724/59/73
f 2710/61/74 2711/63/74 2695/62/74 2694/60/74
f 2739/41/75 2798/41/75 2797/40/75 2738/40/75
f 2724/59/76 2694/60/76 2693/65/76 2720/64/76
f 2694/60/77 2695/62/77 2692/66/77 2693/65/77
f 2749/67/78 2712/70/78 2698/69/78 2748/68/78
f 2712/70/79 2713/72/79 2699/71/79 2698/69/79
f 2748/68/80 2698/69/80 2697/74/80 2744/73/80
f 2698/69/81 2699/71/81 2696/75/81 2697/74/81
f 2735/76/82 2760/76/82 2788/48/82 2737/48/82
f 2740/44/83 2799/44/83 2798/41/83 2739/41/83
f 2746/77/84 2777/77/84 2779/78/84 2747/78/84
f 2740/44/85 2680/45/85 2705/47/85 2743/46/85
f 2728/36/86 2683/37/86 2706/39/86 2731/38/86
f 2716/28/87 2686/29/87 2707/31/87 2719/30/87
f 2711/63/88 2719/30/88 2717/9/88 2695/62/88
f 2743/46/89 2800/46/89 2799/44/89 2740/44/89
f 2695/62/90 2717/9/90 2718/10/90 2692/66/90
f 2683/37/91 2723/79/91 2725/58/91 2706/39/91
f 2682/8/92 2724/59/92 2720/64/92 2674/7/92
f 2673/35/93 2721/81/93 2722/80/93 2684/34/93
f 2684/34/94 2722/80/94 2723/79/94 2683/37/94
f 2706/39/95 2725/58/95 2724/59/95 2682/8/95
f 2737/48/96 2788/48/96 2763/51/96 2708/51/96
f 2709/53/97 2731/38/97 2729/5/97 2691/52/97
f 2745/82/98 2775/82/98 2777/77/98 2746/77/98
f 2691/52/72 2729/5/72 2730/6/72 2688/57/72
f 2680/45/99 2735/76/99 2737/48/99 2705/47/99
f 2679/4/100 2736/49/100 2732/54/100 2672/3/100
f 2671/43/101 2733/84/101 2734/83/101 2681/42/101
f 2681/42/102 2734/83/102 2735/76/102 2680/45/102
f 2705/47/103 2737/48/103 2736/49/103 2679/4/103
f 2715/25/104 2790/25/104 2789/24/104 2714/24/104
f 2713/72/105 2743/46/105 2741/1/105 2699/71/105
f 2713/72/106 2783/72/106 2800/46/106 2743/46/106
f 2699/71/107 2741/1/107 2742/2/107 2696/75/107
f 2677/85/108 2747/78/108 2749/67/108 2704/86/108
f 2678/87/109 2748/68/109 2744/73/109 2670/88/109
f 2669/89/110 2745/82/110 2746/77/110 2676/90/110
f 2676/90/111 2746/77/111 2747/78/111 2677/85/111
f 2704/86/112 2749/67/112 2748/68/112 2678/87/112
f 2701/91/113 2700/93/113 2751/92/113 2750/20/113
f 2751/92/114 2703/94/114 2702/19/114 2750/20/114
f 2752/21/115 2688/102/115 2730/101/115 2674/100/115 2720/99/115 2693/98/115 2692/97/115 2718/96/115 141/95/115 2701/91/115 2750/20/115
f 2758/83/116 2759/104/116 2761/103/116 2760/76/116
f 2757/84/117 2753/105/117 2759/104/117 2758/83/117
f 2767/80/118 2768/107/118 2770/106/118 2769/79/118
f 2766/81/119 2755/108/119 2768/107/119 2767/80/119
f 2777/77/120 2778/110/120 2780/109/120 2779/78/120
f 2775/82/121 2776/111/121 2778/110/121 2777/77/121
f 2780/109/122 2781/112/122 2783/72/122 2782/70/122
f 2779/78/123 2780/109/123 2782/70/123 2786/67/123
f 2770/106/124 2771/113/124 2773/63/124 2772/61/124
f 2769/79/125 2770/106/125 2772/61/125 2787/58/125
f 2761/103/126 2762/114/126 2764/53/126 2763/51/126
f 2760/76/127 2761/103/127 2763/51/127 2788/48/127
f 2771/113/128 2791/28/128 2792/30/128 2773/63/128
f 2774/115/129 2790/25/129 2791/28/129 2771/113/129
f 2754/116/130 2789/24/130 2790/25/130 2774/115/130
f 2762/114/131 2795/36/131 2796/38/131 2764/53/131
f 2765/117/132 2794/33/132 2795/36/132 2762/114/132
f 2756/118/133 2793/32/133 2794/33/133 2765/117/133
f 2781/112/134 2799/44/134 2800/46/134 2783/72/134
f 2784/119/135 2798/41/135 2799/44/135 2781/112/135
f 2785/120/136 2797/40/136 2798/41/136 2784/119/136
f 2709/53/137 2764/53/137 2796/38/137 2731/38/137
f 2733/84/138 2757/84/138 2758/83/138 2734/83/138
f 2731/38/139 2796/38/139 2795/36/139 2728/36/139
f 2734/83/140 2758/83/140 2760/76/140 2735/76/140
f 2728/36/141 2795/36/141 2794/33/141 2727/33/141
f 2723/79/142 2769/79/142 2787/58/142 2725/58/142
f 2727/33/143 2794/33/143 2793/32/143 2726/32/143
f 2712/70/144 2782/70/144 2783/72/144 2713/72/144
f 2711/63/145 2773/63/145 2792/30/145 2719/30/145
f 2749/67/146 2786/67/146 2782/70/146 2712/70/146
f 2721/81/147 2766/81/147 2767/80/147 2722/80/147
f 2719/30/148 2792/30/148 2791/28/148 2716/28/148
f 2710/61/149 2772/61/149 2773/63/149 2711/63/149
f 2722/80/150 2767/80/150 2769/79/150 2723/79/150
f 2747/78/151 2779/78/151 2786/67/151 2749/67/151
f 2725/58/152 2787/58/152 2772/61/152 2710/61/152
f 2716/28/153 2791/28/153 2790/25/153 2715/25/153
f 2708/51/154 2763/51/154 2764/53/154 2709/53/154
f 2606/40/155 2546/43/155 2671/43/155 2738/40/155
f 2545/88/156 2552/87/156 2678/87/156 2670/88/156
f 2594/32/157 2548/35/157 2673/35/157 2726/32/157
f 2582/24/158 7/27/158 2675/27/158 2714/24/158
f 7/27/159 20/26/159 2687/26/159 2675/27/159
f 8/95/160 34/91/160 2701/91/160 141/95/160
f 2550/90/161 2544/89/161 2669/89/161 2676/90/161
f 2551/85/162 2550/90/162 2676/90/162 2677/85/162
f 2552/87/163 2573/86/163 2704/86/163 2678/87/163
f 18/12/164 8/11/164 141/11/164 2685/12/164
f 19/29/165 40/31/165 2707/31/165 2686/29/165
f 20/26/166 19/29/166 2686/29/166 2687/26/166
f 2601/84/167 2625/84/167 2757/84/167 2733/84/167
f 2613/82/168 2643/82/168 2775/82/168 2745/82/168
f 34/91/169 33/93/169 2700/93/169 2701/91/169
f 2571/19/170 2545/18/170 2670/18/170 2702/19/170
f 2572/94/171 2571/19/171 2702/19/171 2703/94/171
f 2573/86/172 2551/85/172 2677/85/172 2704/86/172
f 40/31/173 18/12/173 2685/12/173 2707/31/173
f 2657/24/174 2582/24/174 2714/24/174 2789/24/174
f 2548/35/175 2589/81/175 2721/81/175 2673/35/175
f 2546/43/176 2601/84/176 2733/84/176 2671/43/176
f 2661/32/177 2594/32/177 2726/32/177 2793/32/177
f 2621/105/178 2627/104/178 2759/104/178 2753/105/178
f 2544/89/179 2613/82/179 2745/82/179 2669/89/179
f 2619/92/180 2572/94/180 2703/94/180 2751/92/180
f 33/93/181 2619/92/181 2751/92/181 2700/93/181
f 2629/103/182 2630/114/182 2762/114/182 2761/103/182
f 2627/104/183 2629/103/183 2761/103/183 2759/104/183
f 2630/114/184 2633/117/184 2765/117/184 2762/114/184
f 2625/84/185 2621/105/185 2753/105/185 2757/84/185
f 2624/118/186 2661/32/186 2793/32/186 2756/118/186
f 2638/106/182 2639/113/182 2771/113/182 2770/106/182
f 2636/107/187 2638/106/187 2770/106/187 2768/107/187
f 2639/113/188 2642/115/188 2774/115/188 2771/113/188
f 2633/117/189 2624/118/189 2756/118/189 2765/117/189
f 2643/82/190 2644/111/190 2776/111/190 2775/82/190
f 2648/109/182 2649/112/182 2781/112/182 2780/109/182
f 2646/110/191 2648/109/191 2780/109/191 2778/110/191
f 2649/112/192 2652/119/192 2784/119/192 2781/112/192
f 2644/111/193 2646/110/193 2778/110/193 2776/111/193
f 2652/119/194 2653/120/194 2785/120/194 2784/119/194
f 2623/108/195 2636/107/195 2768/107/195 2755/108/195
f 2653/120/196 2665/40/196 2797/40/196 2785/120/196
f 2634/81/197 2623/108/197 2755/108/197 2766/81/197
f 2665/40/198 2606/40/198 2738/40/198 2797/40/198
f 2589/81/199 2634/81/199 2766/81/199 2721/81/199
f 2642/115/200 2622/116/200 2754/116/200 2774/115/200
f 2622/116/201 2657/24/201 2789/24/201 2754/116/201
f 2858/1/202 2805/4/202 2802/3/202 2859/2/202
f 2846/5/203 2808/8/203 2804/7/203 2847/6/203
f 2834/9/204 279/12/204 272/11/204 2835/10/204
f 2802/13/4 2849/23/4 2812/22/4 2869/21/4 2867/20/4 2571/19/4 2545/18/4 2861/17/4 2820/16/4 2819/15/4 2859/14/4
f 2831/24/205 271/27/205 281/26/205 2832/25/205
f 2832/25/206 281/26/206 280/29/206 2833/28/206
f 2836/30/207 298/31/207 279/12/207 2834/9/207
f 2843/32/208 2803/35/208 2810/34/208 2844/33/208
f 2844/33/209 2810/34/209 2809/37/209 2845/36/209
f 2848/38/210 2824/39/210 2808/8/210 2846/5/210
f 2855/40/211 2801/43/211 2807/42/211 2856/41/211
f 2856/41/212 2807/42/212 2806/45/212 2857/44/212
f 2860/46/213 2823/47/213 2805/4/213 2858/1/213
f 2854/48/214 2825/51/214 2813/50/214 2853/49/214
f 2825/51/214 2826/53/214 2814/52/214 2813/50/214
f 2853/49/203 2813/50/203 2812/55/203 2849/54/203
f 2813/50/203 2814/52/203 2811/57/203 2869/56/203 2812/55/203
f 2842/58/215 2827/61/215 2817/60/215 2841/59/215
f 2827/61/215 2828/63/215 2818/62/215 2817/60/215
f 2856/41/216 2915/41/216 2914/40/216 2855/40/216
f 2841/59/217 2817/60/217 2816/65/217 2837/64/217
f 2817/60/217 2818/62/217 2815/66/217 2816/65/217
f 2866/67/218 2829/70/218 2821/69/218 2865/68/218
f 2829/70/218 2830/72/218 2822/71/218 2821/69/218
f 2865/68/202 2821/69/202 2820/74/202 2861/73/202
f 2821/69/202 2822/71/202 2819/75/202 2820/74/202
f 2852/76/219 2877/76/219 2905/48/219 2854/48/219
f 2857/44/220 2916/44/220 2915/41/220 2856/41/220
f 2863/77/221 2894/77/221 2896/78/221 2864/78/221
f 2857/44/222 2806/45/222 2823/47/222 2860/46/222
f 2845/36/223 2809/37/223 2824/39/223 2848/38/223
f 2833/28/224 280/29/224 298/31/224 2836/30/224
f 2828/63/215 2836/30/215 2834/9/215 2818/62/215
f 2860/46/225 2917/46/225 2916/44/225 2857/44/225
f 2818/62/217 2834/9/217 2835/10/217 2815/66/217
f 2809/37/226 2840/79/226 2842/58/226 2824/39/226
f 2808/8/217 2841/59/217 2837/64/217 2804/7/217
f 2803/35/227 2838/81/227 2839/80/227 2810/34/227
f 2810/34/228 2839/80/228 2840/79/228 2809/37/228
f 2824/39/229 2842/58/229 2841/59/229 2808/8/229
f 2854/48/4 2905/48/4 2880/51/4 2825/51/4
f 2826/53/214 2848/38/214 2846/5/214 2814/52/214
f 2862/82/230 2892/82/230 2894/77/230 2863/77/230
f 2814/52/203 2846/5/203 2847/6/203 2811/57/203
f 2806/45/231 2852/76/231 2854/48/231 2823/47/231
f 2805/4/203 2853/49/203 2849/54/203 2802/3/203
f 2801/43/232 2850/84/232 2851/83/232 2807/42/232
f 2807/42/233 2851/83/233 2852/76/233 2806/45/233
f 2823/47/234 2854/48/234 2853/49/234 2805/4/234
f 2832/25/235 2907/25/235 2906/24/235 2831/24/235
f 2830/72/218 2860/46/218 2858/1/218 2822/71/218
f 2830/72/4 2900/72/4 2917/46/4 2860/46/4
f 2822/71/202 2858/1/202 2859/2/202 2819/75/202
f 2551/85/236 2864/78/236 2866/67/236 2573/86/236
f 2552/87/237 2865/68/237 2861/73/237 2545/88/237
f 2544/89/238 2862/82/238 2863/77/238 2550/90/238
f 2550/90/239 2863/77/239 2864/78/239 2551/85/239
f 2573/86/240 2866/67/240 2865/68/240 2552/87/240
f 295/91/241 294/93/241 2868/92/241 2867/20/241
f 2868/92/242 2572/94/242 2571/19/242 2867/20/242
f 2869/21/4 2811/102/4 2847/101/4 2804/100/4 2837/99/4 2816/98/4 2815/97/4 2835/96/4 272/95/4 295/91/4 2867/20/4
f 2875/83/243 2876/104/243 2878/103/243 2877/76/243
f 2874/84/243 2870/105/243 2876/104/243 2875/83/243
f 2884/80/244 2885/107/244 2887/106/244 2886/79/244
f 2883/81/244 2872/108/244 2885/107/244 2884/80/244
f 2894/77/245 2895/110/245 2897/109/245 2896/78/245
f 2892/82/245 2893/111/245 2895/110/245 2894/77/245
f 2897/109/245 2898/112/245 2900/72/245 2899/70/245
f 2896/78/245 2897/109/245 2899/70/245 2903/67/245
f 2887/106/244 2888/113/244 2890/63/244 2889/61/244
f 2886/79/244 2887/106/244 2889/61/244 2904/58/244
f 2878/103/243 2879/114/243 2881/53/243 2880/51/243
f 2877/76/243 2878/103/243 2880/51/243 2905/48/243
f 2888/113/244 2908/28/244 2909/30/244 2890/63/244
f 2891/115/244 2907/25/244 2908/28/244 2888/113/244
f 2871/116/244 2906/24/244 2907/25/244 2891/115/244
f 2879/114/243 2912/36/243 2913/38/243 2881/53/243
f 2882/117/243 2911/33/243 2912/36/243 2879/114/243
f 2873/118/243 2910/32/243 2911/33/243 2882/117/243
f 2898/112/245 2916/44/245 2917/46/245 2900/72/245
f 2901/119/245 2915/41/245 2916/44/245 2898/112/245
f 2902/120/245 2914/40/245 2915/41/245 2901/119/245
f 2826/53/4 2881/53/4 2913/38/4 2848/38/4
f 2850/84/246 2874/84/246 2875/83/246 2851/83/246
f 2848/38/247 2913/38/247 2912/36/247 2845/36/247
f 2851/83/248 2875/83/248 2877/76/248 2852/76/248
f 2845/36/249 2912/36/249 2911/33/249 2844/33/249
f 2840/79/250 2886/79/250 2904/58/250 2842/58/250
f 2844/33/251 2911/33/251 2910/32/251 2843/32/251
f 2829/70/4 2899/70/4 2900/72/4 2830/72/4
f 2828/63/4 2890/63/4 2909/30/4 2836/30/4
f 2866/67/4 2903/67/4 2899/70/4 2829/70/4
f 2838/81/252 2883/81/252 2884/80/252 2839/80/252
f 2836/30/253 2909/30/253 2908/28/253 2833/28/253
f 2827/61/4 2889/61/4 2890/63/4 2828/63/4
f 2839/80/254 2884/80/254 2886/79/254 2840/79/254
f 2864/78/255 2896/78/255 2903/67/255 2866/67/255
f 2842/58/4 2904/58/4 2889/61/4 2827/61/4
f 2833/28/256 2908/28/256 2907/25/256 2832/25/256
f 2825/51/4 2880/51/4 2881/53/4 2826/53/4
f 2989/1/257 2990/2/257 2920/3/257 2927/4/257
f 2977/5/258 2978/6/258 2922/7/258 2930/8/258
f 2965/9/259 2966/10/259 398/11/259 2933/12/259
f 2920/13/260 2990/14/260 2944/15/260 2945/16/260 2992/17/260 2670/18/260 2950/19/260 2998/20/260 3000/21/260 2937/22/260 2980/23/260
f 2962/24/261 2963/25/261 2935/26/261 2923/27/261
f 2963/25/262 2964/28/262 2934/29/262 2935/26/262
f 2967/30/263 2965/9/263 2933/12/263 2955/31/263
f 2974/32/264 2975/33/264 2932/34/264 2921/35/264
f 2975/33/265 2976/36/265 2931/37/265 2932/34/265
f 2979/38/266 2977/5/266 2930/8/266 2954/39/266
f 2986/40/267 2987/41/267 2929/42/267 2919/43/267
f 2987/41/268 2988/44/268 2928/45/268 2929/42/268
f 2991/46/269 2989/1/269 2927/4/269 2953/47/269
f 2985/48/270 2984/49/270 2938/50/270 2956/51/270
f 2956/51/271 2938/50/271 2939/52/271 2957/53/271
f 2984/49/272 2980/54/272 2937/55/272 2938/50/272
f 2938/50/272 2937/55/272 3000/56/272 2936/57/272 2939/52/272
f 2973/58/273 2972/59/273 2942/60/273 2958/61/273
f 2958/61/274 2942/60/274 2943/62/274 2959/63/274
f 2987/41/275 2986/40/275 3045/40/275 3046/41/275
f 2972/59/276 2968/64/276 2941/65/276 2942/60/276
f 2942/60/277 2941/65/277 2940/66/277 2943/62/277
f 2997/67/278 2996/68/278 2946/69/278 2960/70/278
f 2960/70/279 2946/69/279 2947/71/279 2961/72/279
f 2996/68/280 2992/73/280 2945/74/280 2946/69/280
f 2946/69/281 2945/74/281 2944/75/281 2947/71/281
f 2983/76/282 2985/48/282 3036/48/282 3008/76/282
f 2988/44/283 2987/41/283 3046/41/283 3047/44/283
f 2994/77/284 2995/78/284 3027/78/284 3025/77/284
f 2988/44/285 2991/46/285 2953/47/285 2928/45/285
f 2976/36/286 2979/38/286 2954/39/286 2931/37/286
f 2964/28/287 2967/30/287 2955/31/287 2934/29/287
f 2959/63/288 2943/62/288 2965/9/288 2967/30/288
f 2991/46/289 2988/44/289 3047/44/289 3048/46/289
f 2943/62/290 2940/66/290 2966/10/290 2965/9/290
f 2931/37/291 2954/39/291 2973/58/291 2971/79/291
f 2930/8/292 2922/7/292 2968/64/292 2972/59/292
f 2921/35/293 2932/34/293 2970/80/293 2969/81/293
f 2932/34/294 2931/37/294 2971/79/294 2970/80/294
f 2954/39/295 2930/8/295 2972/59/295 2973/58/295
f 2985/48/296 2956/51/296 3011/51/296 3036/48/296
f 2957/53/297 2939/52/297 2977/5/297 2979/38/297
f 2993/82/298 2994/77/298 3025/77/298 3023/82/298
f 2939/52/272 2936/57/272 2978/6/272 2977/5/272
f 2928/45/299 2953/47/299 2985/48/299 2983/76/299
f 2927/4/300 2920/3/300 2980/54/300 2984/49/300
f 2919/43/301 2929/42/301 2982/83/301 2981/84/301
f 2929/42/302 2928/45/302 2983/76/302 2982/83/302
f 2953/47/303 2927/4/303 2984/49/303 2985/48/303
f 2963/25/304 2962/24/304 3037/24/304 3038/25/304
f 2961/72/305 2947/71/305 2989/1/305 2991/46/305
f 2961/72/306 2991/46/306 3048/46/306 3031/72/306
f 2947/71/307 2944/75/307 2990/2/307 2989/1/307
f 2925/85/308 2952/86/308 2997/67/308 2995/78/308
f 2926/87/309 2670/88/309 2992/73/309 2996/68/309
f 2918/89/310 2924/90/310 2994/77/310 2993/82/310
f 2924/90/311 2925/85/311 2995/78/311 2994/77/311
f 2952/86/312 2926/87/312 2996/68/312 2997/67/312
f 2949/91/313 2998/20/313 2999/92/313 2948/93/313
f 2999/92/314 2998/20/314 2950/19/314 2951/94/314
f 3000/21/315 2998/20/315 2949/91/315 398/95/315 2966/96/315 2940/97/315 2941/98/315 2968/99/315 2922/100/315 2978/101/315 2936/102/315
f 3006/83/316 3008/76/316 3009/103/316 3007/104/316
f 3005/84/317 3006/83/317 3007/104/317 3001/105/317
f 3015/80/318 3017/79/318 3018/106/318 3016/107/318
f 3014/81/319 3015/80/319 3016/107/319 3003/108/319
f 3025/77/320 3027/78/320 3028/109/320 3026/110/320
f 3023/82/321 3025/77/321 3026/110/321 3024/111/321
f 3028/109/322 3030/70/322 3031/72/322 3029/112/322
f 3027/78/323 3034/67/323 3030/70/323 3028/109/323
f 3018/106/324 3020/61/324 3021/63/324 3019/113/324
f 3017/79/325 3035/58/325 3020/61/325 3018/106/325
f 3009/103/326 3011/51/326 3012/53/326 3010/114/326
f 3008/76/327 3036/48/327 3011/51/327 3009/103/327
f 3019/113/328 3021/63/328 3040/30/328 3039/28/328
f 3022/115/329 3019/113/329 3039/28/329 3038/25/329
f 3002/116/330 3022/115/330 3038/25/330 3037/24/330
f 3010/114/331 3012/53/331 3044/38/331 3043/36/331
f 3013/117/332 3010/114/332 3043/36/332 3042/33/332
f 3004/118/333 3013/117/333 3042/33/333 3041/32/333
f 3029/112/334 3031/72/334 3048/46/334 3047/44/334
f 3032/119/335 3029/112/335 3047/44/335 3046/41/335
f 3033/120/336 3032/119/336 3046/41/336 3045/40/336
f 2957/53/337 2979/38/337 3044/38/337 3012/53/337
f 2981/84/338 2982/83/338 3006/83/338 3005/84/338
f 2979/38/339 2976/36/339 3043/36/339 3044/38/339
f 2982/83/340 2983/76/340 3008/76/340 3006/83/340
f 2976/36/341 2975/33/341 3042/33/341 3043/36/341
f 2971/79/342 2973/58/342 3035/58/342 3017/79/342
f 2975/33/343 2974/32/343 3041/32/343 3042/33/343
f 2960/70/344 2961/72/344 3031/72/344 3030/70/344
f 2959/63/345 2967/30/345 3040/30/345 3021/63/345
f 2997/67/346 2960/70/346 3030/70/346 3034/67/346
f 2969/81/347 2970/80/347 3015/80/347 3014/81/347
f 2967/30/348 2964/28/348 3039/28/348 3040/30/348
f 2958/61/349 2959/63/349 3021/63/349 3020/61/349
f 2970/80/350 2971/79/350 3017/79/350 3015/80/350
f 2995/78/351 2997/67/351 3034/67/351 3027/78/351
f 2973/58/352 2958/61/352 3020/61/352 3035/58/352
f 2964/28/353 2963/25/353 3038/25/353 3039/28/353
f 2956/51/354 2957/53/354 3012/53/354 3011/51/354
f 2855/40/355 2986/40/355 2919/43/355 2801/43/355
f 2545/88/356 2670/88/356 2926/87/356 2552/87/356
f 2843/32/357 2974/32/357 2921/35/357 2803/35/357
f 2831/24/358 2962/24/358 2923/27/358 271/27/358
f 271/27/359 2923/27/359 2935/26/359 281/26/359
f 272/95/360 398/95/360 2949/91/360 295/91/360
f 2550/90/361 2924/90/361 2918/89/361 2544/89/361
f 2551/85/362 2925/85/362 2924/90/362 2550/90/362
f 2552/87/363 2926/87/363 2952/86/363 2573/86/363
f 279/12/364 2933/12/364 398/11/364 272/11/364
f 280/29/365 2934/29/365 2955/31/365 298/31/365
f 281/26/366 2935/26/366 2934/29/366 280/29/366
f 2850/84/367 2981/84/367 3005/84/367 2874/84/367
f 2862/82/368 2993/82/368 3023/82/368 2892/82/368
f 295/91/369 2949/91/369 2948/93/369 294/93/369
f 2571/19/370 2950/19/370 2670/18/370 2545/18/370
f 2572/94/371 2951/94/371 2950/19/371 2571/19/371
f 2573/86/372 2952/86/372 2925/85/372 2551/85/372
f 298/31/373 2955/31/373 2933/12/373 279/12/373
f 2906/24/374 3037/24/374 2962/24/374 2831/24/374
f 2803/35/375 2921/35/375 2969/81/375 2838/81/375
f 2801/43/376 2919/43/376 2981/84/376 2850/84/376
f 2910/32/377 3041/32/377 2974/32/377 2843/32/377
f 2870/105/378 3001/105/378 3007/104/378 2876/104/378
f 2544/89/379 2918/89/379 2993/82/379 2862/82/379
f 2868/92/380 2999/92/380 2951/94/380 2572/94/380
f 294/93/381 2948/93/381 2999/92/381 2868/92/381
f 2878/103/182 3009/103/182 3010/114/182 2879/114/182
f 2876/104/382 3007/104/382 3009/103/382 2878/103/382
f 2879/114/383 3010/114/383 3013/117/383 2882/117/383
f 2874/84/384 3005/84/384 3001/105/384 2870/105/384
f 2873/118/385 3004/118/385 3041/32/385 2910/32/385
f 2887/106/182 3018/106/182 3019/113/182 2888/113/182
f 2885/107/386 3016/107/386 3018/106/386 2887/106/386
f 2888/113/387 3019/113/387 3022/115/387 2891/115/387
f 2882/117/388 3013/117/388 3004/118/388 2873/118/388
f 2892/82/389 3023/82/389 3024/111/389 2893/111/389
f 2897/109/182 3028/109/182 3029/112/182 2898/112/182
f 2895/110/390 3026/110/390 3028/109/390 2897/109/390
f 2898/112/391 3029/112/391 3032/119/391 2901/119/391
f 2893/111/392 3024/111/392 3026/110/392 2895/110/392
f 2901/119/393 3032/119/393 3033/120/393 2902/120/393
f 2872/108/394 3003/108/394 3016/107/394 2885/107/394
f 2902/120/395 3033/120/395 3045/40/395 2914/40/395
f 2883/81/396 3014/81/396 3003/108/396 2872/108/396
f 2914/40/397 3045/40/397 2986/40/397 2855/40/397
f 2838/81/398 2969/81/398 3014/81/398 2883/81/398
f 2891/115/399 3022/115/399 3002/116/399 2871/116/399
f 2871/116/400 3002/116/400 3037/24/400 2906/24/400
f 3106/1/600 3107/2/600 3050/3/600 3053/4/600
f 3094/5/601 3095/6/601 3052/7/601 3056/8/601
f 3082/9/602 3083/10/602 1034/11/602 1041/12/602
f 3050/13/4 3107/14/4 3067/15/4 3068/16/4 3109/17/4 2040/18/4 2066/19/4 3115/20/4 3117/21/4 3060/22/4 3097/23/4
f 3079/24/603 3080/25/603 1043/26/603 1033/27/603
f 3080/25/604 3081/28/604 1042/29/604 1043/26/604
f 3084/30/605 3082/9/605 1041/12/605 1060/31/605
f 3091/32/606 3092/33/606 3058/34/606 3051/35/606
f 3092/33/607 3093/36/607 3057/37/607 3058/34/607
f 3096/38/608 3094/5/608 3056/8/608 3072/39/608
f 3103/40/609 3104/41/609 3055/42/609 3049/43/609
f 3104/41/610 3105/44/610 3054/45/610 3055/42/610
f 3108/46/611 3106/1/611 3053/4/611 3071/47/611
f 3102/48/612 3101/49/612 3061/50/612 3073/51/612
f 3073/51/612 3061/50/612 3062/52/612 3074/53/612
f 3101/49/601 3097/54/601 3060/55/601 3061/50/601
f 3061/50/601 3060/55/601 3117/56/601 3059/57/601 3062/52/601
f 3090/58/613 3089/59/613 3065/60/613 3075/61/613
f 3075/61/613 3065/60/613 3066/62/613 3076/63/613
f 3104/41/614 3103/40/614 3162/40/614 3163/41/614
f 3089/59/615 3085/64/615 3064/65/615 3065/60/615
f 3065/60/615 3064/65/615 3063/66/615 3066/62/615
f 3114/67/616 3113/68/616 3069/69/616 3077/70/616
f 3077/70/616 3069/69/616 3070/71/616 3078/72/616
f 3113/68/600 3109/73/600 3068/74/600 3069/69/600
f 3069/69/600 3068/74/600 3067/75/600 3070/71/600
f 3100/76/617 3102/48/617 3153/48/617 3125/76/617
f 3105/44/618 3104/41/618 3163/41/618 3164/44/618
f 3111/77/619 3112/78/619 3144/78/619 3142/77/619
f 3105/44/620 3108/46/620 3071/47/620 3054/45/620
f 3093/36/621 3096/38/621 3072/39/621 3057/37/621
f 3081/28/622 3084/30/622 1060/31/622 1042/29/622
f 3076/63/613 3066/62/613 3082/9/613 3084/30/613
f 3108/46/623 3105/44/623 3164/44/623 3165/46/623
f 3066/62/615 3063/66/615 3083/10/615 3082/9/615
f 3057/37/624 3072/39/624 3090/58/624 3088/79/624
f 3056/8/615 3052/7/615 3085/64/615 3089/59/615
f 3051/35/625 3058/34/625 3087/80/625 3086/81/625
f 3058/34/626 3057/37/626 3088/79/626 3087/80/626
f 3072/39/627 3056/8/627 3089/59/627 3090/58/627
f 3102/48/4 3073/51/4 3128/51/4 3153/48/4
f 3074/53/612 3062/52/612 3094/5/612 3096/38/612
f 3110/82/628 3111/77/628 3142/77/628 3140/82/628
f 3062/52/601 3059/57/601 3095/6/601 3094/5/601
f 3054/45/629 3071/47/629 3102/48/629 3100/76/629
f 3053/4/601 3050/3/601 3097/54/601 3101/49/601
f 3049/43/630 3055/42/630 3099/83/630 3098/84/630
f 3055/42/631 3054/45/631 3100/76/631 3099/83/631
f 3071/47/632 3053/4/632 3101/49/632 3102/48/632
f 3080/25/633 3079/24/633 3154/24/633 3155/25/633
f 3078/72/616 3070/71/616 3106/1/616 3108/46/616
f 3078/72/4 3108/46/4 3165/46/4 3148/72/4
f 3070/71/600 3067/75/600 3107/2/600 3106/1/600
f 2046/85/634 2068/86/634 3114/67/634 3112/78/634
f 2047/87/635 2040/88/635 3109/73/635 3113/68/635
f 2039/89/636 2045/90/636 3111/77/636 3110/82/636
f 2045/90/637 2046/85/637 3112/78/637 3111/77/637
f 2068/86/638 2047/87/638 3113/68/638 3114/67/638
f 1057/91/639 3115/20/639 3116/92/639 1056/93/639
f 3116/92/640 3115/20/640 2066/19/640 2067/94/640
f 3117/21/4 3115/20/4 1057/91/4 1034/95/4 3083/96/4 3063/97/4 3064/98/4 3085/99/4 3052/100/4 3095/101/4 3059/102/4
f 3123/83/641 3125/76/641 3126/103/641 3124/104/641
f 3122/84/641 3123/83/641 3124/104/641 3118/105/641
f 3132/80/642 3134/79/642 3135/106/642 3133/107/642
f 3131/81/642 3132/80/642 3133/107/642 3120/108/642
f 3142/77/643 3144/78/643 3145/109/643 3143/110/643
f 3140/82/643 3142/77/643 3143/110/643 3141/111/643
f 3145/109/643 3147/70/643 3148/72/643 3146/112/643
f 3144/78/643 3151/67/643 3147/70/643 3145/109/643
f 3135/106/642 3137/61/642 3138/63/642 3136/113/642
f 3134/79/642 3152/58/642 3137/61/642 3135/106/642
f 3126/103/641 3128/51/641 3129/53/641 3127/114/641
f 3125/76/641 3153/48/641 3128/51/641 3126/103/641
f 3136/113/642 3138/63/642 3157/30/642 3156/28/642
f 3139/115/642 3136/113/642 3156/28/642 3155/25/642
f 3119/116/642 3139/115/642 3155/25/642 3154/24/642
f 3127/114/641 3129/53/641 3161/38/641 3160/36/641
f 3130/117/641 3127/114/641 3160/36/641 3159/33/641
f 3121/118/641 3130/117/641 3159/33/641 3158/32/641
f 3146/112/643 3148/72/643 3165/46/643 3164/44/643
f 3149/119/643 3146/112/643 3164/44/643 3163/41/643
f 3150/120/643 3149/119/643 3163/41/643 3162/40/643
f 3074/53/4 3096/38/4 3161/38/4 3129/53/4
f 3098/84/644 3099/83/644 3123/83/644 3122/84/644
f 3096/38/645 3093/36/645 3160/36/645 3161/38/645
f 3099/83/646 3100/76/646 3125/76/646 3123/83/646
f 3093/36/647 3092/33/647 3159/33/647 3160/36/647
f 3088/79/648 3090/58/648 3152/58/648 3134/79/648
f 3092/33/649 3091/32/649 3158/32/649 3159/33/649
f 3077/70/4 3078/72/4 3148/72/4 3147/70/4
f 3076/63/4 3084/30/4 3157/30/4 3138/63/4
f 3114/67/4 3077/70/4 3147/70/4 3151/67/4
f 3086/81/650 3087/80/650 3132/80/650 3131/81/650
f 3084/30/651 3081/28/651 3156/28/651 3157/30/651
f 3075/61/4 3076/63/4 3138/63/4 3137/61/4
f 3087/80/652 3088/79/652 3134/79/652 3132/80/652
f 3112/78/653 3114/67/653 3151/67/653 3144/78/653
f 3090/58/4 3075/61/4 3137/61/4 3152/58/4
f 3081/28/654 3080/25/654 3155/25/654 3156/28/654
f 3073/51/4 3074/53/4 3129/53/4 3128/51/4
f 3237/1/655 3175/4/655 3168/3/655 3238/2/655
f 3225/5/656 3178/8/656 3170/7/656 3226/6/656
f 3213/9/657 3181/12/657 1160/11/657 3214/10/657
f 3168/13/658 3228/23/658 3185/22/658 3248/21/658 3246/20/658 3198/19/658 2165/18/658 3240/17/658 3193/16/658 3192/15/658 3238/14/658
f 3210/24/659 3171/27/659 3183/26/659 3211/25/659
f 3211/25/660 3183/26/660 3182/29/660 3212/28/660
f 3215/30/661 3203/31/661 3181/12/661 3213/9/661
f 3222/32/662 3169/35/662 3180/34/662 3223/33/662
f 3223/33/663 3180/34/663 3179/37/663 3224/36/663
f 3227/38/664 3202/39/664 3178/8/664 3225/5/664
f 3234/40/665 3167/43/665 3177/42/665 3235/41/665
f 3235/41/666 3177/42/666 3176/45/666 3236/44/666
f 3239/46/667 3201/47/667 3175/4/667 3237/1/667
f 3233/48/668 3204/51/668 3186/50/668 3232/49/668
f 3204/51/669 3205/53/669 3187/52/669 3186/50/669
f 3232/49/670 3186/50/670 3185/55/670 3228/54/670
f 3186/50/670 3187/52/670 3184/57/670 3248/56/670 3185/55/670
f 3221/58/671 3206/61/671 3190/60/671 3220/59/671
f 3206/61/672 3207/63/672 3191/62/672 3190/60/672
f 3235/41/673 3294/41/673 3293/40/673 3234/40/673
f 3220/59/674 3190/60/674 3189/65/674 3216/64/674
f 3190/60/675 3191/62/675 3188/66/675 3189/65/675
f 3245/67/676 3208/70/676 3194/69/676 3244/68/676
f 3208/70/677 3209/72/677 3195/71/677 3194/69/677
f 3244/68/678 3194/69/678 3193/74/678 3240/73/678
f 3194/69/679 3195/71/679 3192/75/679 3193/74/679
f 3231/76/680 3256/76/680 3284/48/680 3233/48/680
f 3236/44/681 3295/44/681 3294/41/681 3235/41/681
f 3242/77/682 3273/77/682 3275/78/682 3243/78/682
f 3236/44/683 3176/45/683 3201/47/683 3239/46/683
f 3224/36/684 3179/37/684 3202/39/684 3227/38/684
f 3212/28/685 3182/29/685 3203/31/685 3215/30/685
f 3207/63/686 3215/30/686 3213/9/686 3191/62/686
f 3239/46/687 3296/46/687 3295/44/687 3236/44/687
f 3191/62/688 3213/9/688 3214/10/688 3188/66/688
f 3179/37/689 3219/79/689 3221/58/689 3202/39/689
f 3178/8/690 3220/59/690 3216/64/690 3170/7/690
f 3169/35/691 3217/81/691 3218/80/691 3180/34/691
f 3180/34/692 3218/80/692 3219/79/692 3179/37/692
f 3202/39/693 3221/58/693 3220/59/693 3178/8/693
f 3233/48/694 3284/48/694 3259/51/694 3204/51/694
f 3205/53/695 3227/38/695 3225/5/695 3187/52/695
f 3241/82/696 3271/82/696 3273/77/696 3242/77/696
f 3187/52/670 3225/5/670 3226/6/670 3184/57/670
f 3176/45/697 3231/76/697 3233/48/697 3201/47/697
f 3175/4/698 3232/49/698 3228/54/698 3168/3/698
f 3167/43/699 3229/84/699 3230/83/699 3177/42/699
f 3177/42/700 3230/83/700 3231/76/700 3176/45/700
f 3201/47/701 3233/48/701 3232/49/701 3175/4/701
f 3211/25/702 3286/25/702 3285/24/702 3210/24/702
f 3209/72/703 3239/46/703 3237/1/703 3195/71/703
f 3209/72/704 3279/72/704 3296/46/704 3239/46/704
f 3195/71/705 3237/1/705 3238/2/705 3192/75/705
f 3173/85/706 3243/78/706 3245/67/706 3200/86/706
f 3174/87/707 3244/68/707 3240/73/707 2165/88/707
f 3166/89/708 3241/82/708 3242/77/708 3172/90/708
f 3172/90/709 3242/77/709 3243/78/709 3173/85/709
f 3200/86/710 3245/67/710 3244/68/710 3174/87/710
f 3197/91/711 3196/93/711 3247/92/711 3246/20/711
f 3247/92/712 3199/94/712 3198/19/712 3246/20/712
f 3248/21/713 3184/102/713 3226/101/713 3170/100/713 3216/99/713 3189/98/713 3188/97/713 3214/96/713 1160/95/713 3197/91/713 3246/20/713
f 3254/83/714 3255/104/714 3257/103/714 3256/76/714
f 3253/84/715 3249/105/715 3255/104/715 3254/83/715
f 3263/80/716 3264/107/716 3266/106/716 3265/79/716
f 3262/81/717 3251/108/717 3264/107/717 3263/80/717
f 3273/77/718 3274/110/718 3276/109/718 3275/78/718
f 3271/82/719 3272/111/719 3274/110/719 3273/77/719
f 3276/109/720 3277/112/720 3279/72/720 3278/70/720
f 3275/78/721 3276/109/721 3278/70/721 3282/67/721
f 3266/106/722 3267/113/722 3269/63/722 3268/61/722
f 3265/79/723 3266/106/723 3268/61/723 3283/58/723
f 3257/103/724 3258/114/724 3260/53/724 3259/51/724
f 3256/76/725 3257/103/725 3259/51/725 3284/48/725
f 3267/113/726 3287/28/726 3288/30/726 3269/63/726
f 3270/115/727 3286/25/727 3287/28/727 3267/113/727
f 3250/116/728 3285/24/728 3286/25/728 3270/115/728
f 3258/114/729 3291/36/729 3292/38/729 3260/53/729
f 3261/117/730 3290/33/730 3291/36/730 3258/114/730
f 3252/118/731 3289/32/731 3290/33/731 3261/117/731
f 3277/112/732 3295/44/732 3296/46/732 3279/72/732
f 3280/119/733 3294/41/733 3295/44/733 3277/112/733
f 3281/120/734 3293/40/734 3294/41/734 3280/119/734
f 3205/53/735 3260/53/735 3292/38/735 3227/38/735
f 3229/84/736 3253/84/736 3254/83/736 3230/83/736
f 3227/38/737 3292/38/737 3291/36/737 3224/36/737
f 3230/83/738 3254/83/738 3256/76/738 3231/76/738
f 3224/36/739 3291/36/739 3290/33/739 3223/33/739
f 3219/79/740 3265/79/740 3283/58/740 3221/58/740
f 3223/33/741 3290/33/741 3289/32/741 3222/32/741
f 3208/70/742 3278/70/742 3279/72/742 3209/72/742
f 3207/63/743 3269/63/743 3288/30/743 3215/30/743
f 3245/67/744 3282/67/744 3278/70/744 3208/70/744
f 3217/81/745 3262/81/745 3263/80/745 3218/80/745
f 3215/30/746 3288/30/746 3287/28/746 3212/28/746
f 3206/61/747 3268/61/747 3269/63/747 3207/63/747
f 3218/80/748 3263/80/748 3265/79/748 3219/79/748
f 3243/78/749 3275/78/749 3282/67/749 3245/67/749
f 3221/58/750 3283/58/750 3268/61/750 3206/61/750
f 3212/28/751 3287/28/751 3286/25/751 3211/25/751
f 3204/51/752 3259/51/752 3260/53/752 3205/53/752
f 3103/40/753 3049/43/753 3167/43/753 3234/40/753
f 2040/88/754 2047/87/754 3174/87/754 2165/88/754
f 3091/32/755 3051/35/755 3169/35/755 3222/32/755
f 3079/24/756 1033/27/756 3171/27/756 3210/24/756
f 1033/27/757 1043/26/757 3183/26/757 3171/27/757
f 1034/95/758 1057/91/758 3197/91/758 1160/95/758
f 2045/90/759 2039/89/759 3166/89/759 3172/90/759
f 2046/85/760 2045/90/760 3172/90/760 3173/85/760
f 2047/87/761 2068/86/761 3200/86/761 3174/87/761
f 1041/12/762 1034/11/762 1160/11/762 3181/12/762
f 1042/29/763 1060/31/763 3203/31/763 3182/29/763
f 1043/26/764 1042/29/764 3182/29/764 3183/26/764
f 3098/84/765 3122/84/765 3253/84/765 3229/84/765
f 3110/82/766 3140/82/766 3271/82/766 3241/82/766
f 1057/91/767 1056/93/767 3196/93/767 3197/91/767
f 2066/19/768 2040/18/768 2165/18/768 3198/19/768
f 2067/94/769 2066/19/769 3198/19/769 3199/94/769
f 2068/86/770 2046/85/770 3173/85/770 3200/86/770
f 1060/31/771 1041/12/771 3181/12/771 3203/31/771
f 3154/24/772 3079/24/772 3210/24/772 3285/24/772
f 3051/35/773 3086/81/773 3217/81/773 3169/35/773
f 3049/43/774 3098/84/774 3229/84/774 3167/43/774
f 3158/32/775 3091/32/775 3222/32/775 3289/32/775
f 3118/105/776 3124/104/776 3255/104/776 3249/105/776
f 2039/89/777 3110/82/777 3241/82/777 3166/89/777
f 3116/92/778 2067/94/778 3199/94/778 3247/92/778
f 1056/93/779 3116/92/779 3247/92/779 3196/93/779
f 3126/103/182 3127/114/182 3258/114/182 3257/103/182
f 3124/104/780 3126/103/780 3257/103/780 3255/104/780
f 3127/114/781 3130/117/781 3261/117/781 3258/114/781
f 3122/84/782 3118/105/782 3249/105/782 3253/84/782
f 3121/118/783 3158/32/783 3289/32/783 3252/118/783
f 3135/106/182 3136/113/182 3267/113/182 3266/106/182
f 3133/107/784 3135/106/784 3266/106/784 3264/107/784
f 3136/113/785 3139/115/785 3270/115/785 3267/113/785
f 3130/117/786 3121/118/786 3252/118/786 3261/117/786
f 3140/82/787 3141/111/787 3272/111/787 3271/82/787
f 3145/109/182 3146/112/182 3277/112/182 3276/109/182
f 3143/110/788 3145/109/788 3276/109/788 3274/110/788
f 3146/112/789 3149/119/789 3280/119/789 3277/112/789
f 3141/111/790 3143/110/790 3274/110/790 3272/111/790
f 3149/119/791 3150/120/791 3281/120/791 3280/119/791
f 3120/108/792 3133/107/792 3264/107/792 3251/108/792
f 3150/120/793 3162/40/793 3293/40/793 3281/120/793
f 3131/81/794 3120/108/794 3251/108/794 3262/81/794
f 3162/40/795 3103/40/795 3234/40/795 3293/40/795
f 3086/81/796 3131/81/796 3262/81/796 3217/81/796
f 3139/115/797 3119/116/797 3250/116/797 3270/115/797
f 3119/116/798 3154/24/798 3285/24/798 3250/116/798
f 3354/1/401 3301/4/401 3298/3/401 3355/2/401
f 3342/5/402 3304/8/402 3300/7/402 3343/6/402
f 3330/9/403 1298/12/403 1291/11/403 3331/10/403
f 3298/13/4 3345/23/4 3308/22/4 3365/21/4 3363/20/4 2066/19/4 2040/18/4 3357/17/4 3316/16/4 3315/15/4 3355/14/4
f 3327/24/404 1290/27/404 1300/26/404 3328/25/404
f 3328/25/405 1300/26/405 1299/29/405 3329/28/405
f 3332/30/406 1317/31/406 1298/12/406 3330/9/406
f 3339/32/407 3299/35/407 3306/34/407 3340/33/407
f 3340/33/408 3306/34/408 3305/37/408 3341/36/408
f 3344/38/409 3320/39/409 3304/8/409 3342/5/409
f 3351/40/410 3297/43/410 3303/42/410 3352/41/410
f 3352/41/411 3303/42/411 3302/45/411 3353/44/411
f 3356/46/412 3319/47/412 3301/4/412 3354/1/412
f 3350/48/413 3321/51/413 3309/50/413 3349/49/413
f 3321/51/413 3322/53/413 3310/52/413 3309/50/413
f 3349/49/402 3309/50/402 3308/55/402 3345/54/402
f 3309/50/402 3310/52/402 3307/57/402 3365/56/402 3308/55/402
f 3338/58/414 3323/61/414 3313/60/414 3337/59/414
f 3323/61/414 3324/63/414 3314/62/414 3313/60/414
f 3352/41/415 3411/41/415 3410/40/415 3351/40/415
f 3337/59/416 3313/60/416 3312/65/416 3333/64/416
f 3313/60/416 3314/62/416 3311/66/416 3312/65/416
f 3362/67/417 3325/70/417 3317/69/417 3361/68/417
f 3325/70/417 3326/72/417 3318/71/417 3317/69/417
f 3361/68/401 3317/69/401 3316/74/401 3357/73/401
f 3317/69/401 3318/71/401 3315/75/401 3316/74/401
f 3348/76/418 3373/76/418 3401/48/418 3350/48/418
f 3353/44/419 3412/44/419 3411/41/419 3352/41/419
f 3359/77/420 3390/77/420 3392/78/420 3360/78/420
f 3353/44/421 3302/45/421 3319/47/421 3356/46/421
f 3341/36/422 3305/37/422 3320/39/422 3344/38/422
f 3329/28/423 1299/29/423 1317/31/423 3332/30/423
f 3324/63/414 3332/30/414 3330/9/414 3314/62/414
f 3356/46/424 3413/46/424 3412/44/424 3353/44/424
f 3314/62/416 3330/9/416 3331/10/416 3311/66/416
f 3305/37/425 3336/79/425 3338/58/425 3320/39/425
f 3304/8/416 3337/59/416 3333/64/416 3300/7/416
f 3299/35/426 3334/81/426 3335/80/426 3306/34/426
f 3306/34/427 3335/80/427 3336/79/427 3305/37/427
f 3320/39/428 3338/58/428 3337/59/428 3304/8/428
f 3350/48/4 3401/48/4 3376/51/4 3321/51/4
f 3322/53/413 3344/38/413 3342/5/413 3310/52/413
f 3358/82/429 3388/82/429 3390/77/429 3359/77/429
f 3310/52/402 3342/5/402 3343/6/402 3307/57/402
f 3302/45/430 3348/76/430 3350/48/430 3319/47/430
f 3301/4/402 3349/49/402 3345/54/402 3298/3/402
f 3297/43/431 3346/84/431 3347/83/431 3303/42/431
f 3303/42/432 3347/83/432 3348/76/432 3302/45/432
f 3319/47/433 3350/48/433 3349/49/433 3301/4/433
f 3328/25/434 3403/25/434 3402/24/434 3327/24/434
f 3326/72/417 3356/46/417 3354/1/417 3318/71/417
f 3326/72/4 3396/72/4 3413/46/4 3356/46/4
f 3318/71/401 3354/1/401 3355/2/401 3315/75/401
f 2046/85/435 3360/78/435 3362/67/435 2068/86/435
f 2047/87/436 3361/68/436 3357/73/436 2040/88/436
f 2039/89/437 3358/82/437 3359/77/437 2045/90/437
f 2045/90/438 3359/77/438 3360/78/438 2046/85/438
f 2068/86/439 3362/67/439 3361/68/439 2047/87/439
f 1314/91/440 1313/93/440 3364/92/440 3363/20/440
f 3364/92/441 2067/94/441 2066/19/441 3363/20/441
f 3365/21/4 3307/102/4 3343/101/4 3300/100/4 3333/99/4 3312/98/4 3311/97/4 3331/96/4 1291/95/4 1314/91/4 3363/20/4
f 3371/83/442 3372/104/442 3374/103/442 3373/76/442
f 3370/84/442 3366/105/442 3372/104/442 3371/83/442
f 3380/80/443 3381/107/443 3383/106/443 3382/79/443
f 3379/81/443 3368/108/443 3381/107/443 3380/80/443
f 3390/77/444 3391/110/444 3393/109/444 3392/78/444
f 3388/82/444 3389/111/444 3391/110/444 3390/77/444
f 3393/109/444 3394/112/444 3396/72/444 3395/70/444
f 3392/78/444 3393/109/444 3395/70/444 3399/67/444
f 3383/106/443 3384/113/443 3386/63/443 3385/61/443
f 3382/79/443 3383/106/443 3385/61/443 3400/58/443
f 3374/103/442 3375/114/442 3377/53/442 3376/51/442
f 3373/76/442 3374/103/442 3376/51/442 3401/48/442
f 3384/113/443 3404/28/443 3405/30/443 3386/63/443
f 3387/115/443 3403/25/443 3404/28/443 3384/113/443
f 3367/116/443 3402/24/443 3403/25/443 3387/115/443
f 3375/114/442 3408/36/442 3409/38/442 3377/53/442
f 3378/117/442 3407/33/442 3408/36/442 3375/114/442
f 3369/118/442 3406/32/442 3407/33/442 3378/117/442
f 3394/112/444 3412/44/444 3413/46/444 3396/72/444
f 3397/119/444 3411/41/444 3412/44/444 3394/112/444
f 3398/120/444 3410/40/444 3411/41/444 3397/119/444
f 3322/53/4 3377/53/4 3409/38/4 3344/38/4
f 3346/84/445 3370/84/445 3371/83/445 3347/83/445
f 3344/38/446 3409/38/446 3408/36/446 3341/36/446
f 3347/83/447 3371/83/447 3373/76/447 3348/76/447
f 3341/36/448 3408/36/448 3407/33/448 3340/33/448
f 3336/79/449 3382/79/449 3400/58/449 3338/58/449
f 3340/33/450 3407/33/450 3406/32/450 3339/32/450
f 3325/70/4 3395/70/4 3396/72/4 3326/72/4
f 3324/63/4 3386/63/4 3405/30/4 3332/30/4
f 3362/67/4 3399/67/4 3395/70/4 3325/70/4
f 3334/81/451 3379/81/451 3380/80/451 3335/80/451
f 3332/30/452 3405/30/452 3404/28/452 3329/28/452
f 3323/61/4 3385/61/4 3386/63/4 3324/63/4
f 3335/80/453 3380/80/453 3382/79/453 3336/79/453
f 3360/78/454 3392/78/454 3399/67/454 3362/67/454
f 3338/58/4 3400/58/4 3385/61/4 3323/61/4
f 3329/28/455 3404/28/455 3403/25/455 3328/25/455
f 3321/51/4 3376/51/4 3377/53/4 3322/53/4
f 3485/1/456 3486/2/456 3416/3/456 3423/4/456
f 3473/5/457 3474/6/457 3418/7/457 3426/8/457
f 3461/9/458 3462/10/458 1417/11/458 3429/12/458
f 3416/13/459 3486/14/459 3440/15/459 3441/16/459 3488/17/459 2165/18/459 3446/19/459 3494/20/459 3496/21/459 3433/22/459 3476/23/459
f 3458/24/460 3459/25/460 3431/26/460 3419/27/460
f 3459/25/461 3460/28/461 3430/29/461 3431/26/461
f 3463/30/462 3461/9/462 3429/12/462 3451/31/462
f 3470/32/463 3471/33/463 3428/34/463 3417/35/463
f 3471/33/464 3472/36/464 3427/37/464 3428/34/464
f 3475/38/465 3473/5/465 3426/8/465 3450/39/465
f 3482/40/466 3483/41/466 3425/42/466 3415/43/466
f 3483/41/467 3484/44/467 3424/45/467 3425/42/467
f 3487/46/468 3485/1/468 3423/4/468 3449/47/468
f 3481/48/469 3480/49/469 3434/50/469 3452/51/469
f 3452/51/470 3434/50/470 3435/52/470 3453/53/470
f 3480/49/471 3476/54/471 3433/55/471 3434/50/471
f 3434/50/471 3433/55/471 3496/56/471 3432/57/471 3435/52/471
f 3469/58/472 3468/59/472 3438/60/472 3454/61/472
f 3454/61/473 3438/60/473 3439/62/473 3455/63/473
f 3483/41/474 3482/40/474 3541/40/474 3542/41/474
f 3468/59/475 3464/64/475 3437/65/475 3438/60/475
f 3438/60/476 3437/65/476 3436/66/476 3439/62/476
f 3493/67/477 3492/68/477 3442/69/477 3456/70/477
f 3456/70/478 3442/69/478 3443/71/478 3457/72/478
f 3492/68/479 3488/73/479 3441/74/479 3442/69/479
f 3442/69/480 3441/74/480 3440/75/480 3443/71/480
f 3479/76/481 3481/48/481 3532/48/481 3504/76/481
f 3484/44/482 3483/41/482 3542/41/482 3543/44/482
f 3490/77/483 3491/78/483 3523/78/483 3521/77/483
f 3484/44/484 3487/46/484 3449/47/484 3424/45/484
f 3472/36/485 3475/38/485 3450/39/485 3427/37/485
f 3460/28/486 3463/30/486 3451/31/486 3430/29/486
f 3455/63/487 3439/62/487 3461/9/487 3463/30/487
f 3487/46/488 3484/44/488 3543/44/488 3544/46/488
f 3439/62/489 3436/66/489 3462/10/489 3461/9/489
f 3427/37/490 3450/39/490 3469/58/490 3467/79/490
f 3426/8/491 3418/7/491 3464/64/491 3468/59/491
f 3417/35/492 3428/34/492 3466/80/492 3465/81/492
f 3428/34/493 3427/37/493 3467/79/493 3466/80/493
f 3450/39/494 3426/8/494 3468/59/494 3469/58/494
f 3481/48/495 3452/51/495 3507/51/495 3532/48/495
f 3453/53/496 3435/52/496 3473/5/496 3475/38/496
f 3489/82/497 3490/77/497 3521/77/497 3519/82/497
f 3435/52/471 3432/57/471 3474/6/471 3473/5/471
f 3424/45/498 3449/47/498 3481/48/498 3479/76/498
f 3423/4/499 3416/3/499 3476/54/499 3480/49/499
f 3415/43/500 3425/42/500 3478/83/500 3477/84/500
f 3425/42/501 3424/45/501 3479/76/501 3478/83/501
f 3449/47/502 3423/4/502 3480/49/502 3481/48/502
f 3459/25/503 3458/24/503 3533/24/503 3534/25/503
f 3457/72/504 3443/71/504 3485/1/504 3487/46/504
f 3457/72/505 3487/46/505 3544/46/505 3527/72/505
f 3443/71/506 3440/75/506 3486/2/506 3485/1/506
f 3421/85/507 3448/86/507 3493/67/507 3491/78/507
f 3422/87/508 2165/88/508 3488/73/508 3492/68/508
f 3414/89/509 3420/90/509 3490/77/509 3489/82/509
f 3420/90/510 3421/85/510 3491/78/510 3490/77/510
f 3448/86/511 3422/87/511 3492/68/511 3493/67/511
f 3445/91/512 3494/20/512 3495/92/512 3444/93/512
f 3495/92/513 3494/20/513 3446/19/513 3447/94/513
f 3496/21/514 3494/20/514 3445/91/514 1417/95/514 3462/96/514 3436/97/514 3437/98/514 3464/99/514 3418/100/514 3474/101/514 3432/102/514
f 3502/83/515 3504/76/515 3505/103/515 3503/104/515
f 3501/84/516 3502/83/516 3503/104/516 3497/105/516
f 3511/80/517 3513/79/517 3514/106/517 3512/107/517
f 3510/81/518 3511/80/518 3512/107/518 3499/108/518
f 3521/77/519 3523/78/519 3524/109/519 3522/110/519
f 3519/82/520 3521/77/520 3522/110/520 3520/111/520
f 3524/109/521 3526/70/521 3527/72/521 3525/112/521
f 3523/78/522 3530/67/522 3526/70/522 3524/109/522
f 3514/106/523 3516/61/523 3517/63/523 3515/113/523
f 3513/79/524 3531/58/524 3516/61/524 3514/106/524
f 3505/103/525 3507/51/525 3508/53/525 3506/114/525
f 3504/76/526 3532/48/526 3507/51/526 3505/103/526
f 3515/113/527 3517/63/527 3536/30/527 3535/28/527
f 3518/115/528 3515/113/528 3535/28/528 3534/25/528
f 3498/116/529 3518/115/529 3534/25/529 3533/24/529
f 3506/114/530 3508/53/530 3540/38/530 3539/36/530
f 3509/117/531 3506/114/531 3539/36/531 3538/33/531
f 3500/118/532 3509/117/532 3538/33/532 3537/32/532
f 3525/112/533 3527/72/533 3544/46/533 3543/44/533
f 3528/119/534 3525/112/534 3543/44/534 3542/41/534
f 3529/120/535 3528/119/535 3542/41/535 3541/40/535
f 3453/53/536 3475/38/536 3540/38/536 3508/53/536
f 3477/84/537 3478/83/537 3502/83/537 3501/84/537
f 3475/38/538 3472/36/538 3539/36/538 3540/38/538
f 3478/83/539 3479/76/539 3504/76/539 3502/83/539
f 3472/36/540 3471/33/540 3538/33/540 3539/36/540
f 3467/79/541 3469/58/541 3531/58/541 3513/79/541
f 3471/33/542 3470/32/542 3537/32/542 3538/33/542
f 3456/70/543 3457/72/543 3527/72/543 3526/70/543
f 3455/63/544 3463/30/544 3536/30/544 3517/63/544
f 3493/67/545 3456/70/545 3526/70/545 3530/67/545
f 3465/81/546 3466/80/546 3511/80/546 3510/81/546
f 3463/30/547 3460/28/547 3535/28/547 3536/30/547
f 3454/61/548 3455/63/548 3517/63/548 3516/61/548
f 3466/80/549 3467/79/549 3513/79/549 3511/80/549
f 3491/78/550 3493/67/550 3530/67/550 3523/78/550
f 3469/58/551 3454/61/551 3516/61/551 3531/58/551
f 3460/28/552 3459/25/552 3534/25/552 3535/28/552
f 3452/51/553 3453/53/553 3508/53/553 3507/51/553
f 3351/40/554 3482/40/554 3415/43/554 3297/43/554
f 2040/88/555 2165/88/555 3422/87/555 2047/87/555
f 3339/32/556 3470/32/556 3417/35/556 3299/35/556
f 3327/24/557 3458/24/557 3419/27/557 1290/27/557
f 1290/27/558 3419/27/558 3431/26/558 1300/26/558
f 1291/95/559 1417/95/559 3445/91/559 1314/91/559
f 2045/90/560 3420/90/560 3414/89/560 2039/89/560
f 2046/85/561 3421/85/561 3420/90/561 2045/90/561
f 2047/87/562 3422/87/562 3448/86/562 2068/86/562
f 1298/12/563 3429/12/563 1417/11/563 1291/11/563
f 1299/29/564 3430/29/564 3451/31/564 1317/31/564
f 1300/26/565 3431/26/565 3430/29/565 1299/29/565
f 3346/84/566 3477/84/566 3501/84/566 3370/84/566
f 3358/82/567 3489/82/567 3519/82/567 3388/82/567
f 1314/91/568 3445/91/568 3444/93/568 1313/93/568
f 2066/19/569 3446/19/569 2165/18/569 2040/18/569
f 2067/94/570 3447/94/570 3446/19/570 2066/19/570
f 2068/86/571 3448/86/571 3421/85/571 2046/85/571
f 1317/31/572 3451/31/572 3429/12/572 1298/12/572
f 3402/24/573 3533/24/573 3458/24/573 3327/24/573
f 3299/35/574 3417/35/574 3465/81/574 3334/81/574
f 3297/43/575 3415/43/575 3477/84/575 3346/84/575
f 3406/32/576 3537/32/576 3470/32/576 3339/32/576
f 3366/105/577 3497/105/577 3503/104/577 3372/104/577
f 2039/89/578 3414/89/578 3489/82/578 3358/82/578
f 3364/92/579 3495/92/579 3447/94/579 2067/94/579
f 1313/93/580 3444/93/580 3495/92/580 3364/92/580
f 3374/103/182 3505/103/182 3506/114/182 3375/114/182
f 3372/104/581 3503/104/581 3505/103/581 3374/103/581
f 3375/114/582 3506/114/582 3509/117/582 3378/117/582
f 3370/84/583 3501/84/583 3497/105/583 3366/105/583
f 3369/118/584 3500/118/584 3537/32/584 3406/32/584
f 3383/106/182 3514/106/182 3515/113/182 3384/113/182
f 3381/107/585 3512/107/585 3514/106/585 3383/106/585
f 3384/113/586 3515/113/586 3518/115/586 3387/115/586
f 3378/117/587 3509/117/587 3500/118/587 3369/118/587
f 3388/82/588 3519/82/588 3520/111/588 3389/111/588
f 3393/109/182 3524/109/182 3525/112/182 3394/112/182
f 3391/110/589 3522/110/589 3524/109/589 3393/109/589
f 3394/112/590 3525/112/590 3528/119/590 3397/119/590
f 3389/111/591 3520/111/591 3522/110/591 3391/110/591
f 3397/119/592 3528/119/592 3529/120/592 3398/120/592
f 3368/108/593 3499/108/593 3512/107/593 3381/107/593
f 3398/120/594 3529/120/594 3541/40/594 3410/40/594
f 3379/81/595 3510/81/595 3499/108/595 3368/108/595
f 3410/40/596 3541/40/596 3482/40/596 3351/40/596
f 3334/81/597 3465/81/597 3510/81/597 3379/81/597
f 3387/115/598 3518/115/598 3498/116/598 3367/116/598
f 3367/116/599 3498/116/599 3533/24/599 3402/24/599
f 3602/1/202 3549/4/202 3546/3/202 3603/2/202
f 3590/5/203 3552/8/203 3548/7/203 3591/6/203
f 3578/9/204 1041/12/204 1034/11/204 3579/10/204
f 3546/13/4 3593/23/4 3556/22/4 3613/21/4 3611/20/4 2571/19/4 2545/18/4 3605/17/4 3564/16/4 3563/15/4 3603/14/4
f 3575/24/205 1033/27/205 1043/26/205 3576/25/205
f 3576/25/206 1043/26/206 1042/29/206 3577/28/206
f 3580/30/207 1060/31/207 1041/12/207 3578/9/207
f 3587/32/208 3547/35/208 3554/34/208 3588/33/208
f 3588/33/209 3554/34/209 3553/37/209 3589/36/209
f 3592/38/210 3568/39/210 3552/8/210 3590/5/210
f 3599/40/211 3545/43/211 3551/42/211 3600/41/211
f 3600/41/212 3551/42/212 3550/45/212 3601/44/212
f 3604/46/213 3567/47/213 3549/4/213 3602/1/213
f 3598/48/214 3569/51/214 3557/50/214 3597/49/214
f 3569/51/214 3570/53/214 3558/52/214 3557/50/214
f 3597/49/203 3557/50/203 3556/55/203 3593/54/203
f 3557/50/203 3558/52/203 3555/57/203 3613/56/203 3556/55/203
f 3586/58/215 3571/61/215 3561/60/215 3585/59/215
f 3571/61/215 3572/63/215 3562/62/215 3561/60/215
f 3600/41/216 3659/41/216 3658/40/216 3599/40/216
f 3585/59/217 3561/60/217 3560/65/217 3581/64/217
f 3561/60/217 3562/62/217 3559/66/217 3560/65/217
f 3610/67/218 3573/70/218 3565/69/218 3609/68/218
f 3573/70/218 3574/72/218 3566/71/218 3565/69/218
f 3609/68/202 3565/69/202 3564/74/202 3605/73/202
f 3565/69/202 3566/71/202 3563/75/202 3564/74/202
f 3596/76/219 3621/76/219 3649/48/219 3598/48/219
f 3601/44/220 3660/44/220 3659/41/220 3600/41/220
f 3607/77/221 3638/77/221 3640/78/221 3608/78/221
f 3601/44/222 3550/45/222 3567/47/222 3604/46/222
f 3589/36/223 3553/37/223 3568/39/223 3592/38/223
f 3577/28/224 1042/29/224 1060/31/224 3580/30/224
f 3572/63/215 3580/30/215 3578/9/215 3562/62/215
f 3604/46/225 3661/46/225 3660/44/225 3601/44/225
f 3562/62/217 3578/9/217 3579/10/217 3559/66/217
f 3553/37/226 3584/79/226 3586/58/226 3568/39/226
f 3552/8/217 3585/59/217 3581/64/217 3548/7/217
f 3547/35/227 3582/81/227 3583/80/227 3554/34/227
f 3554/34/228 3583/80/228 3584/79/228 3553/37/228
f 3568/39/229 3586/58/229 3585/59/229 3552/8/229
f 3598/48/4 3649/48/4 3624/51/4 3569/51/4
f 3570/53/214 3592/38/214 3590/5/214 3558/52/214
f 3606/82/230 3636/82/230 3638/77/230 3607/77/230
f 3558/52/203 3590/5/203 3591/6/203 3555/57/203
f 3550/45/231 3596/76/231 3598/48/231 3567/47/231
f 3549/4/203 3597/49/203 3593/54/203 3546/3/203
f 3545/43/232 3594/84/232 3595/83/232 3551/42/232
f 3551/42/233 3595/83/233 3596/76/233 3550/45/233
f 3567/47/234 3598/48/234 3597/49/234 3549/4/234
f 3576/25/235 3651/25/235 3650/24/235 3575/24/235
f 3574/72/218 3604/46/218 3602/1/218 3566/71/218
f 3574/72/4 3644/72/4 3661/46/4 3604/46/4
f 3566/71/202 3602/1/202 3603/2/202 3563/75/202
f 2551/85/236 3608/78/236 3610/67/236 2573/86/236
f 2552/87/237 3609/68/237 3605/73/237 2545/88/237
f 2544/89/238 3606/82/238 3607/77/238 2550/90/238
f 2550/90/239 3607/77/239 3608/78/239 2551/85/239
f 2573/86/240 3610/67/240 3609/68/240 2552/87/240
f 1057/91/241 1056/93/241 3612/92/241 3611/20/241
f 3612/92/242 2572/94/242 2571/19/242 3611/20/242
f 3613/21/4 3555/102/4 3591/101/4 3548/100/4 3581/99/4 3560/98/4 3559/97/4 3579/96/4 1034/95/4 1057/91/4 3611/20/4
f 3619/83/243 3620/104/243 3622/103/243 3621/76/243
f 3618/84/243 3614/105/243 3620/104/243 3619/83/243
f 3628/80/244 3629/107/244 3631/106/244 3630/79/244
f 3627/81/244 3616/108/244 3629/107/244 3628/80/244
f 3638/77/245 3639/110/245 3641/109/245 3640/78/245
f 3636/82/245 3637/111/245 3639/110/245 3638/77/245
f 3641/109/245 3642/112/245 3644/72/245 3643/70/245
f 3640/78/245 3641/109/245 3643/70/245 3647/67/245
f 3631/106/244 3632/113/244 3634/63/244 3633/61/244
f 3630/79/244 3631/106/244 3633/61/244 3648/58/244
f 3622/103/243 3623/114/243 3625/53/243 3624/51/243
f 3621/76/243 3622/103/243 3624/51/243 3649/48/243
f 3632/113/244 3652/28/244 3653/30/244 3634/63/244
f 3635/115/244 3651/25/244 3652/28/244 3632/113/244
f 3615/116/244 3650/24/244 3651/25/244 3635/115/244
f 3623/114/243 3656/36/243 3657/38/243 3625/53/243
f 3626/117/243 3655/33/243 3656/36/243 3623/114/243
f 3617/118/243 3654/32/243 3655/33/243 3626/117/243
f 3642/112/245 3660/44/245 3661/46/245 3644/72/245
f 3645/119/245 3659/41/245 3660/44/245 3642/112/245
f 3646/120/245 3658/40/245 3659/41/245 3645/119/245
f 3570/53/4 3625/53/4 3657/38/4 3592/38/4
f 3594/84/246 3618/84/246 3619/83/246 3595/83/246
f 3592/38/247 3657/38/247 3656/36/247 3589/36/247
f 3595/83/248 3619/83/248 3621/76/248 3596/76/248
f 3589/36/249 3656/36/249 3655/33/249 3588/33/249
f 3584/79/250 3630/79/250 3648/58/250 3586/58/250
f 3588/33/251 3655/33/251 3654/32/251 3587/32/251
f 3573/70/4 3643/70/4 3644/72/4 3574/72/4
f 3572/63/4 3634/63/4 3653/30/4 3580/30/4
f 3610/67/4 3647/67/4 3643/70/4 3573/70/4
f 3582/81/252 3627/81/252 3628/80/252 3583/80/252
f 3580/30/253 3653/30/253 3652/28/253 3577/28/253
f 3571/61/4 3633/61/4 3634/63/4 3572/63/4
f 3583/80/254 3628/80/254 3630/79/254 3584/79/254
f 3608/78/255 3640/78/255 3647/67/255 3610/67/255
f 3586/58/4 3648/58/4 3633/61/4 3571/61/4
f 3577/28/256 3652/28/256 3651/25/256 3576/25/256
f 3569/51/4 3624/51/4 3625/53/4 3570/53/4
f 3733/1/257 3734/2/257 3664/3/257 3671/4/257
f 3721/5/258 3722/6/258 3666/7/258 3674/8/258
f 3709/9/259 3710/10/259 1160/11/259 3677/12/259
f 3664/13/260 3734/14/260 3688/15/260 3689/16/260 3736/17/260 2670/18/260 3694/19/260 3742/20/260 3744/21/260 3681/22/260 3724/23/260
f 3706/24/261 3707/25/261 3679/26/261 3667/27/261
f 3707/25/262 3708/28/262 3678/29/262 3679/26/262
f 3711/30/263 3709/9/263 3677/12/263 3699/31/263
f 3718/32/264 3719/33/264 3676/34/264 3665/35/264
f 3719/33/265 3720/36/265 3675/37/265 3676/34/265
f 3723/38/266 3721/5/266 3674/8/266 3698/39/266
f 3730/40/267 3731/41/267 3673/42/267 3663/43/267
f 3731/41/268 3732/44/268 3672/45/268 3673/42/268
f 3735/46/269 3733/1/269 3671/4/269 3697/47/269
f 3729/48/270 3728/49/270 3682/50/270 3700/51/270
f 3700/51/271 3682/50/271 3683/52/271 3701/53/271
f 3728/49/272 3724/54/272 3681/55/272 3682/50/272
f 3682/50/272 3681/55/272 3744/56/272 3680/57/272 3683/52/272
f 3717/58/273 3716/59/273 3686/60/273 3702/61/273
f 3702/61/274 3686/60/274 3687/62/274 3703/63/274
f 3731/41/275 3730/40/275 3789/40/275 3790/41/275
f 3716/59/276 3712/64/276 3685/65/276 3686/60/276
f 3686/60/277 3685/65/277 3684/66/277 3687/62/277
f 3741/67/278 3740/68/278 3690/69/278 3704/70/278
f 3704/70/279 3690/69/279 3691/71/279 3705/72/279
f 3740/68/280 3736/73/280 3689/74/280 3690/69/280
f 3690/69/281 3689/74/281 3688/75/281 3691/71/281
f 3727/76/282 3729/48/282 3780/48/282 3752/76/282
f 3732/44/283 3731/41/283 3790/41/283 3791/44/283
f 3738/77/284 3739/78/284 3771/78/284 3769/77/284
f 3732/44/285 3735/46/285 3697/47/285 3672/45/285
f 3720/36/286 3723/38/286 3698/39/286 3675/37/286
f 3708/28/287 3711/30/287 3699/31/287 3678/29/287
f 3703/63/288 3687/62/288 3709/9/288 3711/30/288
f 3735/46/289 3732/44/289 3791/44/289 3792/46/289
f 3687/62/290 3684/66/290 3710/10/290 3709/9/290
f 3675/37/291 3698/39/291 3717/58/291 3715/79/291
f 3674/8/292 3666/7/292 3712/64/292 3716/59/292
f 3665/35/293 3676/34/293 3714/80/293 3713/81/293
f 3676/34/294 3675/37/294 3715/79/294 3714/80/294
f 3698/39/295 3674/8/295 3716/59/295 3717/58/295
f 3729/48/296 3700/51/296 3755/51/296 3780/48/296
f 3701/53/297 3683/52/297 3721/5/297 3723/38/297
f 3737/82/298 3738/77/298 3769/77/298 3767/82/298
f 3683/52/272 3680/57/272 3722/6/272 3721/5/272
f 3672/45/299 3697/47/299 3729/48/299 3727/76/299
f 3671/4/300 3664/3/300 3724/54/300 3728/49/300
f 3663/43/301 3673/42/301 3726/83/301 3725/84/301
f 3673/42/302 3672/45/302 3727/76/302 3726/83/302
f 3697/47/303 3671/4/303 3728/49/303 3729/48/303
f 3707/25/304 3706/24/304 3781/24/304 3782/25/304
f 3705/72/305 3691/71/305 3733/1/305 3735/46/305
f 3705/72/306 3735/46/306 3792/46/306 3775/72/306
f 3691/71/307 3688/75/307 3734/2/307 3733/1/307
f 3669/85/308 3696/86/308 3741/67/308 3739/78/308
f 3670/87/309 2670/88/309 3736/73/309 3740/68/309
f 3662/89/310 3668/90/310 3738/77/310 3737/82/310
f 3668/90/311 3669/85/311 3739/78/311 3738/77/311
f 3696/86/312 3670/87/312 3740/68/312 3741/67/312
f 3693/91/313 3742/20/313 3743/92/313 3692/93/313
f 3743/92/314 3742/20/314 3694/19/314 3695/94/314
f 3744/21/315 3742/20/315 3693/91/315 1160/95/315 3710/96/315 3684/97/315 3685/98/315 3712/99/315 3666/100/315 3722/101/315 3680/102/315
f 3750/83/316 3752/76/316 3753/103/316 3751/104/316
f 3749/84/317 3750/83/317 3751/104/317 3745/105/317
f 3759/80/318 3761/79/318 3762/106/318 3760/107/318
f 3758/81/319 3759/80/319 3760/107/319 3747/108/319
f 3769/77/320 3771/78/320 3772/109/320 3770/110/320
f 3767/82/321 3769/77/321 3770/110/321 3768/111/321
f 3772/109/322 3774/70/322 3775/72/322 3773/112/322
f 3771/78/323 3778/67/323 3774/70/323 3772/109/323
f 3762/106/324 3764/61/324 3765/63/324 3763/113/324
f 3761/79/325 3779/58/325 3764/61/325 3762/106/325
f 3753/103/326 3755/51/326 3756/53/326 3754/114/326
f 3752/76/327 3780/48/327 3755/51/327 3753/103/327
f 3763/113/328 3765/63/328 3784/30/328 3783/28/328
f 3766/115/329 3763/113/329 3783/28/329 3782/25/329
f 3746/116/330 3766/115/330 3782/25/330 3781/24/330
f 3754/114/331 3756/53/331 3788/38/331 3787/36/331
f 3757/117/332 3754/114/332 3787/36/332 3786/33/332
f 3748/118/333 3757/117/333 3786/33/333 3785/32/333
f 3773/112/334 3775/72/334 3792/46/334 3791/44/334
f 3776/119/335 3773/112/335 3791/44/335 3790/41/335
f 3777/120/336 3776/119/336 3790/41/336 3789/40/336
f 3701/53/337 3723/38/337 3788/38/337 3756/53/337
f 3725/84/338 3726/83/338 3750/83/338 3749/84/338
f 3723/38/339 3720/36/339 3787/36/339 3788/38/339
f 3726/83/340 3727/76/340 3752/76/340 3750/83/340
f 3720/36/341 3719/33/341 3786/33/341 3787/36/341
f 3715/79/342 3717/58/342 3779/58/342 3761/79/342
f 3719/33/343 3718/32/343 3785/32/343 3786/33/343
f 3704/70/344 3705/72/344 3775/72/344 3774/70/344
f 3703/63/345 3711/30/345 3784/30/345 3765/63/345
f 3741/67/346 3704/70/346 3774/70/346 3778/67/346
f 3713/81/347 3714/80/347 3759/80/347 3758/81/347
f 3711/30/348 3708/28/348 3783/28/348 3784/30/348
f 3702/61/349 3703/63/349 3765/63/349 3764/61/349
f 3714/80/350 3715/79/350 3761/79/350 3759/80/350
f 3739/78/351 3741/67/351 3778/67/351 3771/78/351
f 3717/58/352 3702/61/352 3764/61/352 3779/58/352
f 3708/28/353 3707/25/353 3782/25/353 3783/28/353
f 3700/51/354 3701/53/354 3756/53/354 3755/51/354
f 3599/40/355 3730/40/355 3663/43/355 3545/43/355
f 2545/88/356 2670/88/356 3670/87/356 2552/87/356
f 3587/32/357 3718/32/357 3665/35/357 3547/35/357
f 3575/24/358 3706/24/358 3667/27/358 1033/27/358
f 1033/27/359 3667/27/359 3679/26/359 1043/26/359
f 1034/95/360 1160/95/360 3693/91/360 1057/91/360
f 2550/90/361 3668/90/361 3662/89/361 2544/89/361
f 2551/85/362 3669/85/362 3668/90/362 2550/90/362
f 2552/87/363 3670/87/363 3696/86/363 2573/86/363
f 1041/12/364 3677/12/364 1160/11/364 1034/11/364
f 1042/29/365 3678/29/365 3699/31/365 1060/31/365
f 1043/26/366 3679/26/366 3678/29/366 1042/29/366
f 3594/84/367 3725/84/367 3749/84/367 3618/84/367
f 3606/82/368 3737/82/368 3767/82/368 3636/82/368
f 1057/91/369 3693/91/369 3692/93/369 1056/93/369
f 2571/19/370 3694/19/370 2670/18/370 2545/18/370
f 2572/94/371 3695/94/371 3694/19/371 2571/19/371
f 2573/86/372 3696/86/372 3669/85/372 2551/85/372
f 1060/31/373 3699/31/373 3677/12/373 1041/12/373
f 3650/24/374 3781/24/374 3706/24/374 3575/24/374
f 3547/35/375 3665/35/375 3713/81/375 3582/81/375
f 3545/43/376 3663/43/376 3725/84/376 3594/84/376
f 3654/32/377 3785/32/377 3718/32/377 3587/32/377
f 3614/105/378 3745/105/378 3751/104/378 3620/104/378
f 2544/89/379 3662/89/379 3737/82/379 3606/82/379
f 3612/92/380 3743/92/380 3695/94/380 2572/94/380
f 1056/93/381 3692/93/381 3743/92/381 3612/92/381
f 3622/103/182 3753/103/182 3754/114/182 3623/114/182
f 3620/104/382 3751/104/382 3753/103/382 3622/103/382
f 3623/114/383 3754/114/383 3757/117/383 3626/117/383
f 3618/84/384 3749/84/384 3745/105/384 3614/105/384
f 3617/118/385 3748/118/385 3785/32/385 3654/32/385
f 3631/106/182 3762/106/182 3763/113/182 3632/113/182
f 3629/107/386 3760/107/386 3762/106/386 3631/106/386
f 3632/113/387 3763/113/387 3766/115/387 3635/115/387
f 3626/117/388 3757/117/388 3748/118/388 3617/118/388
f 3636/82/389 3767/82/389 3768/111/389 3637/111/389
f 3641/109/182 3772/109/182 3773/112/182 3642/112/182
f 3639/110/390 3770/110/390 3772/109/390 3641/109/390
f 3642/112/391 3773/112/391 3776/119/391 3645/119/391
f 3637/111/392 3768/111/392 3770/110/392 3639/110/392
f 3645/119/393 3776/119/393 3777/120/393 3646/120/393
f 3616/108/394 3747/108/394 3760/107/394 3629/107/394
f 3646/120/395 3777/120/395 3789/40/395 3658/40/395
f 3627/81/396 3758/81/396 3747/108/396 3616/108/396
f 3658/40/397 3789/40/397 3730/40/397 3599/40/397
f 3582/81/398 3713/81/398 3758/81/398 3627/81/398
f 3635/115/399 3766/115/399 3746/116/399 3615/116/399
f 3615/116/400 3746/116/400 3781/24/400 3650/24/400
f 3850/1/1 3851/2/1 3794/3/1 3797/4/1
f 3838/5/2 3839/6/2 3796/7/2 3800/8/2
f 3826/9/3 3827/10/3 1291/11/3 1298/12/3
f 3794/13/4 3851/14/4 3811/15/4 3812/16/4 3853/17/4 2545/18/4 2571/19/4 3859/20/4 3861/21/4 3804/22/4 3841/23/4
f 3823/24/5 3824/25/5 1300/26/5 1290/27/5
f 3824/25/6 3825/28/6 1299/29/6 1300/26/6
f 3828/30/7 3826/9/7 1298/12/7 1317/31/7
f 3835/32/8 3836/33/8 3802/34/8 3795/35/8
f 3836/33/9 3837/36/9 3801/37/9 3802/34/9
f 3840/38/10 3838/5/10 3800/8/10 3816/39/10
f 3847/40/11 3848/41/11 3799/42/11 3793/43/11
f 3848/41/12 3849/44/12 3798/45/12 3799/42/12
f 3852/46/13 3850/1/13 3797/4/13 3815/47/13
f 3846/48/14 3845/49/14 3805/50/14 3817/51/14
f 3817/51/14 3805/50/14 3806/52/14 3818/53/14
f 3845/49/2 3841/54/2 3804/55/2 3805/50/2
f 3805/50/2 3804/55/2 3861/56/2 3803/57/2 3806/52/2
f 3834/58/15 3833/59/15 3809/60/15 3819/61/15
f 3819/61/15 3809/60/15 3810/62/15 3820/63/15
f 3848/41/16 3847/40/16 3906/40/16 3907/41/16
f 3833/59/17 3829/64/17 3808/65/17 3809/60/17
f 3809/60/17 3808/65/17 3807/66/17 3810/62/17
f 3858/67/18 3857/68/18 3813/69/18 3821/70/18
f 3821/70/18 3813/69/18 3814/71/18 3822/72/18
f 3857/68/1 3853/73/1 3812/74/1 3813/69/1
f 3813/69/1 3812/74/1 3811/75/1 3814/71/1
f 3844/76/19 3846/48/19 3897/48/19 3869/76/19
f 3849/44/20 3848/41/20 3907/41/20 3908/44/20
f 3855/77/21 3856/78/21 3888/78/21 3886/77/21
f 3849/44/22 3852/46/22 3815/47/22 3798/45/22
f 3837/36/23 3840/38/23 3816/39/23 3801/37/23
f 3825/28/24 3828/30/24 1317/31/24 1299/29/24
f 3820/63/15 3810/62/15 3826/9/15 3828/30/15
f 3852/46/25 3849/44/25 3908/44/25 3909/46/25
f 3810/62/17 3807/66/17 3827/10/17 3826/9/17
f 3801/37/26 3816/39/26 3834/58/26 3832/79/26
f 3800/8/17 3796/7/17 3829/64/17 3833/59/17
f 3795/35/27 3802/34/27 3831/80/27 3830/81/27
f 3802/34/28 3801/37/28 3832/79/28 3831/80/28
f 3816/39/29 3800/8/29 3833/59/29 3834/58/29
f 3846/48/4 3817/51/4 3872/51/4 3897/48/4
f 3818/53/14 3806/52/14 3838/5/14 3840/38/14
f 3854/82/30 3855/77/30 3886/77/30 3884/82/30
f 3806/52/2 3803/57/2 3839/6/2 3838/5/2
f 3798/45/31 3815/47/31 3846/48/31 3844/76/31
f 3797/4/2 3794/3/2 3841/54/2 3845/49/2
f 3793/43/32 3799/42/32 3843/83/32 3842/84/32
f 3799/42/33 3798/45/33 3844/76/33 3843/83/33
f 3815/47/34 3797/4/34 3845/49/34 3846/48/34
f 3824/25/35 3823/24/35 3898/24/35 3899/25/35
f 3822/72/18 3814/71/18 3850/1/18 3852/46/18
f 3822/72/4 3852/46/4 3909/46/4 3892/72/4
f 3814/71/1 3811/75/1 3851/2/1 3850/1/1
f 2551/85/36 2573/86/36 3858/67/36 3856/78/36
f 2552/87/37 2545/88/37 3853/73/37 3857/68/37
f 2544/89/38 2550/90/38 3855/77/38 3854/82/38
f 2550/90/39 2551/85/39 3856/78/39 3855/77/39
f 2573/86/40 2552/87/40 3857/68/40 3858/67/40
f 1314/91/41 3859/20/41 3860/92/41 1313/93/41
f 3860/92/42 3859/20/42 2571/19/42 2572/94/42
f 3861/21/4 3859/20/4 1314/91/4 1291/95/4 3827/96/4 3807/97/4 3808/98/4 3829/99/4 3796/100/4 3839/101/4 3803/102/4
f 3867/83/43 3869/76/43 3870/103/43 3868/104/43
f 3866/84/43 3867/83/43 3868/104/43 3862/105/43
f 3876/80/44 3878/79/44 3879/106/44 3877/107/44
f 3875/81/44 3876/80/44 3877/107/44 3864/108/44
f 3886/77/45 3888/78/45 3889/109/45 3887/110/45
f 3884/82/45 3886/77/45 3887/110/45 3885/111/45
f 3889/109/45 3891/70/45 3892/72/45 3890/112/45
f 3888/78/45 3895/67/45 3891/70/45 3889/109/45
f 3879/106/44 3881/61/44 3882/63/44 3880/113/44
f 3878/79/44 3896/58/44 3881/61/44 3879/106/44
f 3870/103/43 3872/51/43 3873/53/43 3871/114/43
f 3869/76/43 3897/48/43 3872/51/43 3870/103/43
f 3880/113/44 3882/63/44 3901/30/44 3900/28/44
f 3883/115/44 3880/113/44 3900/28/44 3899/25/44
f 3863/116/44 3883/115/44 3899/25/44 3898/24/44
f 3871/114/43 3873/53/43 3905/38/43 3904/36/43
f 3874/117/43 3871/114/43 3904/36/43 3903/33/43
f 3865/118/43 3874/117/43 3903/33/43 3902/32/43
f 3890/112/45 3892/72/45 3909/46/45 3908/44/45
f 3893/119/45 3890/112/45 3908/44/45 3907/41/45
f 3894/120/45 3893/119/45 3907/41/45 3906/40/45
f 3818/53/4 3840/38/4 3905/38/4 3873/53/4
f 3842/84/46 3843/83/46 3867/83/46 3866/84/46
f 3840/38/47 3837/36/47 3904/36/47 3905/38/47
f 3843/83/48 3844/76/48 3869/76/48 3867/83/48
f 3837/36/49 3836/33/49 3903/33/49 3904/36/49
f 3832/79/50 3834/58/50 3896/58/50 3878/79/50
f 3836/33/51 3835/32/51 3902/32/51 3903/33/51
f 3821/70/4 3822/72/4 3892/72/4 3891/70/4
f 3820/63/4 3828/30/4 3901/30/4 3882/63/4
f 3858/67/4 3821/70/4 3891/70/4 3895/67/4
f 3830/81/52 3831/80/52 3876/80/52 3875/81/52
f 3828/30/53 3825/28/53 3900/28/53 3901/30/53
f 3819/61/4 3820/63/4 3882/63/4 3881/61/4
f 3831/80/54 3832/79/54 3878/79/54 3876/80/54
f 3856/78/55 3858/67/55 3895/67/55 3888/78/55
f 3834/58/4 3819/61/4 3881/61/4 3896/58/4
f 3825/28/56 3824/25/56 3899/25/56 3900/28/56
f 3817/51/4 3818/53/4 3873/53/4 3872/51/4
f 3981/1/57 3919/4/57 3912/3/57 3982/2/57
f 3969/5/58 3922/8/58 3914/7/58 3970/6/58
f 3957/9/59 3925/12/59 1417/11/59 3958/10/59
f 3912/13/60 3972/23/60 3929/22/60 3992/21/60 3990/20/60 3942/19/60 2670/18/60 3984/17/60 3937/16/60 3936/15/60 3982/14/60
f 3954/24/61 3915/27/61 3927/26/61 3955/25/61
f 3955/25/62 3927/26/62 3926/29/62 3956/28/62
f 3959/30/63 3947/31/63 3925/12/63 3957/9/63
f 3966/32/64 3913/35/64 3924/34/64 3967/33/64
f 3967/33/65 3924/34/65 3923/37/65 3968/36/65
f 3971/38/66 3946/39/66 3922/8/66 3969/5/66
f 3978/40/67 3911/43/67 3921/42/67 3979/41/67
f 3979/41/68 3921/42/68 3920/45/68 3980/44/68
f 3983/46/69 3945/47/69 3919/4/69 3981/1/69
f 3977/48/70 3948/51/70 3930/50/70 3976/49/70
f 3948/51/71 3949/53/71 3931/52/71 3930/50/71
f 3976/49/72 3930/50/72 3929/55/72 3972/54/72
f 3930/50/72 3931/52/72 3928/57/72 3992/56/72 3929/55/72
f 3965/58/73 3950/61/73 3934/60/73 3964/59/73
f 3950/61/74 3951/63/74 3935/62/74 3934/60/74
f 3979/41/75 4038/41/75 4037/40/75 3978/40/75
f 3964/59/76 3934/60/76 3933/65/76 3960/64/76
f 3934/60/77 3935/62/77 3932/66/77 3933/65/77
f 3989/67/78 3952/70/78 3938/69/78 3988/68/78
f 3952/70/79 3953/72/79 3939/71/79 3938/69/79
f 3988/68/80 3938/69/80 3937/74/80 3984/73/80
f 3938/69/81 3939/71/81 3936/75/81 3937/74/81
f 3975/76/82 4000/76/82 4028/48/82 3977/48/82
f 3980/44/83 4039/44/83 4038/41/83 3979/41/83
f 3986/77/84 4017/77/84 4019/78/84 3987/78/84
f 3980/44/85 3920/45/85 3945/47/85 3983/46/85
f 3968/36/86 3923/37/86 3946/39/86 3971/38/86
f 3956/28/87 3926/29/87 3947/31/87 3959/30/87
f 3951/63/88 3959/30/88 3957/9/88 3935/62/88
f 3983/46/89 4040/46/89 4039/44/89 3980/44/89
f 3935/62/90 3957/9/90 3958/10/90 3932/66/90
f 3923/37/91 3963/79/91 3965/58/91 3946/39/91
f 3922/8/92 3964/59/92 3960/64/92 3914/7/92
f 3913/35/93 3961/81/93 3962/80/93 3924/34/93
f 3924/34/94 3962/80/94 3963/79/94 3923/37/94
f 3946/39/95 3965/58/95 3964/59/95 3922/8/95
f 3977/48/96 4028/48/96 4003/51/96 3948/51/96
f 3949/53/97 3971/38/97 3969/5/97 3931/52/97
f 3985/82/98 4015/82/98 4017/77/98 3986/77/98
f 3931/52/72 3969/5/72 3970/6/72 3928/57/72
f 3920/45/99 3975/76/99 3977/48/99 3945/47/99
f 3919/4/100 3976/49/100 3972/54/100 3912/3/100
f 3911/43/101 3973/84/101 3974/83/101 3921/42/101
f 3921/42/102 3974/83/102 3975/76/102 3920/45/102
f 3945/47/103 3977/48/103 3976/49/103 3919/4/103
f 3955/25/104 4030/25/104 4029/24/104 3954/24/104
f 3953/72/105 3983/46/105 3981/1/105 3939/71/105
f 3953/72/106 4023/72/106 4040/46/106 3983/46/106
f 3939/71/107 3981/1/107 3982/2/107 3936/75/107
f 3917/85/108 3987/78/108 3989/67/108 3944/86/108
f 3918/87/109 3988/68/109 3984/73/109 2670/88/109
f 3910/89/110 3985/82/110 3986/77/110 3916/90/110
f 3916/90/111 3986/77/111 3987/78/111 3917/85/111
f 3944/86/112 3989/67/112 3988/68/112 3918/87/112
f 3941/91/113 3940/93/113 3991/92/113 3990/20/113
f 3991/92/114 3943/94/114 3942/19/114 3990/20/114
f 3992/21/115 3928/102/115 3970/101/115 3914/100/115 3960/99/115 3933/98/115 3932/97/115 3958/96/115 1417/95/115 3941/91/115 3990/20/115
f 3998/83/116 3999/104/116 4001/103/116 4000/76/116
f 3997/84/117 3993/105/117 3999/104/117 3998/83/117
f 4007/80/118 4008/107/118 4010/106/118 4009/79/118
f 4006/81/119 3995/108/119 4008/107/119 4007/80/119
f 4017/77/120 4018/110/120 4020/109/120 4019/78/120
f 4015/82/121 4016/111/121 4018/110/121 4017/77/121
f 4020/109/122 4021/112/122 4023/72/122 4022/70/122
f 4019/78/123 4020/109/123 4022/70/123 4026/67/123
f 4010/106/124 4011/113/124 4013/63/124 4012/61/124
f 4009/79/125 4010/106/125 4012/61/125 4027/58/125
f 4001/103/126 4002/114/126 4004/53/126 4003/51/126
f 4000/76/127 4001/103/127 4003/51/127 4028/48/127
f 4011/113/128 4031/28/128 4032/30/128 4013/63/128
f 4014/115/129 4030/25/129 4031/28/129 4011/113/129
f 3994/116/130 4029/24/130 4030/25/130 4014/115/130
f 4002/114/131 4035/36/131 4036/38/131 4004/53/131
f 4005/117/132 4034/33/132 4035/36/132 4002/114/132
f 3996/118/133 4033/32/133 4034/33/133 4005/117/133
f 4021/112/134 4039/44/134 4040/46/134 4023/72/134
f 4024/119/135 4038/41/135 4039/44/135 4021/112/135
f 4025/120/136 4037/40/136 4038/41/136 4024/119/136
f 3949/53/137 4004/53/137 4036/38/137 3971/38/137
f 3973/84/138 3997/84/138 3998/83/138 3974/83/138
f 3971/38/139 4036/38/139 4035/36/139 3968/36/139
f 3974/83/140 3998/83/140 4000/76/140 3975/76/140
f 3968/36/141 4035/36/141 4034/33/141 3967/33/141
f 3963/79/142 4009/79/142 4027/58/142 3965/58/142
f 3967/33/143 4034/33/143 4033/32/143 3966/32/143
f 3952/70/144 4022/70/144 4023/72/144 3953/72/144
f 3951/63/145 4013/63/145 4032/30/145 3959/30/145
f 3989/67/146 4026/67/146 4022/70/146 3952/70/146
f 3961/81/147 4006/81/147 4007/80/147 3962/80/147
f 3959/30/148 4032/30/148 4031/28/148 3956/28/148
f 3950/61/149 4012/61/149 4013/63/149 3951/63/149
f 3962/80/150 4007/80/150 4009/79/150 3963/79/150
f 3987/78/151 4019/78/151 4026/67/151 3989/67/151
f 3965/58/152 4027/58/152 4012/61/152 3950/61/152
f 3956/28/153 4031/28/153 4030/25/153 3955/25/153
f 3948/51/154 4003/51/154 4004/53/154 3949/53/154
f 3847/40/155 3793/43/155 3911/43/155 3978/40/155
f 2545/88/156 2552/87/156 3918/87/156 2670/88/156
f 3835/32/157 3795/35/157 3913/35/157 3966/32/157
f 3823/24/158 1290/27/158 3915/27/158 3954/24/158
f 1290/27/159 1300/26/159 3927/26/159 3915/27/159
f 1291/95/160 1314/91/160 3941/91/160 1417/95/160
f 2550/90/161 2544/89/161 3910/89/161 3916/90/161
f 2551/85/162 2550/90/162 3916/90/162 3917/85/162
f 2552/87/163 2573/86/163 3944/86/163 3918/87/163
f 1298/12/164 1291/11/164 1417/11/164 3925/12/164
f 1299/29/165 1317/31/165 3947/31/165 3926/29/165
f 1300/26/166 1299/29/166 3926/29/166 3927/26/166
f 3842/84/167 3866/84/167 3997/84/167 3973/84/167
f 3854/82/168 3884/82/168 4015/82/168 3985/82/168
f 1314/91/169 1313/93/169 3940/93/169 3941/91/169
f 2571/19/170 2545/18/170 2670/18/170 3942/19/170
f 2572/94/171 2571/19/171 3942/19/171 3943/94/171
f 2573/86/172 2551/85/172 3917/85/172 3944/86/172
f 1317/31/173 1298/12/173 3925/12/173 3947/31/173
f 3898/24/174 3823/24/174 3954/24/174 4029/24/174
f 3795/35/175 3830/81/175 3961/81/175 3913/35/175
f 3793/43/176 3842/84/176 3973/84/176 3911/43/176
f 3902/32/177 3835/32/177 3966/32/177 4033/32/177
f 3862/105/178 3868/104/178 3999/104/178 3993/105/178
f 2544/89/179 3854/82/179 3985/82/179 3910/89/179
f 3860/92/180 2572/94/180 3943/94/180 3991/92/180
f 1313/93/181 3860/92/181 3991/92/181 3940/93/181
f 3870/103/182 3871/114/182 4002/114/182 4001/103/182
f 3868/104/183 3870/103/183 4001/103/183 3999/104/183
f 3871/114/184 3874/117/184 4005/117/184 4002/114/184
f 3866/84/185 3862/105/185 3993/105/185 3997/84/185
f 3865/118/186 3902/32/186 4033/32/186 3996/118/186
f 3879/106/182 3880/113/182 4011/113/182 4010/106/182
f 3877/107/187 3879/106/187 4010/106/187 4008/107/187
f 3880/113/188 3883/115/188 4014/115/188 4011/113/188
f 3874/117/189 3865/118/189 3996/118/189 4005/117/189
f 3884/82/190 3885/111/190 4016/111/190 4015/82/190
f 3889/109/182 3890/112/182 4021/112/182 4020/109/182
f 3887/110/191 3889/109/191 4020/109/191 4018/110/191
f 3890/112/192 3893/119/192 4024/119/192 4021/112/192
f 3885/111/193 3887/110/193 4018/110/193 4016/111/193
f 3893/119/194 3894/120/194 4025/120/194 4024/119/194
f 3864/108/195 3877/107/195 4008/107/195 3995/108/195
f 3894/120/196 3906/40/196 4037/40/196 4025/120/196
f 3875/81/197 3864/108/197 3995/108/197 4006/81/197
f 3906/40/198 3847/40/198 3978/40/198 4037/40/198
f 3830/81/199 3875/81/199 4006/81/199 3961/81/199
f 3883/115/200 3863/116/200 3994/116/200 4014/115/200
f 3863/116/201 3898/24/201 4029/24/201 3994/116/201
f 4114/1/799 4052/4/799 4044/3/799 4115/2/799
f 4102/5/800 4055/8/800 4046/7/800 4103/6/800
f 4090/9/801 4058/12/801 4048/11/801 4091/10/801
f 4044/13/802 4105/23/802 4062/22/802 4125/21/802 4123/20/802 4075/19/802 4042/18/802 4117/17/802 4070/16/802 4069/15/802 4115/14/802
f 4087/24/803 4047/27/803 4060/26/803 4088/25/803
f 4088/25/804 4060/26/804 4059/29/804 4089/28/804
f 4092/30/805 4080/31/805 4058/12/805 4090/9/805
f 4099/32/806 4045/35/806 4057/34/806 4100/33/806
f 4100/33/807 4057/34/807 4056/37/807 4101/36/807
f 4104/38/808 4079/39/808 4055/8/808 4102/5/808
f 4111/40/809 4043/43/809 4054/42/809 4112/41/809
f 4112/41/810 4054/42/810 4053/45/810 4113/44/810
f 4116/46/811 4078/47/811 4052/4/811 4114/1/811
f 4110/48/812 4081/51/812 4063/50/812 4109/49/812
f 4081/51/813 4082/53/813 4064/52/813 4063/50/813
f 4109/49/814 4063/50/814 4062/55/814 4105/54/814
f 4063/50/815 4064/52/815 4061/57/815 4125/56/815 4062/55/815
f 4098/58/816 4083/61/816 4067/60/816 4097/59/816
f 4083/61/817 4084/63/817 4068/62/817 4067/60/817
f 4112/41/818 4171/41/818 4170/40/818 4111/40/818
f 4097/59/819 4067/60/819 4066/65/819 4093/64/819
f 4067/60/820 4068/62/820 4065/66/820 4066/65/820
f 4122/67/821 4085/70/821 4071/69/821 4121/68/821
f 4085/70/822 4086/72/822 4072/71/822 4071/69/822
f 4121/68/823 4071/69/823 4070/74/823 4117/73/823
f 4071/69/824 4072/71/824 4069/75/824 4070/74/824
f 4108/76/825 4133/76/825 4161/48/825 4110/48/825
f 4113/44/826 4172/44/826 4171/41/826 4112/41/826
f 4119/77/827 4150/77/827 4152/78/827 4120/78/827
f 4113/44/828 4053/45/828 4078/47/828 4116/46/828
f 4101/36/829 4056/37/829 4079/39/829 4104/38/829
f 4089/28/830 4059/29/830 4080/31/830 4092/30/830
f 4084/63/831 4092/30/831 4090/9/831 4068/62/831
f 4116/46/832 4173/46/832 4172/44/832 4113/44/832
f 4068/62/833 4090/9/833 4091/10/833 4065/66/833
f 4056/37/834 4096/79/834 4098/58/834 4079/39/834
f 4055/8/835 4097/59/835 4093/64/835 4046/7/835
f 4045/35/836 4094/81/836 4095/80/836 4057/34/836
f 4057/34/837 4095/80/837 4096/79/837 4056/37/837
f 4079/39/838 4098/58/838 4097/59/838 4055/8/838
f 4110/48/839 4161/48/839 4136/51/839 4081/51/839
f 4082/53/840 4104/38/840 4102/5/840 4064/52/840
f 4118/82/841 4148/82/841 4150/77/841 4119/77/841
f 4064/52/842 4102/5/842 4103/6/842 4061/57/842
f 4053/45/843 4108/76/843 4110/48/843 4078/47/843
f 4052/4/844 4109/49/844 4105/54/844 4044/3/844
f 4043/43/845 4106/84/845 4107/83/845 4054/42/845
f 4054/42/846 4107/83/846 4108/76/846 4053/45/846
f 4078/47/847 4110/48/847 4109/49/847 4052/4/847
f 4088/25/848 4163/25/848 4162/24/848 4087/24/848
f 4086/72/849 4116/46/849 4114/1/849 4072/71/849
f 4086/72/850 4156/72/850 4173/46/850 4116/46/850
f 4072/71/851 4114/1/851 4115/2/851 4069/75/851
f 4050/85/852 4120/78/852 4122/67/852 4077/86/852
f 4051/87/853 4121/68/853 4117/73/853 4042/88/853
f 4041/89/854 4118/82/854 4119/77/854 4049/90/854
f 4049/90/855 4119/77/855 4120/78/855 4050/85/855
f 4077/86/856 4122/67/856 4121/68/856 4051/87/856
f 4074/91/857 4073/93/857 4124/92/857 4123/20/857
f 4124/92/858 4076/94/858 4075/19/858 4123/20/858
f 4125/21/859 4061/102/859 4103/101/859 4046/100/859 4093/99/859 4066/98/859 4065/97/859 4091/96/859 4048/95/859 4074/91/859 4123/20/859
f 4131/83/860 4132/104/860 4134/103/860 4133/76/860
f 4130/84/861 4126/105/861 4132/104/861 4131/83/861
f 4140/80/862 4141/107/862 4143/106/862 4142/79/862
f 4139/81/863 4128/108/863 4141/107/863 4140/80/863
f 4150/77/864 4151/110/864 4153/109/864 4152/78/864
f 4148/82/865 4149/111/865 4151/110/865 4150/77/865
f 4153/109/866 4154/112/866 4156/72/866 4155/70/866
f 4152/78/867 4153/109/867 4155/70/867 4159/67/867
f 4143/106/868 4144/113/868 4146/63/868 4145/61/868
f 4142/79/869 4143/106/869 4145/61/869 4160/58/869
f 4134/103/870 4135/114/870 4137/53/870 4136/51/870
f 4133/76/871 4134/103/871 4136/51/871 4161/48/871
f 4144/113/872 4164/28/872 4165/30/872 4146/63/872
f 4147/115/873 4163/25/873 4164/28/873 4144/113/873
f 4127/116/874 4162/24/874 4163/25/874 4147/115/874
f 4135/114/875 4168/36/875 4169/38/875 4137/53/875
f 4138/117/876 4167/33/876 4168/36/876 4135/114/876
f 4129/118/877 4166/32/877 4167/33/877 4138/117/877
f 4154/112/878 4172/44/878 4173/46/878 4156/72/878
f 4157/119/879 4171/41/879 4172/44/879 4154/112/879
f 4158/120/880 4170/40/880 4171/41/880 4157/119/880
f 4082/53/881 4137/53/881 4169/38/881 4104/38/881
f 4106/84/882 4130/84/882 4131/83/882 4107/83/882
f 4104/38/883 4169/38/883 4168/36/883 4101/36/883
f 4107/83/884 4131/83/884 4133/76/884 4108/76/884
f 4101/36/885 4168/36/885 4167/33/885 4100/33/885
f 4096/79/886 4142/79/886 4160/58/886 4098/58/886
f 4100/33/887 4167/33/887 4166/32/887 4099/32/887
f 4085/70/888 4155/70/888 4156/72/888 4086/72/888
f 4084/63/889 4146/63/889 4165/30/889 4092/30/889
f 4122/67/890 4159/67/890 4155/70/890 4085/70/890
f 4094/81/891 4139/81/891 4140/80/891 4095/80/891
f 4092/30/892 4165/30/892 4164/28/892 4089/28/892
f 4083/61/893 4145/61/893 4146/63/893 4084/63/893
f 4095/80/894 4140/80/894 4142/79/894 4096/79/894
f 4120/78/895 4152/78/895 4159/67/895 4122/67/895
f 4098/58/896 4160/58/896 4145/61/896 4083/61/896
f 4089/28/897 4164/28/897 4163/25/897 4088/25/897
f 4081/51/898 4136/51/898 4137/53/898 4082/53/898
f 4247/1/899 4248/2/899 4177/3/899 4185/4/899
f 4235/5/900 4236/6/900 4179/7/900 4188/8/900
f 4223/9/901 4224/10/901 4181/11/901 4191/12/901
f 4177/13/902 4248/14/902 4202/15/902 4203/16/902 4250/17/902 4175/18/902 4208/19/902 4256/20/902 4258/21/902 4195/22/902 4238/23/902
f 4220/24/903 4221/25/903 4193/26/903 4180/27/903
f 4221/25/904 4222/28/904 4192/29/904 4193/26/904
f 4225/30/905 4223/9/905 4191/12/905 4213/31/905
f 4232/32/906 4233/33/906 4190/34/906 4178/35/906
f 4233/33/907 4234/36/907 4189/37/907 4190/34/907
f 4237/38/908 4235/5/908 4188/8/908 4212/39/908
f 4244/40/909 4245/41/909 4187/42/909 4176/43/909
f 4245/41/910 4246/44/910 4186/45/910 4187/42/910
f 4249/46/911 4247/1/911 4185/4/911 4211/47/911
f 4243/48/912 4242/49/912 4196/50/912 4214/51/912
f 4214/51/913 4196/50/913 4197/52/913 4215/53/913
f 4242/49/914 4238/54/914 4195/55/914 4196/50/914
f 4196/50/914 4195/55/914 4258/56/914 4194/57/914 4197/52/914
f 4231/58/915 4230/59/915 4200/60/915 4216/61/915
f 4216/61/916 4200/60/916 4201/62/916 4217/63/916
f 4245/41/917 4244/40/917 4303/40/917 4304/41/917
f 4230/59/918 4226/64/918 4199/65/918 4200/60/918
f 4200/60/919 4199/65/919 4198/66/919 4201/62/919
f 4255/67/920 4254/68/920 4204/69/920 4218/70/920
f 4218/70/921 4204/69/921 4205/71/921 4219/72/921
f 4254/68/922 4250/73/922 4203/74/922 4204/69/922
f 4204/69/923 4203/74/923 4202/75/923 4205/71/923
f 4241/76/924 4243/48/924 4294/48/924 4266/76/924
f 4246/44/925 4245/41/925 4304/41/925 4305/44/925
f 4252/77/926 4253/78/926 4285/78/926 4283/77/926
f 4246/44/927 4249/46/927 4211/47/927 4186/45/927
f 4234/36/928 4237/38/928 4212/39/928 4189/37/928
f 4222/28/929 4225/30/929 4213/31/929 4192/29/929
f 4217/63/930 4201/62/930 4223/9/930 4225/30/930
f 4249/46/931 4246/44/931 4305/44/931 4306/46/931
f 4201/62/932 4198/66/932 4224/10/932 4223/9/932
f 4189/37/933 4212/39/933 4231/58/933 4229/79/933
f 4188/8/934 4179/7/934 4226/64/934 4230/59/934
f 4178/35/935 4190/34/935 4228/80/935 4227/81/935
f 4190/34/936 4189/37/936 4229/79/936 4228/80/936
f 4212/39/937 4188/8/937 4230/59/937 4231/58/937
f 4243/48/938 4214/51/938 4269/51/938 4294/48/938
f 4215/53/939 4197/52/939 4235/5/939 4237/38/939
f 4251/82/940 4252/77/940 4283/77/940 4281/82/940
f 4197/52/914 4194/57/914 4236/6/914 4235/5/914
f 4186/45/941 4211/47/941 4243/48/941 4241/76/941
f 4185/4/942 4177/3/942 4238/54/942 4242/49/942
f 4176/43/943 4187/42/943 4240/83/943 4239/84/943
f 4187/42/944 4186/45/944 4241/76/944 4240/83/944
f 4211/47/945 4185/4/945 4242/49/945 4243/48/945
f 4221/25/946 4220/24/946 4295/24/946 4296/25/946
f 4219/72/947 4205/71/947 4247/1/947 4249/46/947
f 4219/72/948 4249/46/948 4306/46/948 4289/72/948
f 4205/71/949 4202/75/949 4248/2/949 4247/1/949
f 4183/85/950 4210/86/950 4255/67/950 4253/78/950
f 4184/87/951 4175/88/951 4250/73/951 4254/68/951
f 4174/89/952 4182/90/952 4252/77/952 4251/82/952
f 4182/90/953 4183/85/953 4253/78/953 4252/77/953
f 4210/86/954 4184/87/954 4254/68/954 4255/67/954
f 4207/91/955 4256/20/955 4257/92/955 4206/93/955
f 4257/92/956 4256/20/956 4208/19/956 4209/94/956
f 4258/21/957 4256/20/957 4207/91/957 4181/95/957 4224/96/957 4198/97/957 4199/98/957 4226/99/957 4179/100/957 4236/101/957 4194/102/957
f 4264/83/958 4266/76/958 4267/103/958 4265/104/958
f 4263/84/959 4264/83/959 4265/104/959 4259/105/959
f 4273/80/960 4275/79/960 4276/106/960 4274/107/960
f 4272/81/961 4273/80/961 4274/107/961 4261/108/961
f 4283/77/962 4285/78/962 4286/109/962 4284/110/962
f 4281/82/963 4283/77/963 4284/110/963 4282/111/963
f 4286/109/964 4288/70/964 4289/72/964 4287/112/964
f 4285/78/965 4292/67/965 4288/70/965 4286/109/965
f 4276/106/966 4278/61/966 4279/63/966 4277/113/966
f 4275/79/967 4293/58/967 4278/61/967 4276/106/967
f 4267/103/968 4269/51/968 4270/53/968 4268/114/968
f 4266/76/969 4294/48/969 4269/51/969 4267/103/969
f 4277/113/970 4279/63/970 4298/30/970 4297/28/970
f 4280/115/971 4277/113/971 4297/28/971 4296/25/971
f 4260/116/972 4280/115/972 4296/25/972 4295/24/972
f 4268/114/973 4270/53/973 4302/38/973 4301/36/973
f 4271/117/974 4268/114/974 4301/36/974 4300/33/974
f 4262/118/975 4271/117/975 4300/33/975 4299/32/975
f 4287/112/976 4289/72/976 4306/46/976 4305/44/976
f 4290/119/977 4287/112/977 4305/44/977 4304/41/977
f 4291/120/978 4290/119/978 4304/41/978 4303/40/978
f 4215/53/979 4237/38/979 4302/38/979 4270/53/979
f 4239/84/980 4240/83/980 4264/83/980 4263/84/980
f 4237/38/981 4234/36/981 4301/36/981 4302/38/981
f 4240/83/982 4241/76/982 4266/76/982 4264/83/982
f 4234/36/983 4233/33/983 4300/33/983 4301/36/983
f 4229/79/984 4231/58/984 4293/58/984 4275/79/984
f 4233/33/985 4232/32/985 4299/32/985 4300/33/985
f 4218/70/986 4219/72/986 4289/72/986 4288/70/986
f 4217/63/987 4225/30/987 4298/30/987 4279/63/987
f 4255/67/988 4218/70/988 4288/70/988 4292/67/988
f 4227/81/989 4228/80/989 4273/80/989 4272/81/989
f 4225/30/990 4222/28/990 4297/28/990 4298/30/990
f 4216/61/991 4217/63/991 4279/63/991 4278/61/991
f 4228/80/992 4229/79/992 4275/79/992 4273/80/992
f 4253/78/993 4255/67/993 4292/67/993 4285/78/993
f 4231/58/994 4216/61/994 4278/61/994 4293/58/994
f 4222/28/995 4221/25/995 4296/25/995 4297/28/995
f 4214/51/996 4215/53/996 4270/53/996 4269/51/996
f 4111/40/997 4244/40/997 4176/43/997 4043/43/997
f 4042/88/998 4175/88/998 4184/87/998 4051/87/998
f 4099/32/999 4232/32/999 4178/35/999 4045/35/999
f 4087/24/1000 4220/24/1000 4180/27/1000 4047/27/1000
f 4047/27/1001 4180/27/1001 4193/26/1001 4060/26/1001
f 4048/95/1002 4181/95/1002 4207/91/1002 4074/91/1002
f 4049/90/1003 4182/90/1003 4174/89/1003 4041/89/1003
f 4050/85/1004 4183/85/1004 4182/90/1004 4049/90/1004
f 4051/87/1005 4184/87/1005 4210/86/1005 4077/86/1005
f 4058/12/1006 4191/12/1006 4181/11/1006 4048/11/1006
f 4059/29/1007 4192/29/1007 4213/31/1007 4080/31/1007
f 4060/26/1008 4193/26/1008 4192/29/1008 4059/29/1008
f 4106/84/1009 4239/84/1009 4263/84/1009 4130/84/1009
f 4118/82/1010 4251/82/1010 4281/82/1010 4148/82/1010
f 4074/91/1011 4207/91/1011 4206/93/1011 4073/93/1011
f 4075/19/1012 4208/19/1012 4175/18/1012 4042/18/1012
f 4076/94/1013 4209/94/1013 4208/19/1013 4075/19/1013
f 4077/86/1014 4210/86/1014 4183/85/1014 4050/85/1014
f 4080/31/1015 4213/31/1015 4191/12/1015 4058/12/1015
f 4162/24/1016 4295/24/1016 4220/24/1016 4087/24/1016
f 4045/35/1017 4178/35/1017 4227/81/1017 4094/81/1017
f 4043/43/1018 4176/43/1018 4239/84/1018 4106/84/1018
f 4166/32/1019 4299/32/1019 4232/32/1019 4099/32/1019
f 4126/105/1020 4259/105/1020 4265/104/1020 4132/104/1020
f 4041/89/1021 4174/89/1021 4251/82/1021 4118/82/1021
f 4124/92/1022 4257/92/1022 4209/94/1022 4076/94/1022
f 4073/93/1023 4206/93/1023 4257/92/1023 4124/92/1023
f 4134/103/1024 4267/103/1024 4268/114/1024 4135/114/1024
f 4132/104/1025 4265/104/1025 4267/103/1025 4134/103/1025
f 4135/114/1026 4268/114/1026 4271/117/1026 4138/117/1026
f 4130/84/1027 4263/84/1027 4259/105/1027 4126/105/1027
f 4129/118/1028 4262/118/1028 4299/32/1028 4166/32/1028
f 4143/106/1029 4276/106/1029 4277/113/1029 4144/113/1029
f 4141/107/1030 4274/107/1030 4276/106/1030 4143/106/1030
f 4144/113/1031 4277/113/1031 4280/115/1031 4147/115/1031
f 4138/117/1032 4271/117/1032 4262/118/1032 4129/118/1032
f 4148/82/1033 4281/82/1033 4282/111/1033 4149/111/1033
f 4153/109/1034 4286/109/1034 4287/112/1034 4154/112/1034
f 4151/110/1035 4284/110/1035 4286/109/1035 4153/109/1035
f 4154/112/1036 4287/112/1036 4290/119/1036 4157/119/1036
f 4149/111/1037 4282/111/1037 4284/110/1037 4151/110/1037
f 4157/119/1038 4290/119/1038 4291/120/1038 4158/120/1038
f 4128/108/1039 4261/108/1039 4274/107/1039 4141/107/1039
f 4158/120/1040 4291/120/1040 4303/40/1040 4170/40/1040
f 4139/81/1041 4272/81/1041 4261/108/1041 4128/108/1041
f 4170/40/1042 4303/40/1042 4244/40/1042 4111/40/1042
f 4094/81/1043 4227/81/1043 4272/81/1043 4139/81/1043
f 4147/115/1044 4280/115/1044 4260/116/1044 4127/116/1044
f 4127/116/1045 4260/116/1045 4295/24/1045 4162/24/1045
f 4372/1/1046 4373/2/1046 4308/3/1046 4313/4/1046
f 4360/5/1047 4361/6/1047 4310/7/1047 4316/8/1047
f 4348/9/1048 4349/10/1048 4312/11/1048 4319/12/1048
f 4308/13/1049 4373/14/1049 4330/15/1049 4331/16/1049 4375/17/1049 4042/18/1049 4075/19/1049 4381/20/1049 4383/21/1049 4323/22/1049 4363/23/1049
f 4345/24/1050 4346/25/1050 4321/26/1050 4311/27/1050
f 4346/25/1051 4347/28/1051 4320/29/1051 4321/26/1051
f 4350/30/1052 4348/9/1052 4319/12/1052 4338/31/1052
f 4357/32/1053 4358/33/1053 4318/34/1053 4309/35/1053
f 4358/33/1054 4359/36/1054 4317/37/1054 4318/34/1054
f 4362/38/1055 4360/5/1055 4316/8/1055 4337/39/1055
f 4369/40/1056 4370/41/1056 4315/42/1056 4307/43/1056
f 4370/41/1057 4371/44/1057 4314/45/1057 4315/42/1057
f 4374/46/1058 4372/1/1058 4313/4/1058 4336/47/1058
f 4368/48/1059 4367/49/1059 4324/50/1059 4339/51/1059
f 4339/51/1060 4324/50/1060 4325/52/1060 4340/53/1060
f 4367/49/1061 4363/54/1061 4323/55/1061 4324/50/1061
f 4324/50/1062 4323/55/1062 4383/56/1062 4322/57/1062 4325/52/1062
f 4356/58/1063 4355/59/1063 4328/60/1063 4341/61/1063
f 4341/61/1064 4328/60/1064 4329/62/1064 4342/63/1064
f 4370/41/1065 4369/40/1065 4428/40/1065 4429/41/1065
f 4355/59/1066 4351/64/1066 4327/65/1066 4328/60/1066
f 4328/60/1067 4327/65/1067 4326/66/1067 4329/62/1067
f 4380/67/1068 4379/68/1068 4332/69/1068 4343/70/1068
f 4343/70/1069 4332/69/1069 4333/71/1069 4344/72/1069
f 4379/68/1070 4375/73/1070 4331/74/1070 4332/69/1070
f 4332/69/1071 4331/74/1071 4330/75/1071 4333/71/1071
f 4366/76/1072 4368/48/1072 4419/48/1072 4391/76/1072
f 4371/44/1073 4370/41/1073 4429/41/1073 4430/44/1073
f 4377/77/1074 4378/78/1074 4410/78/1074 4408/77/1074
f 4371/44/1075 4374/46/1075 4336/47/1075 4314/45/1075
f 4359/36/1076 4362/38/1076 4337/39/1076 4317/37/1076
f 4347/28/1077 4350/30/1077 4338/31/1077 4320/29/1077
f 4342/63/1078 4329/62/1078 4348/9/1078 4350/30/1078
f 4374/46/1079 4371/44/1079 4430/44/1079 4431/46/1079
f 4329/62/1080 4326/66/1080 4349/10/1080 4348/9/1080
f 4317/37/1081 4337/39/1081 4356/58/1081 4354/79/1081
f 4316/8/1082 4310/7/1082 4351/64/1082 4355/59/1082
f 4309/35/1083 4318/34/1083 4353/80/1083 4352/81/1083
f 4318/34/1084 4317/37/1084 4354/79/1084 4353/80/1084
f 4337/39/1085 4316/8/1085 4355/59/1085 4356/58/1085
f 4368/48/1086 4339/51/1086 4394/51/1086 4419/48/1086
f 4340/53/1087 4325/52/1087 4360/5/1087 4362/38/1087
f 4376/82/1088 4377/77/1088 4408/77/1088 4406/82/1088
f 4325/52/1089 4322/57/1089 4361/6/1089 4360/5/1089
f 4314/45/1090 4336/47/1090 4368/48/1090 4366/76/1090
f 4313/4/1091 4308/3/1091 4363/54/1091 4367/49/1091
f 4307/43/1092 4315/42/1092 4365/83/1092 4364/84/1092
f 4315/42/1093 4314/45/1093 4366/76/1093 4365/83/1093
f 4336/47/1094 4313/4/1094 4367/49/1094 4368/48/1094
f 4346/25/1095 4345/24/1095 4420/24/1095 4421/25/1095
f 4344/72/1096 4333/71/1096 4372/1/1096 4374/46/1096
f 4344/72/1097 4374/46/1097 4431/46/1097 4414/72/1097
f 4333/71/1098 4330/75/1098 4373/2/1098 4372/1/1098
f 4050/85/1099 4077/86/1099 4380/67/1099 4378/78/1099
f 4051/87/1100 4042/88/1100 4375/73/1100 4379/68/1100
f 4041/89/1101 4049/90/1101 4377/77/1101 4376/82/1101
f 4049/90/1102 4050/85/1102 4378/78/1102 4377/77/1102
f 4077/86/1103 4051/87/1103 4379/68/1103 4380/67/1103
f 4335/91/1104 4381/20/1104 4382/92/1104 4334/93/1104
f 4382/92/1105 4381/20/1105 4075/19/1105 4076/94/1105
f 4383/21/1106 4381/20/1106 4335/91/1106 4312/95/1106 4349/96/1106 4326/97/1106 4327/98/1106 4351/99/1106 4310/100/1106 4361/101/1106 4322/102/1106
f 4389/83/1107 4391/76/1107 4392/103/1107 4390/104/1107
f 4388/84/1108 4389/83/1108 4390/104/1108 4384/105/1108
f 4398/80/1109 4400/79/1109 4401/106/1109 4399/107/1109
f 4397/81/1110 4398/80/1110 4399/107/1110 4386/108/1110
f 4408/77/1111 4410/78/1111 4411/109/1111 4409/110/1111
f 4406/82/1112 4408/77/1112 4409/110/1112 4407/111/1112
f 4411/109/1113 4413/70/1113 4414/72/1113 4412/112/1113
f 4410/78/1114 4417/67/1114 4413/70/1114 4411/109/1114
f 4401/106/1115 4403/61/1115 4404/63/1115 4402/113/1115
f 4400/79/1116 4418/58/1116 4403/61/1116 4401/106/1116
f 4392/103/1117 4394/51/1117 4395/53/1117 4393/114/1117
f 4391/76/1118 4419/48/1118 4394/51/1118 4392/103/1118
f 4402/113/1119 4404/63/1119 4423/30/1119 4422/28/1119
f 4405/115/1120 4402/113/1120 4422/28/1120 4421/25/1120
f 4385/116/1121 4405/115/1121 4421/25/1121 4420/24/1121
f 4393/114/1122 4395/53/1122 4427/38/1122 4426/36/1122
f 4396/117/1123 4393/114/1123 4426/36/1123 4425/33/1123
f 4387/118/1124 4396/117/1124 4425/33/1124 4424/32/1124
f 4412/112/1125 4414/72/1125 4431/46/1125 4430/44/1125
f 4415/119/1126 4412/112/1126 4430/44/1126 4429/41/1126
f 4416/120/1127 4415/119/1127 4429/41/1127 4428/40/1127
f 4340/53/1128 4362/38/1128 4427/38/1128 4395/53/1128
f 4364/84/1129 4365/83/1129 4389/83/1129 4388/84/1129
f 4362/38/1130 4359/36/1130 4426/36/1130 4427/38/1130
f 4365/83/1131 4366/76/1131 4391/76/1131 4389/83/1131
f 4359/36/1132 4358/33/1132 4425/33/1132 4426/36/1132
f 4354/79/1133 4356/58/1133 4418/58/1133 4400/79/1133
f 4358/33/1134 4357/32/1134 4424/32/1134 4425/33/1134
f 4343/70/1135 4344/72/1135 4414/72/1135 4413/70/1135
f 4342/63/1136 4350/30/1136 4423/30/1136 4404/63/1136
f 4380/67/1137 4343/70/1137 4413/70/1137 4417/67/1137
f 4352/81/1138 4353/80/1138 4398/80/1138 4397/81/1138
f 4350/30/1139 4347/28/1139 4422/28/1139 4423/30/1139
f 4341/61/1140 4342/63/1140 4404/63/1140 4403/61/1140
f 4353/80/1141 4354/79/1141 4400/79/1141 4398/80/1141
f 4378/78/1142 4380/67/1142 4417/67/1142 4410/78/1142
f 4356/58/1143 4341/61/1143 4403/61/1143 4418/58/1143
f 4347/28/1144 4346/25/1144 4421/25/1144 4422/28/1144
f 4339/51/1145 4340/53/1145 4395/53/1145 4394/51/1145
f 4504/1/1146 4442/4/1146 4434/3/1146 4505/2/1146
f 4492/5/1147 4445/8/1147 4436/7/1147 4493/6/1147
f 4480/9/1148 4448/12/1148 4438/11/1148 4481/10/1148
f 4434/13/1149 4495/23/1149 4452/22/1149 4515/21/1149 4513/20/1149 4465/19/1149 4175/18/1149 4507/17/1149 4460/16/1149 4459/15/1149 4505/14/1149
f 4477/24/1150 4437/27/1150 4450/26/1150 4478/25/1150
f 4478/25/1151 4450/26/1151 4449/29/1151 4479/28/1151
f 4482/30/1152 4470/31/1152 4448/12/1152 4480/9/1152
f 4489/32/1153 4435/35/1153 4447/34/1153 4490/33/1153
f 4490/33/1154 4447/34/1154 4446/37/1154 4491/36/1154
f 4494/38/1155 4469/39/1155 4445/8/1155 4492/5/1155
f 4501/40/1156 4433/43/1156 4444/42/1156 4502/41/1156
f 4502/41/1157 4444/42/1157 4443/45/1157 4503/44/1157
f 4506/46/1158 4468/47/1158 4442/4/1158 4504/1/1158
f 4500/48/1159 4471/51/1159 4453/50/1159 4499/49/1159
f 4471/51/1160 4472/53/1160 4454/52/1160 4453/50/1160
f 4499/49/1161 4453/50/1161 4452/55/1161 4495/54/1161
f 4453/50/1161 4454/52/1161 4451/57/1161 4515/56/1161 4452/55/1161
f 4488/58/1162 4473/61/1162 4457/60/1162 4487/59/1162
f 4473/61/1163 4474/63/1163 4458/62/1163 4457/60/1163
f 4502/41/1164 4561/41/1164 4560/40/1164 4501/40/1164
f 4487/59/1165 4457/60/1165 4456/65/1165 4483/64/1165
f 4457/60/1166 4458/62/1166 4455/66/1166 4456/65/1166
f 4512/67/1167 4475/70/1167 4461/69/1167 4511/68/1167
f 4475/70/1168 4476/72/1168 4462/71/1168 4461/69/1168
f 4511/68/1169 4461/69/1169 4460/74/1169 4507/73/1169
f 4461/69/1170 4462/71/1170 4459/75/1170 4460/74/1170
f 4498/76/1171 4523/76/1171 4551/48/1171 4500/48/1171
f 4503/44/1172 4562/44/1172 4561/41/1172 4502/41/1172
f 4509/77/1173 4540/77/1173 4542/78/1173 4510/78/1173
f 4503/44/1174 4443/45/1174 4468/47/1174 4506/46/1174
f 4491/36/1175 4446/37/1175 4469/39/1175 4494/38/1175
f 4479/28/1176 4449/29/1176 4470/31/1176 4482/30/1176
f 4474/63/1177 4482/30/1177 4480/9/1177 4458/62/1177
f 4506/46/1178 4563/46/1178 4562/44/1178 4503/44/1178
f 4458/62/1179 4480/9/1179 4481/10/1179 4455/66/1179
f 4446/37/1180 4486/79/1180 4488/58/1180 4469/39/1180
f 4445/8/1181 4487/59/1181 4483/64/1181 4436/7/1181
f 4435/35/1182 4484/81/1182 4485/80/1182 4447/34/1182
f 4447/34/1183 4485/80/1183 4486/79/1183 4446/37/1183
f 4469/39/1184 4488/58/1184 4487/59/1184 4445/8/1184
f 4500/48/1185 4551/48/1185 4526/51/1185 4471/51/1185
f 4472/53/1186 4494/38/1186 4492/5/1186 4454/52/1186
f 4508/82/1187 4538/82/1187 4540/77/1187 4509/77/1187
f 4454/52/1161 4492/5/1161 4493/6/1161 4451/57/1161
f 4443/45/1188 4498/76/1188 4500/48/1188 4468/47/1188
f 4442/4/1189 4499/49/1189 4495/54/1189 4434/3/1189
f 4433/43/1190 4496/84/1190 4497/83/1190 4444/42/1190
f 4444/42/1191 4497/83/1191 4498/76/1191 4443/45/1191
f 4468/47/1192 4500/48/1192 4499/49/1192 4442/4/1192
f 4478/25/1193 4553/25/1193 4552/24/1193 4477/24/1193
f 4476/72/1194 4506/46/1194 4504/1/1194 4462/71/1194
f 4476/72/1195 4546/72/1195 4563/46/1195 4506/46/1195
f 4462/71/1196 4504/1/1196 4505/2/1196 4459/75/1196
f 4440/85/1197 4510/78/1197 4512/67/1197 4467/86/1197
f 4441/87/1198 4511/68/1198 4507/73/1198 4175/88/1198
f 4432/89/1199 4508/82/1199 4509/77/1199 4439/90/1199
f 4439/90/1200 4509/77/1200 4510/78/1200 4440/85/1200
f 4467/86/1201 4512/67/1201 4511/68/1201 4441/87/1201
f 4464/91/1202 4463/93/1202 4514/92/1202 4513/20/1202
f 4514/92/1203 4466/94/1203 4465/19/1203 4513/20/1203
f 4515/21/1204 4451/102/1204 4493/101/1204 4436/100/1204 4483/99/1204 4456/98/1204 4455/97/1204 4481/96/1204 4438/95/1204 4464/91/1204 4513/20/1204
f 4521/83/1205 4522/104/1205 4524/103/1205 4523/76/1205
f 4520/84/1206 4516/105/1206 4522/104/1206 4521/83/1206
f 4530/80/1207 4531/107/1207 4533/106/1207 4532/79/1207
f 4529/81/1208 4518/108/1208 4531/107/1208 4530/80/1208
f 4540/77/1209 4541/110/1209 4543/109/1209 4542/78/1209
f 4538/82/1210 4539/111/1210 4541/110/1210 4540/77/1210
f 4543/109/1211 4544/112/1211 4546/72/1211 4545/70/1211
f 4542/78/1212 4543/109/1212 4545/70/1212 4549/67/1212
f 4533/106/1213 4534/113/1213 4536/63/1213 4535/61/1213
f 4532/79/1214 4533/106/1214 4535/61/1214 4550/58/1214
f 4524/103/1215 4525/114/1215 4527/53/1215 4526/51/1215
f 4523/76/1216 4524/103/1216 4526/51/1216 4551/48/1216
f 4534/113/1217 4554/28/1217 4555/30/1217 4536/63/1217
f 4537/115/1218 4553/25/1218 4554/28/1218 4534/113/1218
f 4517/116/1219 4552/24/1219 4553/25/1219 4537/115/1219
f 4525/114/1220 4558/36/1220 4559/38/1220 4527/53/1220
f 4528/117/1221 4557/33/1221 4558/36/1221 4525/114/1221
f 4519/118/1222 4556/32/1222 4557/33/1222 4528/117/1222
f 4544/112/1223 4562/44/1223 4563/46/1223 4546/72/1223
f 4547/119/1224 4561/41/1224 4562/44/1224 4544/112/1224
f 4548/120/1225 4560/40/1225 4561/41/1225 4547/119/1225
f 4472/53/1226 4527/53/1226 4559/38/1226 4494/38/1226
f 4496/84/1227 4520/84/1227 4521/83/1227 4497/83/1227
f 4494/38/1228 4559/38/1228 4558/36/1228 4491/36/1228
f 4497/83/1229 4521/83/1229 4523/76/1229 4498/76/1229
f 4491/36/1230 4558/36/1230 4557/33/1230 4490/33/1230
f 4486/79/1231 4532/79/1231 4550/58/1231 4488/58/1231
f 4490/33/1232 4557/33/1232 4556/32/1232 4489/32/1232
f 4475/70/1233 4545/70/1233 4546/72/1233 4476/72/1233
f 4474/63/1234 4536/63/1234 4555/30/1234 4482/30/1234
f 4512/67/1235 4549/67/1235 4545/70/1235 4475/70/1235
f 4484/81/1236 4529/81/1236 4530/80/1236 4485/80/1236
f 4482/30/1237 4555/30/1237 4554/28/1237 4479/28/1237
f 4473/61/1238 4535/61/1238 4536/63/1238 4474/63/1238
f 4485/80/1239 4530/80/1239 4532/79/1239 4486/79/1239
f 4510/78/1240 4542/78/1240 4549/67/1240 4512/67/1240
f 4488/58/1241 4550/58/1241 4535/61/1241 4473/61/1241
f 4479/28/1242 4554/28/1242 4553/25/1242 4478/25/1242
f 4471/51/1243 4526/51/1243 4527/53/1243 4472/53/1243
f 4369/40/1244 4307/43/1244 4433/43/1244 4501/40/1244
f 4042/88/1245 4051/87/1245 4441/87/1245 4175/88/1245
f 4357/32/1246 4309/35/1246 4435/35/1246 4489/32/1246
f 4345/24/1247 4311/27/1247 4437/27/1247 4477/24/1247
f 4311/27/1248 4321/26/1248 4450/26/1248 4437/27/1248
f 4312/95/1249 4335/91/1249 4464/91/1249 4438/95/1249
f 4049/90/1250 4041/89/1250 4432/89/1250 4439/90/1250
f 4050/85/1251 4049/90/1251 4439/90/1251 4440/85/1251
f 4051/87/1252 4077/86/1252 4467/86/1252 4441/87/1252
f 4319/12/1253 4312/11/1253 4438/11/1253 4448/12/1253
f 4320/29/1254 4338/31/1254 4470/31/1254 4449/29/1254
f 4321/26/1255 4320/29/1255 4449/29/1255 4450/26/1255
f 4364/84/1256 4388/84/1256 4520/84/1256 4496/84/1256
f 4376/82/1257 4406/82/1257 4538/82/1257 4508/82/1257
f 4335/91/1258 4334/93/1258 4463/93/1258 4464/91/1258
f 4075/19/1259 4042/18/1259 4175/18/1259 4465/19/1259
f 4076/94/1260 4075/19/1260 4465/19/1260 4466/94/1260
f 4077/86/1261 4050/85/1261 4440/85/1261 4467/86/1261
f 4338/31/1262 4319/12/1262 4448/12/1262 4470/31/1262
f 4420/24/1263 4345/24/1263 4477/24/1263 4552/24/1263
f 4309/35/1264 4352/81/1264 4484/81/1264 4435/35/1264
f 4307/43/1265 4364/84/1265 4496/84/1265 4433/43/1265
f 4424/32/1266 4357/32/1266 4489/32/1266 4556/32/1266
f 4384/105/1267 4390/104/1267 4522/104/1267 4516/105/1267
f 4041/89/1268 4376/82/1268 4508/82/1268 4432/89/1268
f 4382/92/1269 4076/94/1269 4466/94/1269 4514/92/1269
f 4334/93/1270 4382/92/1270 4514/92/1270 4463/93/1270
f 4392/103/1271 4393/114/1271 4525/114/1271 4524/103/1271
f 4390/104/1272 4392/103/1272 4524/103/1272 4522/104/1272
f 4393/114/1273 4396/117/1273 4528/117/1273 4525/114/1273
f 4388/84/1274 4384/105/1274 4516/105/1274 4520/84/1274
f 4387/118/1275 4424/32/1275 4556/32/1275 4519/118/1275
f 4401/106/1276 4402/113/1276 4534/113/1276 4533/106/1276
f 4399/107/1277 4401/106/1277 4533/106/1277 4531/107/1277
f 4402/113/1278 4405/115/1278 4537/115/1278 4534/113/1278
f 4396/117/1279 4387/118/1279 4519/118/1279 4528/117/1279
f 4406/82/1280 4407/111/1280 4539/111/1280 4538/82/1280
f 4411/109/1281 4412/112/1281 4544/112/1281 4543/109/1281
f 4409/110/1282 4411/109/1282 4543/109/1282 4541/110/1282
f 4412/112/1283 4415/119/1283 4547/119/1283 4544/112/1283
f 4407/111/1284 4409/110/1284 4541/110/1284 4539/111/1284
f 4415/119/1285 4416/120/1285 4548/120/1285 4547/119/1285
f 4386/108/1286 4399/107/1286 4531/107/1286 4518/108/1286
f 4416/120/1287 4428/40/1287 4560/40/1287 4548/120/1287
f 4397/81/1288 4386/108/1288 4518/108/1288 4529/81/1288
f 4428/40/1289 4369/40/1289 4501/40/1289 4560/40/1289
f 4352/81/1290 4397/81/1290 4529/81/1290 4484/81/1290
f 4405/115/1291 4385/116/1291 4517/116/1291 4537/115/1291
f 4385/116/1292 4420/24/1292 4552/24/1292 4517/116/1292
f 4629/1/1293 4630/2/1293 4567/3/1293 4573/4/1293
f 4617/5/1294 4618/6/1294 4569/7/1294 4576/8/1294
f 4605/9/1295 4606/10/1295 4048/11/1295 4058/12/1295
f 4567/13/1296 4630/14/1296 4587/15/1296 4588/16/1296 4632/17/1296 4565/18/1296 4591/19/1296 4638/20/1296 4640/21/1296 4580/22/1296 4620/23/1296
f 4602/24/1297 4603/25/1297 4060/26/1297 4047/27/1297
f 4603/25/1298 4604/28/1298 4059/29/1298 4060/26/1298
f 4607/30/1299 4605/9/1299 4058/12/1299 4080/31/1299
f 4614/32/1300 4615/33/1300 4578/34/1300 4568/35/1300
f 4615/33/1301 4616/36/1301 4577/37/1301 4578/34/1301
f 4619/38/1302 4617/5/1302 4576/8/1302 4595/39/1302
f 4626/40/1303 4627/41/1303 4575/42/1303 4566/43/1303
f 4627/41/1304 4628/44/1304 4574/45/1304 4575/42/1304
f 4631/46/1305 4629/1/1305 4573/4/1305 4594/47/1305
f 4625/48/1306 4624/49/1306 4581/50/1306 4596/51/1306
f 4596/51/1307 4581/50/1307 4582/52/1307 4597/53/1307
f 4624/49/1308 4620/54/1308 4580/55/1308 4581/50/1308
f 4581/50/1309 4580/55/1309 4640/56/1309 4579/57/1309 4582/52/1309
f 4613/58/1310 4612/59/1310 4585/60/1310 4598/61/1310
f 4598/61/1311 4585/60/1311 4586/62/1311 4599/63/1311
f 4627/41/1312 4626/40/1312 4685/40/1312 4686/41/1312
f 4612/59/1313 4608/64/1313 4584/65/1313 4585/60/1313
f 4585/60/1314 4584/65/1314 4583/66/1314 4586/62/1314
f 4637/67/1315 4636/68/1315 4589/69/1315 4600/70/1315
f 4600/70/1316 4589/69/1316 4590/71/1316 4601/72/1316
f 4636/68/1317 4632/73/1317 4588/74/1317 4589/69/1317
f 4589/69/1318 4588/74/1318 4587/75/1318 4590/71/1318
f 4623/76/1319 4625/48/1319 4676/48/1319 4648/76/1319
f 4628/44/1320 4627/41/1320 4686/41/1320 4687/44/1320
f 4634/77/1321 4635/78/1321 4667/78/1321 4665/77/1321
f 4628/44/1322 4631/46/1322 4594/47/1322 4574/45/1322
f 4616/36/1323 4619/38/1323 4595/39/1323 4577/37/1323
f 4604/28/1324 4607/30/1324 4080/31/1324 4059/29/1324
f 4599/63/1325 4586/62/1325 4605/9/1325 4607/30/1325
f 4631/46/1326 4628/44/1326 4687/44/1326 4688/46/1326
f 4586/62/1327 4583/66/1327 4606/10/1327 4605/9/1327
f 4577/37/1328 4595/39/1328 4613/58/1328 4611/79/1328
f 4576/8/1329 4569/7/1329 4608/64/1329 4612/59/1329
f 4568/35/1330 4578/34/1330 4610/80/1330 4609/81/1330
f 4578/34/1331 4577/37/1331 4611/79/1331 4610/80/1331
f 4595/39/1332 4576/8/1332 4612/59/1332 4613/58/1332
f 4625/48/1333 4596/51/1333 4651/51/1333 4676/48/1333
f 4597/53/1334 4582/52/1334 4617/5/1334 4619/38/1334
f 4633/82/1335 4634/77/1335 4665/77/1335 4663/82/1335
f 4582/52/1336 4579/57/1336 4618/6/1336 4617/5/1336
f 4574/45/1337 4594/47/1337 4625/48/1337 4623/76/1337
f 4573/4/1338 4567/3/1338 4620/54/1338 4624/49/1338
f 4566/43/1339 4575/42/1339 4622/83/1339 4621/84/1339
f 4575/42/1340 4574/45/1340 4623/76/1340 4622/83/1340
f 4594/47/1341 4573/4/1341 4624/49/1341 4625/48/1341
f 4603/25/1342 4602/24/1342 4677/24/1342 4678/25/1342
f 4601/72/1343 4590/71/1343 4629/1/1343 4631/46/1343
f 4601/72/1344 4631/46/1344 4688/46/1344 4671/72/1344
f 4590/71/1345 4587/75/1345 4630/2/1345 4629/1/1345
f 4571/85/1346 4593/86/1346 4637/67/1346 4635/78/1346
f 4572/87/1347 4565/88/1347 4632/73/1347 4636/68/1347
f 4564/89/1348 4570/90/1348 4634/77/1348 4633/82/1348
f 4570/90/1349 4571/85/1349 4635/78/1349 4634/77/1349
f 4593/86/1350 4572/87/1350 4636/68/1350 4637/67/1350
f 4074/91/1351 4638/20/1351 4639/92/1351 4073/93/1351
f 4639/92/1352 4638/20/1352 4591/19/1352 4592/94/1352
f 4640/21/1353 4638/20/1353 4074/91/1353 4048/95/1353 4606/96/1353 4583/97/1353 4584/98/1353 4608/99/1353 4569/100/1353 4618/101/1353 4579/102/1353
f 4646/83/1354 4648/76/1354 4649/103/1354 4647/104/1354
f 4645/84/1355 4646/83/1355 4647/104/1355 4641/105/1355
f 4655/80/1356 4657/79/1356 4658/106/1356 4656/107/1356
f 4654/81/1357 4655/80/1357 4656/107/1357 4643/108/1357
f 4665/77/1358 4667/78/1358 4668/109/1358 4666/110/1358
f 4663/82/1359 4665/77/1359 4666/110/1359 4664/111/1359
f 4668/109/1360 4670/70/1360 4671/72/1360 4669/112/1360
f 4667/78/1361 4674/67/1361 4670/70/1361 4668/109/1361
f 4658/106/1362 4660/61/1362 4661/63/1362 4659/113/1362
f 4657/79/1363 4675/58/1363 4660/61/1363 4658/106/1363
f 4649/103/1364 4651/51/1364 4652/53/1364 4650/114/1364
f 4648/76/1365 4676/48/1365 4651/51/1365 4649/103/1365
f 4659/113/1366 4661/63/1366 4680/30/1366 4679/28/1366
f 4662/115/1367 4659/113/1367 4679/28/1367 4678/25/1367
f 4642/116/1368 4662/115/1368 4678/25/1368 4677/24/1368
f 4650/114/1369 4652/53/1369 4684/38/1369 4683/36/1369
f 4653/117/1370 4650/114/1370 4683/36/1370 4682/33/1370
f 4644/118/1371 4653/117/1371 4682/33/1371 4681/32/1371
f 4669/112/1372 4671/72/1372 4688/46/1372 4687/44/1372
f 4672/119/1373 4669/112/1373 4687/44/1373 4686/41/1373
f 4673/120/1374 4672/119/1374 4686/41/1374 4685/40/1374
f 4597/53/1375 4619/38/1375 4684/38/1375 4652/53/1375
f 4621/84/1376 4622/83/1376 4646/83/1376 4645/84/1376
f 4619/38/1377 4616/36/1377 4683/36/1377 4684/38/1377
f 4622/83/1378 4623/76/1378 4648/76/1378 4646/83/1378
f 4616/36/1379 4615/33/1379 4682/33/1379 4683/36/1379
f 4611/79/1380 4613/58/1380 4675/58/1380 4657/79/1380
f 4615/33/1381 4614/32/1381 4681/32/1381 4682/33/1381
f 4600/70/1382 4601/72/1382 4671/72/1382 4670/70/1382
f 4599/63/1383 4607/30/1383 4680/30/1383 4661/63/1383
f 4637/67/1384 4600/70/1384 4670/70/1384 4674/67/1384
f 4609/81/1385 4610/80/1385 4655/80/1385 4654/81/1385
f 4607/30/1386 4604/28/1386 4679/28/1386 4680/30/1386
f 4598/61/1387 4599/63/1387 4661/63/1387 4660/61/1387
f 4610/80/1388 4611/79/1388 4657/79/1388 4655/80/1388
f 4635/78/1389 4637/67/1389 4674/67/1389 4667/78/1389
f 4613/58/1390 4598/61/1390 4660/61/1390 4675/58/1390
f 4604/28/1391 4603/25/1391 4678/25/1391 4679/28/1391
f 4596/51/1392 4597/53/1392 4652/53/1392 4651/51/1392
f 4761/1/1393 4699/4/1393 4692/3/1393 4762/2/1393
f 4749/5/1394 4702/8/1394 4694/7/1394 4750/6/1394
f 4737/9/1395 4705/12/1395 4181/11/1395 4738/10/1395
f 4692/13/1396 4752/23/1396 4709/22/1396 4772/21/1396 4770/20/1396 4722/19/1396 4690/18/1396 4764/17/1396 4717/16/1396 4716/15/1396 4762/14/1396
f 4734/24/1397 4695/27/1397 4707/26/1397 4735/25/1397
f 4735/25/1398 4707/26/1398 4706/29/1398 4736/28/1398
f 4739/30/1399 4727/31/1399 4705/12/1399 4737/9/1399
f 4746/32/1400 4693/35/1400 4704/34/1400 4747/33/1400
f 4747/33/1401 4704/34/1401 4703/37/1401 4748/36/1401
f 4751/38/1402 4726/39/1402 4702/8/1402 4749/5/1402
f 4758/40/1403 4691/43/1403 4701/42/1403 4759/41/1403
f 4759/41/1404 4701/42/1404 4700/45/1404 4760/44/1404
f 4763/46/1405 4725/47/1405 4699/4/1405 4761/1/1405
f 4757/48/1406 4728/51/1406 4710/50/1406 4756/49/1406
f 4728/51/1407 4729/53/1407 4711/52/1407 4710/50/1407
f 4756/49/1408 4710/50/1408 4709/55/1408 4752/54/1408
f 4710/50/1408 4711/52/1408 4708/57/1408 4772/56/1408 4709/55/1408
f 4745/58/1409 4730/61/1409 4714/60/1409 4744/59/1409
f 4730/61/1410 4731/63/1410 4715/62/1410 4714/60/1410
f 4759/41/1411 4818/41/1411 4817/40/1411 4758/40/1411
f 4744/59/1412 4714/60/1412 4713/65/1412 4740/64/1412
f 4714/60/1413 4715/62/1413 4712/66/1413 4713/65/1413
f 4769/67/1414 4732/70/1414 4718/69/1414 4768/68/1414
f 4732/70/1415 4733/72/1415 4719/71/1415 4718/69/1415
f 4768/68/1416 4718/69/1416 4717/74/1416 4764/73/1416
f 4718/69/1417 4719/71/1417 4716/75/1417 4717/74/1417
f 4755/76/1418 4780/76/1418 4808/48/1418 4757/48/1418
f 4760/44/1419 4819/44/1419 4818/41/1419 4759/41/1419
f 4766/77/1420 4797/77/1420 4799/78/1420 4767/78/1420
f 4760/44/1421 4700/45/1421 4725/47/1421 4763/46/1421
f 4748/36/1422 4703/37/1422 4726/39/1422 4751/38/1422
f 4736/28/1423 4706/29/1423 4727/31/1423 4739/30/1423
f 4731/63/1424 4739/30/1424 4737/9/1424 4715/62/1424
f 4763/46/1425 4820/46/1425 4819/44/1425 4760/44/1425
f 4715/62/1426 4737/9/1426 4738/10/1426 4712/66/1426
f 4703/37/1427 4743/79/1427 4745/58/1427 4726/39/1427
f 4702/8/1428 4744/59/1428 4740/64/1428 4694/7/1428
f 4693/35/1429 4741/81/1429 4742/80/1429 4704/34/1429
f 4704/34/1430 4742/80/1430 4743/79/1430 4703/37/1430
f 4726/39/1431 4745/58/1431 4744/59/1431 4702/8/1431
f 4757/48/1432 4808/48/1432 4783/51/1432 4728/51/1432
f 4729/53/1433 4751/38/1433 4749/5/1433 4711/52/1433
f 4765/82/1434 4795/82/1434 4797/77/1434 4766/77/1434
f 4711/52/1408 4749/5/1408 4750/6/1408 4708/57/1408
f 4700/45/1435 4755/76/1435 4757/48/1435 4725/47/1435
f 4699/4/1436 4756/49/1436 4752/54/1436 4692/3/1436
f 4691/43/1437 4753/84/1437 4754/83/1437 4701/42/1437
f 4701/42/1438 4754/83/1438 4755/76/1438 4700/45/1438
f 4725/47/1439 4757/48/1439 4756/49/1439 4699/4/1439
f 4735/25/1440 4810/25/1440 4809/24/1440 4734/24/1440
f 4733/72/1441 4763/46/1441 4761/1/1441 4719/71/1441
f 4733/72/1442 4803/72/1442 4820/46/1442 4763/46/1442
f 4719/71/1443 4761/1/1443 4762/2/1443 4716/75/1443
f 4697/85/1444 4767/78/1444 4769/67/1444 4724/86/1444
f 4698/87/1445 4768/68/1445 4764/73/1445 4690/88/1445
f 4689/89/1446 4765/82/1446 4766/77/1446 4696/90/1446
f 4696/90/1447 4766/77/1447 4767/78/1447 4697/85/1447
f 4724/86/1448 4769/67/1448 4768/68/1448 4698/87/1448
f 4721/91/1449 4720/93/1449 4771/92/1449 4770/20/1449
f 4771/92/1450 4723/94/1450 4722/19/1450 4770/20/1450
f 4772/21/1451 4708/102/1451 4750/101/1451 4694/100/1451 4740/99/1451 4713/98/1451 4712/97/1451 4738/96/1451 4181/95/1451 4721/91/1451 4770/20/1451
f 4778/83/1452 4779/104/1452 4781/103/1452 4780/76/1452
f 4777/84/1453 4773/105/1453 4779/104/1453 4778/83/1453
f 4787/80/1454 4788/107/1454 4790/106/1454 4789/79/1454
f 4786/81/1455 4775/108/1455 4788/107/1455 4787/80/1455
f 4797/77/1456 4798/110/1456 4800/109/1456 4799/78/1456
f 4795/82/1457 4796/111/1457 4798/110/1457 4797/77/1457
f 4800/109/1458 4801/112/1458 4803/72/1458 4802/70/1458
f 4799/78/1459 4800/109/1459 4802/70/1459 4806/67/1459
f 4790/106/1460 4791/113/1460 4793/63/1460 4792/61/1460
f 4789/79/1461 4790/106/1461 4792/61/1461 4807/58/1461
f 4781/103/1462 4782/114/1462 4784/53/1462 4783/51/1462
f 4780/76/1463 4781/103/1463 4783/51/1463 4808/48/1463
f 4791/113/1464 4811/28/1464 4812/30/1464 4793/63/1464
f 4794/115/1465 4810/25/1465 4811/28/1465 4791/113/1465
f 4774/116/1466 4809/24/1466 4810/25/1466 4794/115/1466
f 4782/114/1467 4815/36/1467 4816/38/1467 4784/53/1467
f 4785/117/1468 4814/33/1468 4815/36/1468 4782/114/1468
f 4776/118/1469 4813/32/1469 4814/33/1469 4785/117/1469
f 4801/112/1470 4819/44/1470 4820/46/1470 4803/72/1470
f 4804/119/1471 4818/41/1471 4819/44/1471 4801/112/1471
f 4805/120/1472 4817/40/1472 4818/41/1472 4804/119/1472
f 4729/53/1473 4784/53/1473 4816/38/1473 4751/38/1473
f 4753/84/1474 4777/84/1474 4778/83/1474 4754/83/1474
f 4751/38/1475 4816/38/1475 4815/36/1475 4748/36/1475
f 4754/83/1476 4778/83/1476 4780/76/1476 4755/76/1476
f 4748/36/1477 4815/36/1477 4814/33/1477 4747/33/1477
f 4743/79/1478 4789/79/1478 4807/58/1478 4745/58/1478
f 4747/33/1479 4814/33/1479 4813/32/1479 4746/32/1479
f 4732/70/1480 4802/70/1480 4803/72/1480 4733/72/1480
f 4731/63/1481 4793/63/1481 4812/30/1481 4739/30/1481
f 4769/67/1482 4806/67/1482 4802/70/1482 4732/70/1482
f 4741/81/1483 4786/81/1483 4787/80/1483 4742/80/1483
f 4739/30/1484 4812/30/1484 4811/28/1484 4736/28/1484
f 4730/61/1485 4792/61/1485 4793/63/1485 4731/63/1485
f 4742/80/1486 4787/80/1486 4789/79/1486 4743/79/1486
f 4767/78/1487 4799/78/1487 4806/67/1487 4769/67/1487
f 4745/58/1488 4807/58/1488 4792/61/1488 4730/61/1488
f 4736/28/1489 4811/28/1489 4810/25/1489 4735/25/1489
f 4728/51/1490 4783/51/1490 4784/53/1490 4729/53/1490
f 4626/40/1491 4566/43/1491 4691/43/1491 4758/40/1491
f 4565/88/1492 4572/87/1492 4698/87/1492 4690/88/1492
f 4614/32/1493 4568/35/1493 4693/35/1493 4746/32/1493
f 4602/24/1494 4047/27/1494 4695/27/1494 4734/24/1494
f 4047/27/1495 4060/26/1495 4707/26/1495 4695/27/1495
f 4048/95/1496 4074/91/1496 4721/91/1496 4181/95/1496
f 4570/90/1497 4564/89/1497 4689/89/1497 4696/90/1497
f 4571/85/1498 4570/90/1498 4696/90/1498 4697/85/1498
f 4572/87/1499 4593/86/1499 4724/86/1499 4698/87/1499
f 4058/12/1500 4048/11/1500 4181/11/1500 4705/12/1500
f 4059/29/1501 4080/31/1501 4727/31/1501 4706/29/1501
f 4060/26/1502 4059/29/1502 4706/29/1502 4707/26/1502
f 4621/84/1503 4645/84/1503 4777/84/1503 4753/84/1503
f 4633/82/1504 4663/82/1504 4795/82/1504 4765/82/1504
f 4074/91/1505 4073/93/1505 4720/93/1505 4721/91/1505
f 4591/19/1506 4565/18/1506 4690/18/1506 4722/19/1506
f 4592/94/1507 4591/19/1507 4722/19/1507 4723/94/1507
f 4593/86/1508 4571/85/1508 4697/85/1508 4724/86/1508
f 4080/31/1509 4058/12/1509 4705/12/1509 4727/31/1509
f 4677/24/1510 4602/24/1510 4734/24/1510 4809/24/1510
f 4568/35/1511 4609/81/1511 4741/81/1511 4693/35/1511
f 4566/43/1512 4621/84/1512 4753/84/1512 4691/43/1512
f 4681/32/1513 4614/32/1513 4746/32/1513 4813/32/1513
f 4641/105/1514 4647/104/1514 4779/104/1514 4773/105/1514
f 4564/89/1515 4633/82/1515 4765/82/1515 4689/89/1515
f 4639/92/1516 4592/94/1516 4723/94/1516 4771/92/1516
f 4073/93/1517 4639/92/1517 4771/92/1517 4720/93/1517
f 4649/103/1518 4650/114/1518 4782/114/1518 4781/103/1518
f 4647/104/1519 4649/103/1519 4781/103/1519 4779/104/1519
f 4650/114/1520 4653/117/1520 4785/117/1520 4782/114/1520
f 4645/84/1521 4641/105/1521 4773/105/1521 4777/84/1521
f 4644/118/1522 4681/32/1522 4813/32/1522 4776/118/1522
f 4658/106/1523 4659/113/1523 4791/113/1523 4790/106/1523
f 4656/107/1524 4658/106/1524 4790/106/1524 4788/107/1524
f 4659/113/1525 4662/115/1525 4794/115/1525 4791/113/1525
f 4653/117/1526 4644/118/1526 4776/118/1526 4785/117/1526
f 4663/82/1527 4664/111/1527 4796/111/1527 4795/82/1527
f 4668/109/1528 4669/112/1528 4801/112/1528 4800/109/1528
f 4666/110/1529 4668/109/1529 4800/109/1529 4798/110/1529
f 4669/112/1530 4672/119/1530 4804/119/1530 4801/112/1530
f 4664/111/1531 4666/110/1531 4798/110/1531 4796/111/1531
f 4672/119/1532 4673/120/1532 4805/120/1532 4804/119/1532
f 4643/108/1533 4656/107/1533 4788/107/1533 4775/108/1533
f 4673/120/1534 4685/40/1534 4817/40/1534 4805/120/1534
f 4654/81/1535 4643/108/1535 4775/108/1535 4786/81/1535
f 4685/40/1536 4626/40/1536 4758/40/1536 4817/40/1536
f 4609/81/1537 4654/81/1537 4786/81/1537 4741/81/1537
f 4662/115/1538 4642/116/1538 4774/116/1538 4794/115/1538
f 4642/116/1539 4677/24/1539 4809/24/1539 4774/116/1539
f 4878/1/1540 4825/4/1540 4822/3/1540 4879/2/1540
f 4866/5/1541 4828/8/1541 4824/7/1541 4867/6/1541
f 4854/9/1542 4319/12/1542 4312/11/1542 4855/10/1542
f 4822/13/1543 4869/23/1543 4832/22/1543 4889/21/1543 4887/20/1543 4591/19/1543 4565/18/1543 4881/17/1543 4840/16/1543 4839/15/1543 4879/14/1543
f 4851/24/1544 4311/27/1544 4321/26/1544 4852/25/1544
f 4852/25/1545 4321/26/1545 4320/29/1545 4853/28/1545
f 4856/30/1546 4338/31/1546 4319/12/1546 4854/9/1546
f 4863/32/1547 4823/35/1547 4830/34/1547 4864/33/1547
f 4864/33/1548 4830/34/1548 4829/37/1548 4865/36/1548
f 4868/38/1549 4844/39/1549 4828/8/1549 4866/5/1549
f 4875/40/1550 4821/43/1550 4827/42/1550 4876/41/1550
f 4876/41/1551 4827/42/1551 4826/45/1551 4877/44/1551
f 4880/46/1552 4843/47/1552 4825/4/1552 4878/1/1552
f 4874/48/1553 4845/51/1553 4833/50/1553 4873/49/1553
f 4845/51/1554 4846/53/1554 4834/52/1554 4833/50/1554
f 4873/49/1555 4833/50/1555 4832/55/1555 4869/54/1555
f 4833/50/1556 4834/52/1556 4831/57/1556 4889/56/1556 4832/55/1556
f 4862/58/1557 4847/61/1557 4837/60/1557 4861/59/1557
f 4847/61/1558 4848/63/1558 4838/62/1558 4837/60/1558
f 4876/41/1559 4935/41/1559 4934/40/1559 4875/40/1559
f 4861/59/1560 4837/60/1560 4836/65/1560 4857/64/1560
f 4837/60/1561 4838/62/1561 4835/66/1561 4836/65/1561
f 4886/67/1562 4849/70/1562 4841/69/1562 4885/68/1562
f 4849/70/1563 4850/72/1563 4842/71/1563 4841/69/1563
f 4885/68/1564 4841/69/1564 4840/74/1564 4881/73/1564
f 4841/69/1565 4842/71/1565 4839/75/1565 4840/74/1565
f 4872/76/1566 4897/76/1566 4925/48/1566 4874/48/1566
f 4877/44/1567 4936/44/1567 4935/41/1567 4876/41/1567
f 4883/77/1568 4914/77/1568 4916/78/1568 4884/78/1568
f 4877/44/1569 4826/45/1569 4843/47/1569 4880/46/1569
f 4865/36/1570 4829/37/1570 4844/39/1570 4868/38/1570
f 4853/28/1571 4320/29/1571 4338/31/1571 4856/30/1571
f 4848/63/1572 4856/30/1572 4854/9/1572 4838/62/1572
f 4880/46/1573 4937/46/1573 4936/44/1573 4877/44/1573
f 4838/62/1574 4854/9/1574 4855/10/1574 4835/66/1574
f 4829/37/1575 4860/79/1575 4862/58/1575 4844/39/1575
f 4828/8/1576 4861/59/1576 4857/64/1576 4824/7/1576
f 4823/35/1577 4858/81/1577 4859/80/1577 4830/34/1577
f 4830/34/1578 4859/80/1578 4860/79/1578 4829/37/1578
f 4844/39/1579 4862/58/1579 4861/59/1579 4828/8/1579
f 4874/48/1580 4925/48/1580 4900/51/1580 4845/51/1580
f 4846/53/1581 4868/38/1581 4866/5/1581 4834/52/1581
f 4882/82/1582 4912/82/1582 4914/77/1582 4883/77/1582
f 4834/52/1583 4866/5/1583 4867/6/1583 4831/57/1583
f 4826/45/1584 4872/76/1584 4874/48/1584 4843/47/1584
f 4825/4/1585 4873/49/1585 4869/54/1585 4822/3/1585
f 4821/43/1586 4870/84/1586 4871/83/1586 4827/42/1586
f 4827/42/1587 4871/83/1587 4872/76/1587 4826/45/1587
f 4843/47/1588 4874/48/1588 4873/49/1588 4825/4/1588
f 4852/25/1589 4927/25/1589 4926/24/1589 4851/24/1589
f 4850/72/1590 4880/46/1590 4878/1/1590 4842/71/1590
f 4850/72/1591 4920/72/1591 4937/46/1591 4880/46/1591
f 4842/71/1592 4878/1/1592 4879/2/1592 4839/75/1592
f 4571/85/1593 4884/78/1593 4886/67/1593 4593/86/1593
f 4572/87/1594 4885/68/1594 4881/73/1594 4565/88/1594
f 4564/89/1595 4882/82/1595 4883/77/1595 4570/90/1595
f 4570/90/1596 4883/77/1596 4884/78/1596 4571/85/1596
f 4593/86/1597 4886/67/1597 4885/68/1597 4572/87/1597
f 4335/91/1598 4334/93/1598 4888/92/1598 4887/20/1598
f 4888/92/1599 4592/94/1599 4591/19/1599 4887/20/1599
f 4889/21/1600 4831/102/1600 4867/101/1600 4824/100/1600 4857/99/1600 4836/98/1600 4835/97/1600 4855/96/1600 4312/95/1600 4335/91/1600 4887/20/1600
f 4895/83/1601 4896/104/1601 4898/103/1601 4897/76/1601
f 4894/84/1602 4890/105/1602 4896/104/1602 4895/83/1602
f 4904/80/1603 4905/107/1603 4907/106/1603 4906/79/1603
f 4903/81/1604 4892/108/1604 4905/107/1604 4904/80/1604
f 4914/77/1605 4915/110/1605 4917/109/1605 4916/78/1605
f 4912/82/1606 4913/111/1606 4915/110/1606 4914/77/1606
f 4917/109/1607 4918/112/1607 4920/72/1607 4919/70/1607
f 4916/78/1608 4917/109/1608 4919/70/1608 4923/67/1608
f 4907/106/1609 4908/113/1609 4910/63/1609 4909/61/1609
f 4906/79/1610 4907/106/1610 4909/61/1610 4924/58/1610
f 4898/103/1611 4899/114/1611 4901/53/1611 4900/51/1611
f 4897/76/1612 4898/103/1612 4900/51/1612 4925/48/1612
f 4908/113/1613 4928/28/1613 4929/30/1613 4910/63/1613
f 4911/115/1614 4927/25/1614 4928/28/1614 4908/113/1614
f 4891/116/1615 4926/24/1615 4927/25/1615 4911/115/1615
f 4899/114/1616 4932/36/1616 4933/38/1616 4901/53/1616
f 4902/117/1617 4931/33/1617 4932/36/1617 4899/114/1617
f 4893/118/1618 4930/32/1618 4931/33/1618 4902/117/1618
f 4918/112/1619 4936/44/1619 4937/46/1619 4920/72/1619
f 4921/119/1620 4935/41/1620 4936/44/1620 4918/112/1620
f 4922/120/1621 4934/40/1621 4935/41/1621 4921/119/1621
f 4846/53/1622 4901/53/1622 4933/38/1622 4868/38/1622
f 4870/84/1623 4894/84/1623 4895/83/1623 4871/83/1623
f 4868/38/1624 4933/38/1624 4932/36/1624 4865/36/1624
f 4871/83/1625 4895/83/1625 4897/76/1625 4872/76/1625
f 4865/36/1626 4932/36/1626 4931/33/1626 4864/33/1626
f 4860/79/1627 4906/79/1627 4924/58/1627 4862/58/1627
f 4864/33/1628 4931/33/1628 4930/32/1628 4863/32/1628
f 4849/70/1629 4919/70/1629 4920/72/1629 4850/72/1629
f 4848/63/1630 4910/63/1630 4929/30/1630 4856/30/1630
f 4886/67/1631 4923/67/1631 4919/70/1631 4849/70/1631
f 4858/81/1632 4903/81/1632 4904/80/1632 4859/80/1632
f 4856/30/1633 4929/30/1633 4928/28/1633 4853/28/1633
f 4847/61/1634 4909/61/1634 4910/63/1634 4848/63/1634
f 4859/80/1635 4904/80/1635 4906/79/1635 4860/79/1635
f 4884/78/1636 4916/78/1636 4923/67/1636 4886/67/1636
f 4862/58/1637 4924/58/1637 4909/61/1637 4847/61/1637
f 4853/28/1638 4928/28/1638 4927/25/1638 4852/25/1638
f 4845/51/1639 4900/51/1639 4901/53/1639 4846/53/1639
f 5009/1/1640 5010/2/1640 4940/3/1640 4947/4/1640
f 4997/5/1641 4998/6/1641 4942/7/1641 4950/8/1641
f 4985/9/1642 4986/10/1642 4438/11/1642 4953/12/1642
f 4940/13/1643 5010/14/1643 4964/15/1643 4965/16/1643 5012/17/1643 4690/18/1643 4970/19/1643 5018/20/1643 5020/21/1643 4957/22/1643 5000/23/1643
f 4982/24/1644 4983/25/1644 4955/26/1644 4943/27/1644
f 4983/25/1645 4984/28/1645 4954/29/1645 4955/26/1645
f 4987/30/1646 4985/9/1646 4953/12/1646 4975/31/1646
f 4994/32/1647 4995/33/1647 4952/34/1647 4941/35/1647
f 4995/33/1648 4996/36/1648 4951/37/1648 4952/34/1648
f 4999/38/1649 4997/5/1649 4950/8/1649 4974/39/1649
f 5006/40/1650 5007/41/1650 4949/42/1650 4939/43/1650
f 5007/41/1651 5008/44/1651 4948/45/1651 4949/42/1651
f 5011/46/1652 5009/1/1652 4947/4/1652 4973/47/1652
f 5005/48/1653 5004/49/1653 4958/50/1653 4976/51/1653
f 4976/51/1654 4958/50/1654 4959/52/1654 4977/53/1654
f 5004/49/1655 5000/54/1655 4957/55/1655 4958/50/1655
f 4958/50/1655 4957/55/1655 5020/56/1655 4956/57/1655 4959/52/1655
f 4993/58/1656 4992/59/1656 4962/60/1656 4978/61/1656
f 4978/61/1657 4962/60/1657 4963/62/1657 4979/63/1657
f 5007/41/1658 5006/40/1658 5065/40/1658 5066/41/1658
f 4992/59/1659 4988/64/1659 4961/65/1659 4962/60/1659
f 4962/60/1660 4961/65/1660 4960/66/1660 4963/62/1660
f 5017/67/1661 5016/68/1661 4966/69/1661 4980/70/1661
f 4980/70/1662 4966/69/1662 4967/71/1662 4981/72/1662
f 5016/68/1663 5012/73/1663 4965/74/1663 4966/69/1663
f 4966/69/1664 4965/74/1664 4964/75/1664 4967/71/1664
f 5003/76/1665 5005/48/1665 5056/48/1665 5028/76/1665
f 5008/44/1666 5007/41/1666 5066/41/1666 5067/44/1666
f 5014/77/1667 5015/78/1667 5047/78/1667 5045/77/1667
f 5008/44/1668 5011/46/1668 4973/47/1668 4948/45/1668
f 4996/36/1669 4999/38/1669 4974/39/1669 4951/37/1669
f 4984/28/1670 4987/30/1670 4975/31/1670 4954/29/1670
f 4979/63/1671 4963/62/1671 4985/9/1671 4987/30/1671
f 5011/46/1672 5008/44/1672 5067/44/1672 5068/46/1672
f 4963/62/1673 4960/66/1673 4986/10/1673 4985/9/1673
f 4951/37/1674 4974/39/1674 4993/58/1674 4991/79/1674
f 4950/8/1675 4942/7/1675 4988/64/1675 4992/59/1675
f 4941/35/1676 4952/34/1676 4990/80/1676 4989/81/1676
f 4952/34/1677 4951/37/1677 4991/79/1677 4990/80/1677
f 4974/39/1678 4950/8/1678 4992/59/1678 4993/58/1678
f 5005/48/1679 4976/51/1679 5031/51/1679 5056/48/1679
f 4977/53/1680 4959/52/1680 4997/5/1680 4999/38/1680
f 5013/82/1681 5014/77/1681 5045/77/1681 5043/82/1681
f 4959/52/1655 4956/57/1655 4998/6/1655 4997/5/1655
f 4948/45/1682 4973/47/1682 5005/48/1682 5003/76/1682
f 4947/4/1683 4940/3/1683 5000/54/1683 5004/49/1683
f 4939/43/1684 4949/42/1684 5002/83/1684 5001/84/1684
f 4949/42/1685 4948/45/1685 5003/76/1685 5002/83/1685
f 4973/47/1686 4947/4/1686 5004/49/1686 5005/48/1686
f 4983/25/1687 4982/24/1687 5057/24/1687 5058/25/1687
f 4981/72/1688 4967/71/1688 5009/1/1688 5011/46/1688
f 4981/72/1689 5011/46/1689 5068/46/1689 5051/72/1689
f 4967/71/1690 4964/75/1690 5010/2/1690 5009/1/1690
f 4945/85/1691 4972/86/1691 5017/67/1691 5015/78/1691
f 4946/87/1692 4690/88/1692 5012/73/1692 5016/68/1692
f 4938/89/1693 4944/90/1693 5014/77/1693 5013/82/1693
f 4944/90/1694 4945/85/1694 5015/78/1694 5014/77/1694
f 4972/86/1695 4946/87/1695 5016/68/1695 5017/67/1695
f 4969/91/1696 5018/20/1696 5019/92/1696 4968/93/1696
f 5019/92/1697 5018/20/1697 4970/19/1697 4971/94/1697
f 5020/21/1698 5018/20/1698 4969/91/1698 4438/95/1698 4986/96/1698 4960/97/1698 4961/98/1698 4988/99/1698 4942/100/1698 4998/101/1698 4956/102/1698
f 5026/83/1699 5028/76/1699 5029/103/1699 5027/104/1699
f 5025/84/1700 5026/83/1700 5027/104/1700 5021/105/1700
f 5035/80/1701 5037/79/1701 5038/106/1701 5036/107/1701
f 5034/81/1702 5035/80/1702 5036/107/1702 5023/108/1702
f 5045/77/1703 5047/78/1703 5048/109/1703 5046/110/1703
f 5043/82/1704 5045/77/1704 5046/110/1704 5044/111/1704
f 5048/109/1705 5050/70/1705 5051/72/1705 5049/112/1705
f 5047/78/1706 5054/67/1706 5050/70/1706 5048/109/1706
f 5038/106/1707 5040/61/1707 5041/63/1707 5039/113/1707
f 5037/79/1708 5055/58/1708 5040/61/1708 5038/106/1708
f 5029/103/1709 5031/51/1709 5032/53/1709 5030/114/1709
f 5028/76/1710 5056/48/1710 5031/51/1710 5029/103/1710
f 5039/113/1711 5041/63/1711 5060/30/1711 5059/28/1711
f 5042/115/1712 5039/113/1712 5059/28/1712 5058/25/1712
f 5022/116/1713 5042/115/1713 5058/25/1713 5057/24/1713
f 5030/114/1714 5032/53/1714 5064/38/1714 5063/36/1714
f 5033/117/1715 5030/114/1715 5063/36/1715 5062/33/1715
f 5024/118/1716 5033/117/1716 5062/33/1716 5061/32/1716
f 5049/112/1717 5051/72/1717 5068/46/1717 5067/44/1717
f 5052/119/1718 5049/112/1718 5067/44/1718 5066/41/1718
f 5053/120/1719 5052/119/1719 5066/41/1719 5065/40/1719
f 4977/53/1720 4999/38/1720 5064/38/1720 5032/53/1720
f 5001/84/1721 5002/83/1721 5026/83/1721 5025/84/1721
f 4999/38/1722 4996/36/1722 5063/36/1722 5064/38/1722
f 5002/83/1723 5003/76/1723 5028/76/1723 5026/83/1723
f 4996/36/1724 4995/33/1724 5062/33/1724 5063/36/1724
f 4991/79/1725 4993/58/1725 5055/58/1725 5037/79/1725
f 4995/33/1726 4994/32/1726 5061/32/1726 5062/33/1726
f 4980/70/1727 4981/72/1727 5051/72/1727 5050/70/1727
f 4979/63/1728 4987/30/1728 5060/30/1728 5041/63/1728
f 5017/67/1729 4980/70/1729 5050/70/1729 5054/67/1729
f 4989/81/1730 4990/80/1730 5035/80/1730 5034/81/1730
f 4987/30/1731 4984/28/1731 5059/28/1731 5060/30/1731
f 4978/61/1732 4979/63/1732 5041/63/1732 5040/61/1732
f 4990/80/1733 4991/79/1733 5037/79/1733 5035/80/1733
f 5015/78/1734 5017/67/1734 5054/67/1734 5047/78/1734
f 4993/58/1735 4978/61/1735 5040/61/1735 5055/58/1735
f 4984/28/1736 4983/25/1736 5058/25/1736 5059/28/1736
f 4976/51/1737 4977/53/1737 5032/53/1737 5031/51/1737
f 4875/40/1738 5006/40/1738 4939/43/1738 4821/43/1738
f 4565/88/1739 4690/88/1739 4946/87/1739 4572/87/1739
f 4863/32/1740 4994/32/1740 4941/35/1740 4823/35/1740
f 4851/24/1741 4982/24/1741 4943/27/1741 4311/27/1741
f 4311/27/1742 4943/27/1742 4955/26/1742 4321/26/1742
f 4312/95/1743 4438/95/1743 4969/91/1743 4335/91/1743
f 4570/90/1744 4944/90/1744 4938/89/1744 4564/89/1744
f 4571/85/1745 4945/85/1745 4944/90/1745 4570/90/1745
f 4572/87/1746 4946/87/1746 4972/86/1746 4593/86/1746
f 4319/12/1747 4953/12/1747 4438/11/1747 4312/11/1747
f 4320/29/1748 4954/29/1748 4975/31/1748 4338/31/1748
f 4321/26/1749 4955/26/1749 4954/29/1749 4320/29/1749
f 4870/84/1750 5001/84/1750 5025/84/1750 4894/84/1750
f 4882/82/1751 5013/82/1751 5043/82/1751 4912/82/1751
f 4335/91/1752 4969/91/1752 4968/93/1752 4334/93/1752
f 4591/19/1753 4970/19/1753 4690/18/1753 4565/18/1753
f 4592/94/1754 4971/94/1754 4970/19/1754 4591/19/1754
f 4593/86/1755 4972/86/1755 4945/85/1755 4571/85/1755
f 4338/31/1756 4975/31/1756 4953/12/1756 4319/12/1756
f 4926/24/1757 5057/24/1757 4982/24/1757 4851/24/1757
f 4823/35/1758 4941/35/1758 4989/81/1758 4858/81/1758
f 4821/43/1759 4939/43/1759 5001/84/1759 4870/84/1759
f 4930/32/1760 5061/32/1760 4994/32/1760 4863/32/1760
f 4890/105/1761 5021/105/1761 5027/104/1761 4896/104/1761
f 4564/89/1762 4938/89/1762 5013/82/1762 4882/82/1762
f 4888/92/1763 5019/92/1763 4971/94/1763 4592/94/1763
f 4334/93/1764 4968/93/1764 5019/92/1764 4888/92/1764
f 4898/103/1765 5029/103/1765 5030/114/1765 4899/114/1765
f 4896/104/1766 5027/104/1766 5029/103/1766 4898/103/1766
f 4899/114/1767 5030/114/1767 5033/117/1767 4902/117/1767
f 4894/84/1768 5025/84/1768 5021/105/1768 4890/105/1768
f 4893/118/1769 5024/118/1769 5061/32/1769 4930/32/1769
f 4907/106/1770 5038/106/1770 5039/113/1770 4908/113/1770
f 4905/107/1771 5036/107/1771 5038/106/1771 4907/106/1771
f 4908/113/1772 5039/113/1772 5042/115/1772 4911/115/1772
f 4902/117/1773 5033/117/1773 5024/118/1773 4893/118/1773
f 4912/82/1774 5043/82/1774 5044/111/1774 4913/111/1774
f 4917/109/1775 5048/109/1775 5049/112/1775 4918/112/1775
f 4915/110/1776 5046/110/1776 5048/109/1776 4917/109/1776
f 4918/112/1777 5049/112/1777 5052/119/1777 4921/119/1777
f 4913/111/1778 5044/111/1778 5046/110/1778 4915/110/1778
f 4921/119/1779 5052/119/1779 5053/120/1779 4922/120/1779
f 4892/108/1780 5023/108/1780 5036/107/1780 4905/107/1780
f 4922/120/1781 5053/120/1781 5065/40/1781 4934/40/1781
f 4903/81/1782 5034/81/1782 5023/108/1782 4892/108/1782
f 4934/40/1783 5065/40/1783 5006/40/1783 4875/40/1783
f 4858/81/1784 4989/81/1784 5034/81/1784 4903/81/1784
f 4911/115/1785 5042/115/1785 5022/116/1785 4891/116/1785
f 4891/116/1786 5022/116/1786 5057/24/1786 4926/24/1786
f 5134/1/1046 5135/2/1046 5070/3/1046 5075/4/1046
f 5122/5/1047 5123/6/1047 5072/7/1047 5078/8/1047
f 5110/9/1048 5111/10/1048 5074/11/1048 5081/12/1048
f 5070/13/1049 5135/14/1049 5092/15/1049 5093/16/1049 5137/17/1049 4042/18/1049 4075/19/1049 5143/20/1049 5145/21/1049 5085/22/1049 5125/23/1049
f 5107/24/1050 5108/25/1050 5083/26/1050 5073/27/1050
f 5108/25/1051 5109/28/1051 5082/29/1051 5083/26/1051
f 5112/30/1052 5110/9/1052 5081/12/1052 5100/31/1052
f 5119/32/1053 5120/33/1053 5080/34/1053 5071/35/1053
f 5120/33/1054 5121/36/1054 5079/37/1054 5080/34/1054
f 5124/38/1055 5122/5/1055 5078/8/1055 5099/39/1055
f 5131/40/1056 5132/41/1056 5077/42/1056 5069/43/1056
f 5132/41/1057 5133/44/1057 5076/45/1057 5077/42/1057
f 5136/46/1058 5134/1/1058 5075/4/1058 5098/47/1058
f 5130/48/1059 5129/49/1059 5086/50/1059 5101/51/1059
f 5101/51/1060 5086/50/1060 5087/52/1060 5102/53/1060
f 5129/49/1061 5125/54/1061 5085/55/1061 5086/50/1061
f 5086/50/1062 5085/55/1062 5145/56/1062 5084/57/1062 5087/52/1062
f 5118/58/1063 5117/59/1063 5090/60/1063 5103/61/1063
f 5103/61/1064 5090/60/1064 5091/62/1064 5104/63/1064
f 5132/41/1065 5131/40/1065 5190/40/1065 5191/41/1065
f 5117/59/1066 5113/64/1066 5089/65/1066 5090/60/1066
f 5090/60/1067 5089/65/1067 5088/66/1067 5091/62/1067
f 5142/67/1068 5141/68/1068 5094/69/1068 5105/70/1068
f 5105/70/1069 5094/69/1069 5095/71/1069 5106/72/1069
f 5141/68/1070 5137/73/1070 5093/74/1070 5094/69/1070
f 5094/69/1071 5093/74/1071 5092/75/1071 5095/71/1071
f 5128/76/1072 5130/48/1072 5181/48/1072 5153/76/1072
f 5133/44/1073 5132/41/1073 5191/41/1073 5192/44/1073
f 5139/77/1074 5140/78/1074 5172/78/1074 5170/77/1074
f 5133/44/1075 5136/46/1075 5098/47/1075 5076/45/1075
f 5121/36/1076 5124/38/1076 5099/39/1076 5079/37/1076
f 5109/28/1077 5112/30/1077 5100/31/1077 5082/29/1077
f 5104/63/1078 5091/62/1078 5110/9/1078 5112/30/1078
f 5136/46/1079 5133/44/1079 5192/44/1079 5193/46/1079
f 5091/62/1080 5088/66/1080 5111/10/1080 5110/9/1080
f 5079/37/1081 5099/39/1081 5118/58/1081 5116/79/1081
f 5078/8/1082 5072/7/1082 5113/64/1082 5117/59/1082
f 5071/35/1083 5080/34/1083 5115/80/1083 5114/81/1083
f 5080/34/1084 5079/37/1084 5116/79/1084 5115/80/1084
f 5099/39/1085 5078/8/1085 5117/59/1085 5118/58/1085
f 5130/48/1086 5101/51/1086 5156/51/1086 5181/48/1086
f 5102/53/1087 5087/52/1087 5122/5/1087 5124/38/1087
f 5138/82/1088 5139/77/1088 5170/77/1088 5168/82/1088
f 5087/52/1089 5084/57/1089 5123/6/1089 5122/5/1089
f 5076/45/1090 5098/47/1090 5130/48/1090 5128/76/1090
f 5075/4/1091 5070/3/1091 5125/54/1091 5129/49/1091
f 5069/43/1092 5077/42/1092 5127/83/1092 5126/84/1092
f 5077/42/1093 5076/45/1093 5128/76/1093 5127/83/1093
f 5098/47/1094 5075/4/1094 5129/49/1094 5130/48/1094
f 5108/25/1095 5107/24/1095 5182/24/1095 5183/25/1095
f 5106/72/1096 5095/71/1096 5134/1/1096 5136/46/1096
f 5106/72/1097 5136/46/1097 5193/46/1097 5176/72/1097
f 5095/71/1098 5092/75/1098 5135/2/1098 5134/1/1098
f 4050/85/1099 4077/86/1099 5142/67/1099 5140/78/1099
f 4051/87/1100 4042/88/1100 5137/73/1100 5141/68/1100
f 4041/89/1101 4049/90/1101 5139/77/1101 5138/82/1101
f 4049/90/1102 4050/85/1102 5140/78/1102 5139/77/1102
f 4077/86/1103 4051/87/1103 5141/68/1103 5142/67/1103
f 5097/91/1104 5143/20/1104 5144/92/1104 5096/93/1104
f 5144/92/1105 5143/20/1105 4075/19/1105 4076/94/1105
f 5145/21/1106 5143/20/1106 5097/91/1106 5074/95/1106 5111/96/1106 5088/97/1106 5089/98/1106 5113/99/1106 5072/100/1106 5123/101/1106 5084/102/1106
f 5151/83/1107 5153/76/1107 5154/103/1107 5152/104/1107
f 5150/84/1108 5151/83/1108 5152/104/1108 5146/105/1108
f 5160/80/1109 5162/79/1109 5163/106/1109 5161/107/1109
f 5159/81/1110 5160/80/1110 5161/107/1110 5148/108/1110
f 5170/77/1111 5172/78/1111 5173/109/1111 5171/110/1111
f 5168/82/1112 5170/77/1112 5171/110/1112 5169/111/1112
f 5173/109/1113 5175/70/1113 5176/72/1113 5174/112/1113
f 5172/78/1114 5179/67/1114 5175/70/1114 5173/109/1114
f 5163/106/1115 5165/61/1115 5166/63/1115 5164/113/1115
f 5162/79/1116 5180/58/1116 5165/61/1116 5163/106/1116
f 5154/103/1117 5156/51/1117 5157/53/1117 5155/114/1117
f 5153/76/1118 5181/48/1118 5156/51/1118 5154/103/1118
f 5164/113/1119 5166/63/1119 5185/30/1119 5184/28/1119
f 5167/115/1120 5164/113/1120 5184/28/1120 5183/25/1120
f 5147/116/1121 5167/115/1121 5183/25/1121 5182/24/1121
f 5155/114/1122 5157/53/1122 5189/38/1122 5188/36/1122
f 5158/117/1123 5155/114/1123 5188/36/1123 5187/33/1123
f 5149/118/1124 5158/117/1124 5187/33/1124 5186/32/1124
f 5174/112/1125 5176/72/1125 5193/46/1125 5192/44/1125
f 5177/119/1126 5174/112/1126 5192/44/1126 5191/41/1126
f 5178/120/1127 5177/119/1127 5191/41/1127 5190/40/1127
f 5102/53/1128 5124/38/1128 5189/38/1128 5157/53/1128
f 5126/84/1129 5127/83/1129 5151/83/1129 5150/84/1129
f 5124/38/1130 5121/36/1130 5188/36/1130 5189/38/1130
f 5127/83/1131 5128/76/1131 5153/76/1131 5151/83/1131
f 5121/36/1132 5120/33/1132 5187/33/1132 5188/36/1132
f 5116/79/1133 5118/58/1133 5180/58/1133 5162/79/1133
f 5120/33/1134 5119/32/1134 5186/32/1134 5187/33/1134
f 5105/70/1135 5106/72/1135 5176/72/1135 5175/70/1135
f 5104/63/1136 5112/30/1136 5185/30/1136 5166/63/1136
f 5142/67/1137 5105/70/1137 5175/70/1137 5179/67/1137
f 5114/81/1138 5115/80/1138 5160/80/1138 5159/81/1138
f 5112/30/1139 5109/28/1139 5184/28/1139 5185/30/1139
f 5103/61/1140 5104/63/1140 5166/63/1140 5165/61/1140
f 5115/80/1141 5116/79/1141 5162/79/1141 5160/80/1141
f 5140/78/1142 5142/67/1142 5179/67/1142 5172/78/1142
f 5118/58/1143 5103/61/1143 5165/61/1143 5180/58/1143
f 5109/28/1144 5108/25/1144 5183/25/1144 5184/28/1144
f 5101/51/1145 5102/53/1145 5157/53/1145 5156/51/1145
f 5266/1/1146 5204/4/1146 5196/3/1146 5267/2/1146
f 5254/5/1147 5207/8/1147 5198/7/1147 5255/6/1147
f 5242/9/1148 5210/12/1148 5200/11/1148 5243/10/1148
f 5196/13/1149 5257/23/1149 5214/22/1149 5277/21/1149 5275/20/1149 5227/19/1149 4175/18/1149 5269/17/1149 5222/16/1149 5221/15/1149 5267/14/1149
f 5239/24/1150 5199/27/1150 5212/26/1150 5240/25/1150
f 5240/25/1151 5212/26/1151 5211/29/1151 5241/28/1151
f 5244/30/1152 5232/31/1152 5210/12/1152 5242/9/1152
f 5251/32/1153 5197/35/1153 5209/34/1153 5252/33/1153
f 5252/33/1154 5209/34/1154 5208/37/1154 5253/36/1154
f 5256/38/1155 5231/39/1155 5207/8/1155 5254/5/1155
f 5263/40/1156 5195/43/1156 5206/42/1156 5264/41/1156
f 5264/41/1157 5206/42/1157 5205/45/1157 5265/44/1157
f 5268/46/1158 5230/47/1158 5204/4/1158 5266/1/1158
f 5262/48/1159 5233/51/1159 5215/50/1159 5261/49/1159
f 5233/51/1160 5234/53/1160 5216/52/1160 5215/50/1160
f 5261/49/1161 5215/50/1161 5214/55/1161 5257/54/1161
f 5215/50/1161 5216/52/1161 5213/57/1161 5277/56/1161 5214/55/1161
f 5250/58/1162 5235/61/1162 5219/60/1162 5249/59/1162
f 5235/61/1163 5236/63/1163 5220/62/1163 5219/60/1163
f 5264/41/1164 5323/41/1164 5322/40/1164 5263/40/1164
f 5249/59/1165 5219/60/1165 5218/65/1165 5245/64/1165
f 5219/60/1166 5220/62/1166 5217/66/1166 5218/65/1166
f 5274/67/1167 5237/70/1167 5223/69/1167 5273/68/1167
f 5237/70/1168 5238/72/1168 5224/71/1168 5223/69/1168
f 5273/68/1169 5223/69/1169 5222/74/1169 5269/73/1169
f 5223/69/1170 5224/71/1170 5221/75/1170 5222/74/1170
f 5260/76/1171 5285/76/1171 5313/48/1171 5262/48/1171
f 5265/44/1172 5324/44/1172 5323/41/1172 5264/41/1172
f 5271/77/1173 5302/77/1173 5304/78/1173 5272/78/1173
f 5265/44/1174 5205/45/1174 5230/47/1174 5268/46/1174
f 5253/36/1175 5208/37/1175 5231/39/1175 5256/38/1175
f 5241/28/1176 5211/29/1176 5232/31/1176 5244/30/1176
f 5236/63/1177 5244/30/1177 5242/9/1177 5220/62/1177
f 5268/46/1178 5325/46/1178 5324/44/1178 5265/44/1178
f 5220/62/1179 5242/9/1179 5243/10/1179 5217/66/1179
f 5208/37/1180 5248/79/1180 5250/58/1180 5231/39/1180
f 5207/8/1181 5249/59/1181 5245/64/1181 5198/7/1181
f 5197/35/1182 5246/81/1182 5247/80/1182 5209/34/1182
f 5209/34/1183 5247/80/1183 5248/79/1183 5208/37/1183
f 5231/39/1184 5250/58/1184 5249/59/1184 5207/8/1184
f 5262/48/1185 5313/48/1185 5288/51/1185 5233/51/1185
f 5234/53/1186 5256/38/1186 5254/5/1186 5216/52/1186
f 5270/82/1187 5300/82/1187 5302/77/1187 5271/77/1187
f 5216/52/1161 5254/5/1161 5255/6/1161 5213/57/1161
f 5205/45/1188 5260/76/1188 5262/48/1188 5230/47/1188
f 5204/4/1189 5261/49/1189 5257/54/1189 5196/3/1189
f 5195/43/1190 5258/84/1190 5259/83/1190 5206/42/1190
f 5206/42/1191 5259/83/1191 5260/76/1191 5205/45/1191
f 5230/47/1192 5262/48/1192 5261/49/1192 5204/4/1192
f 5240/25/1193 5315/25/1193 5314/24/1193 5239/24/1193
f 5238/72/1194 5268/46/1194 5266/1/1194 5224/71/1194
f 5238/72/1195 5308/72/1195 5325/46/1195 5268/46/1195
f 5224/71/1196 5266/1/1196 5267/2/1196 5221/75/1196
f 5202/85/1197 5272/78/1197 5274/67/1197 5229/86/1197
f 5203/87/1198 5273/68/1198 5269/73/1198 4175/88/1198
f 5194/89/1199 5270/82/1199 5271/77/1199 5201/90/1199
f 5201/90/1200 5271/77/1200 5272/78/1200 5202/85/1200
f 5229/86/1201 5274/67/1201 5273/68/1201 5203/87/1201
f 5226/91/1202 5225/93/1202 5276/92/1202 5275/20/1202
f 5276/92/1203 5228/94/1203 5227/19/1203 5275/20/1203
f 5277/21/1204 5213/102/1204 5255/101/1204 5198/100/1204 5245/99/1204 5218/98/1204 5217/97/1204 5243/96/1204 5200/95/1204 5226/91/1204 5275/20/1204
f 5283/83/1205 5284/104/1205 5286/103/1205 5285/76/1205
f 5282/84/1206 5278/105/1206 5284/104/1206 5283/83/1206
f 5292/80/1207 5293/107/1207 5295/106/1207 5294/79/1207
f 5291/81/1208 5280/108/1208 5293/107/1208 5292/80/1208
f 5302/77/1209 5303/110/1209 5305/109/1209 5304/78/1209
f 5300/82/1210 5301/111/1210 5303/110/1210 5302/77/1210
f 5305/109/1211 5306/112/1211 5308/72/1211 5307/70/1211
f 5304/78/1212 5305/109/1212 5307/70/1212 5311/67/1212
f 5295/106/1213 5296/113/1213 5298/63/1213 5297/61/1213
f 5294/79/1214 5295/106/1214 5297/61/1214 5312/58/1214
f 5286/103/1215 5287/114/1215 5289/53/1215 5288/51/1215
f 5285/76/1216 5286/103/1216 5288/51/1216 5313/48/1216
f 5296/113/1217 5316/28/1217 5317/30/1217 5298/63/1217
f 5299/115/1218 5315/25/1218 5316/28/1218 5296/113/1218
f 5279/116/1219 5314/24/1219 5315/25/1219 5299/115/1219
f 5287/114/1220 5320/36/1220 5321/38/1220 5289/53/1220
f 5290/117/1221 5319/33/1221 5320/36/1221 5287/114/1221
f 5281/118/1222 5318/32/1222 5319/33/1222 5290/117/1222
f 5306/112/1223 5324/44/1223 5325/46/1223 5308/72/1223
f 5309/119/1224 5323/41/1224 5324/44/1224 5306/112/1224
f 5310/120/1225 5322/40/1225 5323/41/1225 5309/119/1225
f 5234/53/1226 5289/53/1226 5321/38/1226 5256/38/1226
f 5258/84/1227 5282/84/1227 5283/83/1227 5259/83/1227
f 5256/38/1228 5321/38/1228 5320/36/1228 5253/36/1228
f 5259/83/1229 5283/83/1229 5285/76/1229 5260/76/1229
f 5253/36/1230 5320/36/1230 5319/33/1230 5252/33/1230
f 5248/79/1231 5294/79/1231 5312/58/1231 5250/58/1231
f 5252/33/1232 5319/33/1232 5318/32/1232 5251/32/1232
f 5237/70/1233 5307/70/1233 5308/72/1233 5238/72/1233
f 5236/63/1234 5298/63/1234 5317/30/1234 5244/30/1234
f 5274/67/1235 5311/67/1235 5307/70/1235 5237/70/1235
f 5246/81/1236 5291/81/1236 5292/80/1236 5247/80/1236
f 5244/30/1237 5317/30/1237 5316/28/1237 5241/28/1237
f 5235/61/1238 5297/61/1238 5298/63/1238 5236/63/1238
f 5247/80/1239 5292/80/1239 5294/79/1239 5248/79/1239
f 5272/78/1240 5304/78/1240 5311/67/1240 5274/67/1240
f 5250/58/1241 5312/58/1241 5297/61/1241 5235/61/1241
f 5241/28/1242 5316/28/1242 5315/25/1242 5240/25/1242
f 5233/51/1243 5288/51/1243 5289/53/1243 5234/53/1243
f 5131/40/1244 5069/43/1244 5195/43/1244 5263/40/1244
f 4042/88/1245 4051/87/1245 5203/87/1245 4175/88/1245
f 5119/32/1246 5071/35/1246 5197/35/1246 5251/32/1246
f 5107/24/1247 5073/27/1247 5199/27/1247 5239/24/1247
f 5073/27/1248 5083/26/1248 5212/26/1248 5199/27/1248
f 5074/95/1249 5097/91/1249 5226/91/1249 5200/95/1249
f 4049/90/1250 4041/89/1250 5194/89/1250 5201/90/1250
f 4050/85/1251 4049/90/1251 5201/90/1251 5202/85/1251
f 4051/87/1252 4077/86/1252 5229/86/1252 5203/87/1252
f 5081/12/1253 5074/11/1253 5200/11/1253 5210/12/1253
f 5082/29/1254 5100/31/1254 5232/31/1254 5211/29/1254
f 5083/26/1255 5082/29/1255 5211/29/1255 5212/26/1255
f 5126/84/1256 5150/84/1256 5282/84/1256 5258/84/1256
f 5138/82/1257 5168/82/1257 5300/82/1257 5270/82/1257
f 5097/91/1258 5096/93/1258 5225/93/1258 5226/91/1258
f 4075/19/1259 4042/18/1259 4175/18/1259 5227/19/1259
f 4076/94/1260 4075/19/1260 5227/19/1260 5228/94/1260
f 4077/86/1261 4050/85/1261 5202/85/1261 5229/86/1261
f 5100/31/1262 5081/12/1262 5210/12/1262 5232/31/1262
f 5182/24/1263 5107/24/1263 5239/24/1263 5314/24/1263
f 5071/35/1264 5114/81/1264 5246/81/1264 5197/35/1264
f 5069/43/1265 5126/84/1265 5258/84/1265 5195/43/1265
f 5186/32/1266 5119/32/1266 5251/32/1266 5318/32/1266
f 5146/105/1267 5152/104/1267 5284/104/1267 5278/105/1267
f 4041/89/1268 5138/82/1268 5270/82/1268 5194/89/1268
f 5144/92/1269 4076/94/1269 5228/94/1269 5276/92/1269
f 5096/93/1270 5144/92/1270 5276/92/1270 5225/93/1270
f 5154/103/1271 5155/114/1271 5287/114/1271 5286/103/1271
f 5152/104/1272 5154/103/1272 5286/103/1272 5284/104/1272
f 5155/114/1273 5158/117/1273 5290/117/1273 5287/114/1273
f 5150/84/1274 5146/105/1274 5278/105/1274 5282/84/1274
f 5149/118/1275 5186/32/1275 5318/32/1275 5281/118/1275
f 5163/106/1276 5164/113/1276 5296/113/1276 5295/106/1276
f 5161/107/1277 5163/106/1277 5295/106/1277 5293/107/1277
f 5164/113/1278 5167/115/1278 5299/115/1278 5296/113/1278
f 5158/117/1279 5149/118/1279 5281/118/1279 5290/117/1279
f 5168/82/1280 5169/111/1280 5301/111/1280 5300/82/1280
f 5173/109/1281 5174/112/1281 5306/112/1281 5305/109/1281
f 5171/110/1282 5173/109/1282 5305/109/1282 5303/110/1282
f 5174/112/1283 5177/119/1283 5309/119/1283 5306/112/1283
f 5169/111/1284 5171/110/1284 5303/110/1284 5301/111/1284
f 5177/119/1285 5178/120/1285 5310/120/1285 5309/119/1285
f 5148/108/1286 5161/107/1286 5293/107/1286 5280/108/1286
f 5178/120/1287 5190/40/1287 5322/40/1287 5310/120/1287
f 5159/81/1288 5148/108/1288 5280/108/1288 5291/81/1288
f 5190/40/1289 5131/40/1289 5263/40/1289 5322/40/1289
f 5114/81/1290 5159/81/1290 5291/81/1290 5246/81/1290
f 5167/115/1291 5147/116/1291 5279/116/1291 5299/115/1291
f 5147/116/1292 5182/24/1292 5314/24/1292 5279/116/1292
f 5391/1/799 5332/4/799 5327/3/799 5392/2/799
f 5379/5/800 5335/8/800 5329/7/800 5380/6/800
f 5367/9/801 5338/12/801 5331/11/801 5368/10/801
f 5327/13/802 5382/23/802 5342/22/802 5402/21/802 5400/20/802 4075/19/802 4042/18/802 5394/17/802 5350/16/802 5349/15/802 5392/14/802
f 5364/24/803 5330/27/803 5340/26/803 5365/25/803
f 5365/25/804 5340/26/804 5339/29/804 5366/28/804
f 5369/30/805 5357/31/805 5338/12/805 5367/9/805
f 5376/32/806 5328/35/806 5337/34/806 5377/33/806
f 5377/33/807 5337/34/807 5336/37/807 5378/36/807
f 5381/38/808 5356/39/808 5335/8/808 5379/5/808
f 5388/40/809 5326/43/809 5334/42/809 5389/41/809
f 5389/41/810 5334/42/810 5333/45/810 5390/44/810
f 5393/46/811 5355/47/811 5332/4/811 5391/1/811
f 5387/48/812 5358/51/812 5343/50/812 5386/49/812
f 5358/51/813 5359/53/813 5344/52/813 5343/50/813
f 5386/49/814 5343/50/814 5342/55/814 5382/54/814
f 5343/50/815 5344/52/815 5341/57/815 5402/56/815 5342/55/815
f 5375/58/816 5360/61/816 5347/60/816 5374/59/816
f 5360/61/817 5361/63/817 5348/62/817 5347/60/817
f 5389/41/818 5448/41/818 5447/40/818 5388/40/818
f 5374/59/819 5347/60/819 5346/65/819 5370/64/819
f 5347/60/820 5348/62/820 5345/66/820 5346/65/820
f 5399/67/821 5362/70/821 5351/69/821 5398/68/821
f 5362/70/822 5363/72/822 5352/71/822 5351/69/822
f 5398/68/823 5351/69/823 5350/74/823 5394/73/823
f 5351/69/824 5352/71/824 5349/75/824 5350/74/824
f 5385/76/825 5410/76/825 5438/48/825 5387/48/825
f 5390/44/826 5449/44/826 5448/41/826 5389/41/826
f 5396/77/827 5427/77/827 5429/78/827 5397/78/827
f 5390/44/828 5333/45/828 5355/47/828 5393/46/828
f 5378/36/829 5336/37/829 5356/39/829 5381/38/829
f 5366/28/830 5339/29/830 5357/31/830 5369/30/830
f 5361/63/831 5369/30/831 5367/9/831 5348/62/831
f 5393/46/832 5450/46/832 5449/44/832 5390/44/832
f 5348/62/833 5367/9/833 5368/10/833 5345/66/833
f 5336/37/834 5373/79/834 5375/58/834 5356/39/834
f 5335/8/835 5374/59/835 5370/64/835 5329/7/835
f 5328/35/836 5371/81/836 5372/80/836 5337/34/836
f 5337/34/837 5372/80/837 5373/79/837 5336/37/837
f 5356/39/838 5375/58/838 5374/59/838 5335/8/838
f 5387/48/839 5438/48/839 5413/51/839 5358/51/839
f 5359/53/840 5381/38/840 5379/5/840 5344/52/840
f 5395/82/841 5425/82/841 5427/77/841 5396/77/841
f 5344/52/842 5379/5/842 5380/6/842 5341/57/842
f 5333/45/843 5385/76/843 5387/48/843 5355/47/843
f 5332/4/844 5386/49/844 5382/54/844 5327/3/844
f 5326/43/845 5383/84/845 5384/83/845 5334/42/845
f 5334/42/846 5384/83/846 5385/76/846 5333/45/846
f 5355/47/847 5387/48/847 5386/49/847 5332/4/847
f 5365/25/848 5440/25/848 5439/24/848 5364/24/848
f 5363/72/849 5393/46/849 5391/1/849 5352/71/849
f 5363/72/850 5433/72/850 5450/46/850 5393/46/850
f 5352/71/851 5391/1/851 5392/2/851 5349/75/851
f 4050/85/852 5397/78/852 5399/67/852 4077/86/852
f 4051/87/853 5398/68/853 5394/73/853 4042/88/853
f 4041/89/854 5395/82/854 5396/77/854 4049/90/854
f 4049/90/855 5396/77/855 5397/78/855 4050/85/855
f 4077/86/856 5399/67/856 5398/68/856 4051/87/856
f 5354/91/857 5353/93/857 5401/92/857 5400/20/857
f 5401/92/858 4076/94/858 4075/19/858 5400/20/858
f 5402/21/859 5341/102/859 5380/101/859 5329/100/859 5370/99/859 5346/98/859 5345/97/859 5368/96/859 5331/95/859 5354/91/859 5400/20/859
f 5408/83/860 5409/104/860 5411/103/860 5410/76/860
f 5407/84/861 5403/105/861 5409/104/861 5408/83/861
f 5417/80/862 5418/107/862 5420/106/862 5419/79/862
f 5416/81/863 5405/108/863 5418/107/863 5417/80/863
f 5427/77/864 5428/110/864 5430/109/864 5429/78/864
f 5425/82/865 5426/111/865 5428/110/865 5427/77/865
f 5430/109/866 5431/112/866 5433/72/866 5432/70/866
f 5429/78/867 5430/109/867 5432/70/867 5436/67/867
f 5420/106/868 5421/113/868 5423/63/868 5422/61/868
f 5419/79/869 5420/106/869 5422/61/869 5437/58/869
f 5411/103/870 5412/114/870 5414/53/870 5413/51/870
f 5410/76/871 5411/103/871 5413/51/871 5438/48/871
f 5421/113/872 5441/28/872 5442/30/872 5423/63/872
f 5424/115/873 5440/25/873 5441/28/873 5421/113/873
f 5404/116/874 5439/24/874 5440/25/874 5424/115/874
f 5412/114/875 5445/36/875 5446/38/875 5414/53/875
f 5415/117/876 5444/33/876 5445/36/876 5412/114/876
f 5406/118/877 5443/32/877 5444/33/877 5415/117/877
f 5431/112/878 5449/44/878 5450/46/878 5433/72/878
f 5434/119/879 5448/41/879 5449/44/879 5431/112/879
f 5435/120/880 5447/40/880 5448/41/880 5434/119/880
f 5359/53/881 5414/53/881 5446/38/881 5381/38/881
f 5383/84/882 5407/84/882 5408/83/882 5384/83/882
f 5381/38/883 5446/38/883 5445/36/883 5378/36/883
f 5384/83/884 5408/83/884 5410/76/884 5385/76/884
f 5378/36/885 5445/36/885 5444/33/885 5377/33/885
f 5373/79/886 5419/79/886 5437/58/886 5375/58/886
f 5377/33/887 5444/33/887 5443/32/887 5376/32/887
f 5362/70/888 5432/70/888 5433/72/888 5363/72/888
f 5361/63/889 5423/63/889 5442/30/889 5369/30/889
f 5399/67/890 5436/67/890 5432/70/890 5362/70/890
f 5371/81/891 5416/81/891 5417/80/891 5372/80/891
f 5369/30/892 5442/30/892 5441/28/892 5366/28/892
f 5360/61/893 5422/61/893 5423/63/893 5361/63/893
f 5372/80/894 5417/80/894 5419/79/894 5373/79/894
f 5397/78/895 5429/78/895 5436/67/895 5399/67/895
f 5375/58/896 5437/58/896 5422/61/896 5360/61/896
f 5366/28/897 5441/28/897 5440/25/897 5365/25/897
f 5358/51/898 5413/51/898 5414/53/898 5359/53/898
f 5523/1/899 5524/2/899 5453/3/899 5461/4/899
f 5511/5/900 5512/6/900 5455/7/900 5464/8/900
f 5499/9/901 5500/10/901 5457/11/901 5467/12/901
f 5453/13/902 5524/14/902 5478/15/902 5479/16/902 5526/17/902 4175/18/902 5484/19/902 5532/20/902 5534/21/902 5471/22/902 5514/23/902
f 5496/24/903 5497/25/903 5469/26/903 5456/27/903
f 5497/25/904 5498/28/904 5468/29/904 5469/26/904
f 5501/30/905 5499/9/905 5467/12/905 5489/31/905
f 5508/32/906 5509/33/906 5466/34/906 5454/35/906
f 5509/33/907 5510/36/907 5465/37/907 5466/34/907
f 5513/38/908 5511/5/908 5464/8/908 5488/39/908
f 5520/40/909 5521/41/909 5463/42/909 5452/43/909
f 5521/41/910 5522/44/910 5462/45/910 5463/42/910
f 5525/46/911 5523/1/911 5461/4/911 5487/47/911
f 5519/48/912 5518/49/912 5472/50/912 5490/51/912
f 5490/51/913 5472/50/913 5473/52/913 5491/53/913
f 5518/49/914 5514/54/914 5471/55/914 5472/50/914
f 5472/50/914 5471/55/914 5534/56/914 5470/57/914 5473/52/914
f 5507/58/915 5506/59/915 5476/60/915 5492/61/915
f 5492/61/916 5476/60/916 5477/62/916 5493/63/916
f 5521/41/917 5520/40/917 5579/40/917 5580/41/917
f 5506/59/918 5502/64/918 5475/65/918 5476/60/918
f 5476/60/919 5475/65/919 5474/66/919 5477/62/919
f 5531/67/920 5530/68/920 5480/69/920 5494/70/920
f 5494/70/921 5480/69/921 5481/71/921 5495/72/921
f 5530/68/922 5526/73/922 5479/74/922 5480/69/922
f 5480/69/923 5479/74/923 5478/75/923 5481/71/923
f 5517/76/924 5519/48/924 5570/48/924 5542/76/924
f 5522/44/925 5521/41/925 5580/41/925 5581/44/925
f 5528/77/926 5529/78/926 5561/78/926 5559/77/926
f 5522/44/927 5525/46/927 5487/47/927 5462/45/927
f 5510/36/928 5513/38/928 5488/39/928 5465/37/928
f 5498/28/929 5501/30/929 5489/31/929 5468/29/929
f 5493/63/930 5477/62/930 5499/9/930 5501/30/930
f 5525/46/931 5522/44/931 5581/44/931 5582/46/931
f 5477/62/932 5474/66/932 5500/10/932 5499/9/932
f 5465/37/933 5488/39/933 5507/58/933 5505/79/933
f 5464/8/934 5455/7/934 5502/64/934 5506/59/934
f 5454/35/935 5466/34/935 5504/80/935 5503/81/935
f 5466/34/936 5465/37/936 5505/79/936 5504/80/936
f 5488/39/937 5464/8/937 5506/59/937 5507/58/937
f 5519/48/938 5490/51/938 5545/51/938 5570/48/938
f 5491/53/939 5473/52/939 5511/5/939 5513/38/939
f 5527/82/940 5528/77/940 5559/77/940 5557/82/940
f 5473/52/914 5470/57/914 5512/6/914 5511/5/914
f 5462/45/941 5487/47/941 5519/48/941 5517/76/941
f 5461/4/942 5453/3/942 5514/54/942 5518/49/942
f 5452/43/943 5463/42/943 5516/83/943 5515/84/943
f 5463/42/944 5462/45/944 5517/76/944 5516/83/944
f 5487/47/945 5461/4/945 5518/49/945 5519/48/945
f 5497/25/946 5496/24/946 5571/24/946 5572/25/946
f 5495/72/947 5481/71/947 5523/1/947 5525/46/947
f 5495/72/948 5525/46/948 5582/46/948 5565/72/948
f 5481/71/949 5478/75/949 5524/2/949 5523/1/949
f 5459/85/950 5486/86/950 5531/67/950 5529/78/950
f 5460/87/951 4175/88/951 5526/73/951 5530/68/951
f 5451/89/952 5458/90/952 5528/77/952 5527/82/952
f 5458/90/953 5459/85/953 5529/78/953 5528/77/953
f 5486/86/954 5460/87/954 5530/68/954 5531/67/954
f 5483/91/955 5532/20/955 5533/92/955 5482/93/955
f 5533/92/956 5532/20/956 5484/19/956 5485/94/956
f 5534/21/957 5532/20/957 5483/91/957 5457/95/957 5500/96/957 5474/97/957 5475/98/957 5502/99/957 5455/100/957 5512/101/957 5470/102/957
f 5540/83/958 5542/76/958 5543/103/958 5541/104/958
f 5539/84/959 5540/83/959 5541/104/959 5535/105/959
f 5549/80/960 5551/79/960 5552/106/960 5550/107/960
f 5548/81/961 5549/80/961 5550/107/961 5537/108/961
f 5559/77/962 5561/78/962 5562/109/962 5560/110/962
f 5557/82/963 5559/77/963 5560/110/963 5558/111/963
f 5562/109/964 5564/70/964 5565/72/964 5563/112/964
f 5561/78/965 5568/67/965 5564/70/965 5562/109/965
f 5552/106/966 5554/61/966 5555/63/966 5553/113/966
f 5551/79/967 5569/58/967 5554/61/967 5552/106/967
f 5543/103/968 5545/51/968 5546/53/968 5544/114/968
f 5542/76/969 5570/48/969 5545/51/969 5543/103/969
f 5553/113/970 5555/63/970 5574/30/970 5573/28/970
f 5556/115/971 5553/113/971 5573/28/971 5572/25/971
f 5536/116/972 5556/115/972 5572/25/972 5571/24/972
f 5544/114/973 5546/53/973 5578/38/973 5577/36/973
f 5547/117/974 5544/114/974 5577/36/974 5576/33/974
f 5538/118/975 5547/117/975 5576/33/975 5575/32/975
f 5563/112/976 5565/72/976 5582/46/976 5581/44/976
f 5566/119/977 5563/112/977 5581/44/977 5580/41/977
f 5567/120/978 5566/119/978 5580/41/978 5579/40/978
f 5491/53/979 5513/38/979 5578/38/979 5546/53/979
f 5515/84/980 5516/83/980 5540/83/980 5539/84/980
f 5513/38/981 5510/36/981 5577/36/981 5578/38/981
f 5516/83/982 5517/76/982 5542/76/982 5540/83/982
f 5510/36/983 5509/33/983 5576/33/983 5577/36/983
f 5505/79/984 5507/58/984 5569/58/984 5551/79/984
f 5509/33/985 5508/32/985 5575/32/985 5576/33/985
f 5494/70/986 5495/72/986 5565/72/986 5564/70/986
f 5493/63/987 5501/30/987 5574/30/987 5555/63/987
f 5531/67/988 5494/70/988 5564/70/988 5568/67/988
f 5503/81/989 5504/80/989 5549/80/989 5548/81/989
f 5501/30/990 5498/28/990 5573/28/990 5574/30/990
f 5492/61/991 5493/63/991 5555/63/991 5554/61/991
f 5504/80/992 5505/79/992 5551/79/992 5549/80/992
f 5529/78/993 5531/67/993 5568/67/993 5561/78/993
f 5507/58/994 5492/61/994 5554/61/994 5569/58/994
f 5498/28/995 5497/25/995 5572/25/995 5573/28/995
f 5490/51/996 5491/53/996 5546/53/996 5545/51/996
f 5388/40/997 5520/40/997 5452/43/997 5326/43/997
f 4042/88/998 4175/88/998 5460/87/998 4051/87/998
f 5376/32/999 5508/32/999 5454/35/999 5328/35/999
f 5364/24/1000 5496/24/1000 5456/27/1000 5330/27/1000
f 5330/27/1001 5456/27/1001 5469/26/1001 5340/26/1001
f 5331/95/1002 5457/95/1002 5483/91/1002 5354/91/1002
f 4049/90/1003 5458/90/1003 5451/89/1003 4041/89/1003
f 4050/85/1004 5459/85/1004 5458/90/1004 4049/90/1004
f 4051/87/1005 5460/87/1005 5486/86/1005 4077/86/1005
f 5338/12/1006 5467/12/1006 5457/11/1006 5331/11/1006
f 5339/29/1007 5468/29/1007 5489/31/1007 5357/31/1007
f 5340/26/1008 5469/26/1008 5468/29/1008 5339/29/1008
f 5383/84/1009 5515/84/1009 5539/84/1009 5407/84/1009
f 5395/82/1010 5527/82/1010 5557/82/1010 5425/82/1010
f 5354/91/1011 5483/91/1011 5482/93/1011 5353/93/1011
f 4075/19/1012 5484/19/1012 4175/18/1012 4042/18/1012
f 4076/94/1013 5485/94/1013 5484/19/1013 4075/19/1013
f 4077/86/1014 5486/86/1014 5459/85/1014 4050/85/1014
f 5357/31/1015 5489/31/1015 5467/12/1015 5338/12/1015
f 5439/24/1016 5571/24/1016 5496/24/1016 5364/24/1016
f 5328/35/1017 5454/35/1017 5503/81/1017 5371/81/1017
f 5326/43/1018 5452/43/1018 5515/84/1018 5383/84/1018
f 5443/32/1019 5575/32/1019 5508/32/1019 5376/32/1019
f 5403/105/1020 5535/105/1020 5541/104/1020 5409/104/1020
f 4041/89/1021 5451/89/1021 5527/82/1021 5395/82/1021
f 5401/92/1022 5533/92/1022 5485/94/1022 4076/94/1022
f 5353/93/1023 5482/93/1023 5533/92/1023 5401/92/1023
f 5411/103/1024 5543/103/1024 5544/114/1024 5412/114/1024
f 5409/104/1025 5541/104/1025 5543/103/1025 5411/103/1025
f 5412/114/1026 5544/114/1026 5547/117/1026 5415/117/1026
f 5407/84/1027 5539/84/1027 5535/105/1027 5403/105/1027
f 5406/118/1028 5538/118/1028 5575/32/1028 5443/32/1028
f 5420/106/1029 5552/106/1029 5553/113/1029 5421/113/1029
f 5418/107/1030 5550/107/1030 5552/106/1030 5420/106/1030
f 5421/113/1031 5553/113/1031 5556/115/1031 5424/115/1031
f 5415/117/1032 5547/117/1032 5538/118/1032 5406/118/1032
f 5425/82/1033 5557/82/1033 5558/111/1033 5426/111/1033
f 5430/109/1034 5562/109/1034 5563/112/1034 5431/112/1034
f 5428/110/1035 5560/110/1035 5562/109/1035 5430/109/1035
f 5431/112/1036 5563/112/1036 5566/119/1036 5434/119/1036
f 5426/111/1037 5558/111/1037 5560/110/1037 5428/110/1037
f 5434/119/1038 5566/119/1038 5567/120/1038 5435/120/1038
f 5405/108/1039 5537/108/1039 5550/107/1039 5418/107/1039
f 5435/120/1040 5567/120/1040 5579/40/1040 5447/40/1040
f 5416/81/1041 5548/81/1041 5537/108/1041 5405/108/1041
f 5447/40/1042 5579/40/1042 5520/40/1042 5388/40/1042
f 5371/81/1043 5503/81/1043 5548/81/1043 5416/81/1043
f 5424/115/1044 5556/115/1044 5536/116/1044 5404/116/1044
f 5404/116/1045 5536/116/1045 5571/24/1045 5439/24/1045
f 5640/1/1540 5587/4/1540 5584/3/1540 5641/2/1540
f 5628/5/1541 5590/8/1541 5586/7/1541 5629/6/1541
f 5616/9/1542 5081/12/1542 5074/11/1542 5617/10/1542
f 5584/13/1543 5631/23/1543 5594/22/1543 5651/21/1543 5649/20/1543 4591/19/1543 4565/18/1543 5643/17/1543 5602/16/1543 5601/15/1543 5641/14/1543
f 5613/24/1544 5073/27/1544 5083/26/1544 5614/25/1544
f 5614/25/1545 5083/26/1545 5082/29/1545 5615/28/1545
f 5618/30/1546 5100/31/1546 5081/12/1546 5616/9/1546
f 5625/32/1547 5585/35/1547 5592/34/1547 5626/33/1547
f 5626/33/1548 5592/34/1548 5591/37/1548 5627/36/1548
f 5630/38/1549 5606/39/1549 5590/8/1549 5628/5/1549
f 5637/40/1550 5583/43/1550 5589/42/1550 5638/41/1550
f 5638/41/1551 5589/42/1551 5588/45/1551 5639/44/1551
f 5642/46/1552 5605/47/1552 5587/4/1552 5640/1/1552
f 5636/48/1553 5607/51/1553 5595/50/1553 5635/49/1553
f 5607/51/1554 5608/53/1554 5596/52/1554 5595/50/1554
f 5635/49/1555 5595/50/1555 5594/55/1555 5631/54/1555
f 5595/50/1556 5596/52/1556 5593/57/1556 5651/56/1556 5594/55/1556
f 5624/58/1557 5609/61/1557 5599/60/1557 5623/59/1557
f 5609/61/1558 5610/63/1558 5600/62/1558 5599/60/1558
f 5638/41/1559 5697/41/1559 5696/40/1559 5637/40/1559
f 5623/59/1560 5599/60/1560 5598/65/1560 5619/64/1560
f 5599/60/1561 5600/62/1561 5597/66/1561 5598/65/1561
f 5648/67/1562 5611/70/1562 5603/69/1562 5647/68/1562
f 5611/70/1563 5612/72/1563 5604/71/1563 5603/69/1563
f 5647/68/1564 5603/69/1564 5602/74/1564 5643/73/1564
f 5603/69/1565 5604/71/1565 5601/75/1565 5602/74/1565
f 5634/76/1566 5659/76/1566 5687/48/1566 5636/48/1566
f 5639/44/1567 5698/44/1567 5697/41/1567 5638/41/1567
f 5645/77/1568 5676/77/1568 5678/78/1568 5646/78/1568
f 5639/44/1569 5588/45/1569 5605/47/1569 5642/46/1569
f 5627/36/1570 5591/37/1570 5606/39/1570 5630/38/1570
f 5615/28/1571 5082/29/1571 5100/31/1571 5618/30/1571
f 5610/63/1572 5618/30/1572 5616/9/1572 5600/62/1572
f 5642/46/1573 5699/46/1573 5698/44/1573 5639/44/1573
f 5600/62/1574 5616/9/1574 5617/10/1574 5597/66/1574
f 5591/37/1575 5622/79/1575 5624/58/1575 5606/39/1575
f 5590/8/1576 5623/59/1576 5619/64/1576 5586/7/1576
f 5585/35/1577 5620/81/1577 5621/80/1577 5592/34/1577
f 5592/34/1578 5621/80/1578 5622/79/1578 5591/37/1578
f 5606/39/1579 5624/58/1579 5623/59/1579 5590/8/1579
f 5636/48/1580 5687/48/1580 5662/51/1580 5607/51/1580
f 5608/53/1581 5630/38/1581 5628/5/1581 5596/52/1581
f 5644/82/1582 5674/82/1582 5676/77/1582 5645/77/1582
f 5596/52/1583 5628/5/1583 5629/6/1583 5593/57/1583
f 5588/45/1584 5634/76/1584 5636/48/1584 5605/47/1584
f 5587/4/1585 5635/49/1585 5631/54/1585 5584/3/1585
f 5583/43/1586 5632/84/1586 5633/83/1586 5589/42/1586
f 5589/42/1587 5633/83/1587 5634/76/1587 5588/45/1587
f 5605/47/1588 5636/48/1588 5635/49/1588 5587/4/1588
f 5614/25/1589 5689/25/1589 5688/24/1589 5613/24/1589
f 5612/72/1590 5642/46/1590 5640/1/1590 5604/71/1590
f 5612/72/1591 5682/72/1591 5699/46/1591 5642/46/1591
f 5604/71/1592 5640/1/1592 5641/2/1592 5601/75/1592
f 4571/85/1593 5646/78/1593 5648/67/1593 4593/86/1593
f 4572/87/1594 5647/68/1594 5643/73/1594 4565/88/1594
f 4564/89/1595 5644/82/1595 5645/77/1595 4570/90/1595
f 4570/90/1596 5645/77/1596 5646/78/1596 4571/85/1596
f 4593/86/1597 5648/67/1597 5647/68/1597 4572/87/1597
f 5097/91/1598 5096/93/1598 5650/92/1598 5649/20/1598
f 5650/92/1599 4592/94/1599 4591/19/1599 5649/20/1599
f 5651/21/1600 5593/102/1600 5629/101/1600 5586/100/1600 5619/99/1600 5598/98/1600 5597/97/1600 5617/96/1600 5074/95/1600 5097/91/1600 5649/20/1600
f 5657/83/1601 5658/104/1601 5660/103/1601 5659/76/1601
f 5656/84/1602 5652/105/1602 5658/104/1602 5657/83/1602
f 5666/80/1603 5667/107/1603 5669/106/1603 5668/79/1603
f 5665/81/1604 5654/108/1604 5667/107/1604 5666/80/1604
f 5676/77/1605 5677/110/1605 5679/109/1605 5678/78/1605
f 5674/82/1606 5675/111/1606 5677/110/1606 5676/77/1606
f 5679/109/1607 5680/112/1607 5682/72/1607 5681/70/1607
f 5678/78/1608 5679/109/1608 5681/70/1608 5685/67/1608
f 5669/106/1609 5670/113/1609 5672/63/1609 5671/61/1609
f 5668/79/1610 5669/106/1610 5671/61/1610 5686/58/1610
f 5660/103/1611 5661/114/1611 5663/53/1611 5662/51/1611
f 5659/76/1612 5660/103/1612 5662/51/1612 5687/48/1612
f 5670/113/1613 5690/28/1613 5691/30/1613 5672/63/1613
f 5673/115/1614 5689/25/1614 5690/28/1614 5670/113/1614
f 5653/116/1615 5688/24/1615 5689/25/1615 5673/115/1615
f 5661/114/1616 5694/36/1616 5695/38/1616 5663/53/1616
f 5664/117/1617 5693/33/1617 5694/36/1617 5661/114/1617
f 5655/118/1618 5692/32/1618 5693/33/1618 5664/117/1618
f 5680/112/1619 5698/44/1619 5699/46/1619 5682/72/1619
f 5683/119/1620 5697/41/1620 5698/44/1620 5680/112/1620
f 5684/120/1621 5696/40/1621 5697/41/1621 5683/119/1621
f 5608/53/1622 5663/53/1622 5695/38/1622 5630/38/1622
f 5632/84/1623 5656/84/1623 5657/83/1623 5633/83/1623
f 5630/38/1624 5695/38/1624 5694/36/1624 5627/36/1624
f 5633/83/1625 5657/83/1625 5659/76/1625 5634/76/1625
f 5627/36/1626 5694/36/1626 5693/33/1626 5626/33/1626
f 5622/79/1627 5668/79/1627 5686/58/1627 5624/58/1627
f 5626/33/1628 5693/33/1628 5692/32/1628 5625/32/1628
f 5611/70/1629 5681/70/1629 5682/72/1629 5612/72/1629
f 5610/63/1630 5672/63/1630 5691/30/1630 5618/30/1630
f 5648/67/1631 5685/67/1631 5681/70/1631 5611/70/1631
f 5620/81/1632 5665/81/1632 5666/80/1632 5621/80/1632
f 5618/30/1633 5691/30/1633 5690/28/1633 5615/28/1633
f 5609/61/1634 5671/61/1634 5672/63/1634 5610/63/1634
f 5621/80/1635 5666/80/1635 5668/79/1635 5622/79/1635
f 5646/78/1636 5678/78/1636 5685/67/1636 5648/67/1636
f 5624/58/1637 5686/58/1637 5671/61/1637 5609/61/1637
f 5615/28/1638 5690/28/1638 5689/25/1638 5614/25/1638
f 5607/51/1639 5662/51/1639 5663/53/1639 5608/53/1639
f 5771/1/1640 5772/2/1640 5702/3/1640 5709/4/1640
f 5759/5/1641 5760/6/1641 5704/7/1641 5712/8/1641
f 5747/9/1642 5748/10/1642 5200/11/1642 5715/12/1642
f 5702/13/1643 5772/14/1643 5726/15/1643 5727/16/1643 5774/17/1643 4690/18/1643 5732/19/1643 5780/20/1643 5782/21/1643 5719/22/1643 5762/23/1643
f 5744/24/1644 5745/25/1644 5717/26/1644 5705/27/1644
f 5745/25/1645 5746/28/1645 5716/29/1645 5717/26/1645
f 5749/30/1646 5747/9/1646 5715/12/1646 5737/31/1646
f 5756/32/1647 5757/33/1647 5714/34/1647 5703/35/1647
f 5757/33/1648 5758/36/1648 5713/37/1648 5714/34/1648
f 5761/38/1649 5759/5/1649 5712/8/1649 5736/39/1649
f 5768/40/1650 5769/41/1650 5711/42/1650 5701/43/1650
f 5769/41/1651 5770/44/1651 5710/45/1651 5711/42/1651
f 5773/46/1652 5771/1/1652 5709/4/1652 5735/47/1652
f 5767/48/1653 5766/49/1653 5720/50/1653 5738/51/1653
f 5738/51/1654 5720/50/1654 5721/52/1654 5739/53/1654
f 5766/49/1655 5762/54/1655 5719/55/1655 5720/50/1655
f 5720/50/1655 5719/55/1655 5782/56/1655 5718/57/1655 5721/52/1655
f 5755/58/1656 5754/59/1656 5724/60/1656 5740/61/1656
f 5740/61/1657 5724/60/1657 5725/62/1657 5741/63/1657
f 5769/41/1658 5768/40/1658 5827/40/1658 5828/41/1658
f 5754/59/1659 5750/64/1659 5723/65/1659 5724/60/1659
f 5724/60/1660 5723/65/1660 5722/66/1660 5725/62/1660
f 5779/67/1661 5778/68/1661 5728/69/1661 5742/70/1661
f 5742/70/1662 5728/69/1662 5729/71/1662 5743/72/1662
f 5778/68/1663 5774/73/1663 5727/74/1663 5728/69/1663
f 5728/69/1664 5727/74/1664 5726/75/1664 5729/71/1664
f 5765/76/1665 5767/48/1665 5818/48/1665 5790/76/1665
f 5770/44/1666 5769/41/1666 5828/41/1666 5829/44/1666
f 5776/77/1667 5777/78/1667 5809/78/1667 5807/77/1667
f 5770/44/1668 5773/46/1668 5735/47/1668 5710/45/1668
f 5758/36/1669 5761/38/1669 5736/39/1669 5713/37/1669
f 5746/28/1670 5749/30/1670 5737/31/1670 5716/29/1670
f 5741/63/1671 5725/62/1671 5747/9/1671 5749/30/1671
f 5773/46/1672 5770/44/1672 5829/44/1672 5830/46/1672
f 5725/62/1673 5722/66/1673 5748/10/1673 5747/9/1673
f 5713/37/1674 5736/39/1674 5755/58/1674 5753/79/1674
f 5712/8/1675 5704/7/1675 5750/64/1675 5754/59/1675
f 5703/35/1676 5714/34/1676 5752/80/1676 5751/81/1676
f 5714/34/1677 5713/37/1677 5753/79/1677 5752/80/1677
f 5736/39/1678 5712/8/1678 5754/59/1678 5755/58/1678
f 5767/48/1679 5738/51/1679 5793/51/1679 5818/48/1679
f 5739/53/1680 5721/52/1680 5759/5/1680 5761/38/1680
f 5775/82/1681 5776/77/1681 5807/77/1681 5805/82/1681
f 5721/52/1655 5718/57/1655 5760/6/1655 5759/5/1655
f 5710/45/1682 5735/47/1682 5767/48/1682 5765/76/1682
f 5709/4/1683 5702/3/1683 5762/54/1683 5766/49/1683
f 5701/43/1684 5711/42/1684 5764/83/1684 5763/84/1684
f 5711/42/1685 5710/45/1685 5765/76/1685 5764/83/1685
f 5735/47/1686 5709/4/1686 5766/49/1686 5767/48/1686
f 5745/25/1687 5744/24/1687 5819/24/1687 5820/25/1687
f 5743/72/1688 5729/71/1688 5771/1/1688 5773/46/1688
f 5743/72/1689 5773/46/1689 5830/46/1689 5813/72/1689
f 5729/71/1690 5726/75/1690 5772/2/1690 5771/1/1690
f 5707/85/1691 5734/86/1691 5779/67/1691 5777/78/1691
f 5708/87/1692 4690/88/1692 5774/73/1692 5778/68/1692
f 5700/89/1693 5706/90/1693 5776/77/1693 5775/82/1693
f 5706/90/1694 5707/85/1694 5777/78/1694 5776/77/1694
f 5734/86/1695 5708/87/1695 5778/68/1695 5779/67/1695
f 5731/91/1696 5780/20/1696 5781/92/1696 5730/93/1696
f 5781/92/1697 5780/20/1697 5732/19/1697 5733/94/1697
f 5782/21/1698 5780/20/1698 5731/91/1698 5200/95/1698 5748/96/1698 5722/97/1698 5723/98/1698 5750/99/1698 5704/100/1698 5760/101/1698 5718/102/1698
f 5788/83/1699 5790/76/1699 5791/103/1699 5789/104/1699
f 5787/84/1700 5788/83/1700 5789/104/1700 5783/105/1700
f 5797/80/1701 5799/79/1701 5800/106/1701 5798/107/1701
f 5796/81/1702 5797/80/1702 5798/107/1702 5785/108/1702
f 5807/77/1703 5809/78/1703 5810/109/1703 5808/110/1703
f 5805/82/1704 5807/77/1704 5808/110/1704 5806/111/1704
f 5810/109/1705 5812/70/1705 5813/72/1705 5811/112/1705
f 5809/78/1706 5816/67/1706 5812/70/1706 5810/109/1706
f 5800/106/1707 5802/61/1707 5803/63/1707 5801/113/1707
f 5799/79/1708 5817/58/1708 5802/61/1708 5800/106/1708
f 5791/103/1709 5793/51/1709 5794/53/1709 5792/114/1709
f 5790/76/1710 5818/48/1710 5793/51/1710 5791/103/1710
f 5801/113/1711 5803/63/1711 5822/30/1711 5821/28/1711
f 5804/115/1712 5801/113/1712 5821/28/1712 5820/25/1712
f 5784/116/1713 5804/115/1713 5820/25/1713 5819/24/1713
f 5792/114/1714 5794/53/1714 5826/38/1714 5825/36/1714
f 5795/117/1715 5792/114/1715 5825/36/1715 5824/33/1715
f 5786/118/1716 5795/117/1716 5824/33/1716 5823/32/1716
f 5811/112/1717 5813/72/1717 5830/46/1717 5829/44/1717
f 5814/119/1718 5811/112/1718 5829/44/1718 5828/41/1718
f 5815/120/1719 5814/119/1719 5828/41/1719 5827/40/1719
f 5739/53/1720 5761/38/1720 5826/38/1720 5794/53/1720
f 5763/84/1721 5764/83/1721 5788/83/1721 5787/84/1721
f 5761/38/1722 5758/36/1722 5825/36/1722 5826/38/1722
f 5764/83/1723 5765/76/1723 5790/76/1723 5788/83/1723
f 5758/36/1724 5757/33/1724 5824/33/1724 5825/36/1724
f 5753/79/1725 5755/58/1725 5817/58/1725 5799/79/1725
f 5757/33/1726 5756/32/1726 5823/32/1726 5824/33/1726
f 5742/70/1727 5743/72/1727 5813/72/1727 5812/70/1727
f 5741/63/1728 5749/30/1728 5822/30/1728 5803/63/1728
f 5779/67/1729 5742/70/1729 5812/70/1729 5816/67/1729
f 5751/81/1730 5752/80/1730 5797/80/1730 5796/81/1730
f 5749/30/1731 5746/28/1731 5821/28/1731 5822/30/1731
f 5740/61/1732 5741/63/1732 5803/63/1732 5802/61/1732
f 5752/80/1733 5753/79/1733 5799/79/1733 5797/80/1733
f 5777/78/1734 5779/67/1734 5816/67/1734 5809/78/1734
f 5755/58/1735 5740/61/1735 5802/61/1735 5817/58/1735
f 5746/28/1736 5745/25/1736 5820/25/1736 5821/28/1736
f 5738/51/1737 5739/53/1737 5794/53/1737 5793/51/1737
f 5637/40/1738 5768/40/1738 5701/43/1738 5583/43/1738
f 4565/88/1739 4690/88/1739 5708/87/1739 4572/87/1739
f 5625/32/1740 5756/32/1740 5703/35/1740 5585/35/1740
f 5613/24/1741 5744/24/1741 5705/27/1741 5073/27/1741
f 5073/27/1742 5705/27/1742 5717/26/1742 5083/26/1742
f 5074/95/1743 5200/95/1743 5731/91/1743 5097/91/1743
f 4570/90/1744 5706/90/1744 5700/89/1744 4564/89/1744
f 4571/85/1745 5707/85/1745 5706/90/1745 4570/90/1745
f 4572/87/1746 5708/87/1746 5734/86/1746 4593/86/1746
f 5081/12/1747 5715/12/1747 5200/11/1747 5074/11/1747
f 5082/29/1748 5716/29/1748 5737/31/1748 5100/31/1748
f 5083/26/1749 5717/26/1749 5716/29/1749 5082/29/1749
f 5632/84/1750 5763/84/1750 5787/84/1750 5656/84/1750
f 5644/82/1751 5775/82/1751 5805/82/1751 5674/82/1751
f 5097/91/1752 5731/91/1752 5730/93/1752 5096/93/1752
f 4591/19/1753 5732/19/1753 4690/18/1753 4565/18/1753
f 4592/94/1754 5733/94/1754 5732/19/1754 4591/19/1754
f 4593/86/1755 5734/86/1755 5707/85/1755 4571/85/1755
f 5100/31/1756 5737/31/1756 5715/12/1756 5081/12/1756
f 5688/24/1757 5819/24/1757 5744/24/1757 5613/24/1757
f 5585/35/1758 5703/35/1758 5751/81/1758 5620/81/1758
f 5583/43/1759 5701/43/1759 5763/84/1759 5632/84/1759
f 5692/32/1760 5823/32/1760 5756/32/1760 5625/32/1760
f 5652/105/1761 5783/105/1761 5789/104/1761 5658/104/1761
f 4564/89/1762 5700/89/1762 5775/82/1762 5644/82/1762
f 5650/92/1763 5781/92/1763 5733/94/1763 4592/94/1763
f 5096/93/1764 5730/93/1764 5781/92/1764 5650/92/1764
f 5660/103/1765 5791/103/1765 5792/114/1765 5661/114/1765
f 5658/104/1766 5789/104/1766 5791/103/1766 5660/103/1766
f 5661/114/1767 5792/114/1767 5795/117/1767 5664/117/1767
f 5656/84/1768 5787/84/1768 5783/105/1768 5652/105/1768
f 5655/118/1769 5786/118/1769 5823/32/1769 5692/32/1769
f 5669/106/1770 5800/106/1770 5801/113/1770 5670/113/1770
f 5667/107/1771 5798/107/1771 5800/106/1771 5669/106/1771
f 5670/113/1772 5801/113/1772 5804/115/1772 5673/115/1772
f 5664/117/1773 5795/117/1773 5786/118/1773 5655/118/1773
f 5674/82/1774 5805/82/1774 5806/111/1774 5675/111/1774
f 5679/109/1775 5810/109/1775 5811/112/1775 5680/112/1775
f 5677/110/1776 5808/110/1776 5810/109/1776 5679/109/1776
f 5680/112/1777 5811/112/1777 5814/119/1777 5683/119/1777
f 5675/111/1778 5806/111/1778 5808/110/1778 5677/110/1778
f 5683/119/1779 5814/119/1779 5815/120/1779 5684/120/1779
f 5654/108/1780 5785/108/1780 5798/107/1780 5667/107/1780
f 5684/120/1781 5815/120/1781 5827/40/1781 5696/40/1781
f 5665/81/1782 5796/81/1782 5785/108/1782 5654/108/1782
f 5696/40/1783 5827/40/1783 5768/40/1783 5637/40/1783
f 5620/81/1784 5751/81/1784 5796/81/1784 5665/81/1784
f 5673/115/1785 5804/115/1785 5784/116/1785 5653/116/1785
f 5653/116/1786 5784/116/1786 5819/24/1786 5688/24/1786
f 5888/1/1293 5889/2/1293 5832/3/1293 5835/4/1293
f 5876/5/1294 5877/6/1294 5834/7/1294 5838/8/1294
f 5864/9/1295 5865/10/1295 5331/11/1295 5338/12/1295
f 5832/13/1296 5889/14/1296 5849/15/1296 5850/16/1296 5891/17/1296 4565/18/1296 4591/19/1296 5897/20/1296 5899/21/1296 5842/22/1296 5879/23/1296
f 5861/24/1297 5862/25/1297 5340/26/1297 5330/27/1297
f 5862/25/1298 5863/28/1298 5339/29/1298 5340/26/1298
f 5866/30/1299 5864/9/1299 5338/12/1299 5357/31/1299
f 5873/32/1300 5874/33/1300 5840/34/1300 5833/35/1300
f 5874/33/1301 5875/36/1301 5839/37/1301 5840/34/1301
f 5878/38/1302 5876/5/1302 5838/8/1302 5854/39/1302
f 5885/40/1303 5886/41/1303 5837/42/1303 5831/43/1303
f 5886/41/1304 5887/44/1304 5836/45/1304 5837/42/1304
f 5890/46/1305 5888/1/1305 5835/4/1305 5853/47/1305
f 5884/48/1306 5883/49/1306 5843/50/1306 5855/51/1306
f 5855/51/1307 5843/50/1307 5844/52/1307 5856/53/1307
f 5883/49/1308 5879/54/1308 5842/55/1308 5843/50/1308
f 5843/50/1309 5842/55/1309 5899/56/1309 5841/57/1309 5844/52/1309
f 5872/58/1310 5871/59/1310 5847/60/1310 5857/61/1310
f 5857/61/1311 5847/60/1311 5848/62/1311 5858/63/1311
f 5886/41/1312 5885/40/1312 5944/40/1312 5945/41/1312
f 5871/59/1313 5867/64/1313 5846/65/1313 5847/60/1313
f 5847/60/1314 5846/65/1314 5845/66/1314 5848/62/1314
f 5896/67/1315 5895/68/1315 5851/69/1315 5859/70/1315
f 5859/70/1316 5851/69/1316 5852/71/1316 5860/72/1316
f 5895/68/1317 5891/73/1317 5850/74/1317 5851/69/1317
f 5851/69/1318 5850/74/1318 5849/75/1318 5852/71/1318
f 5882/76/1319 5884/48/1319 5935/48/1319 5907/76/1319
f 5887/44/1320 5886/41/1320 5945/41/1320 5946/44/1320
f 5893/77/1321 5894/78/1321 5926/78/1321 5924/77/1321
f 5887/44/1322 5890/46/1322 5853/47/1322 5836/45/1322
f 5875/36/1323 5878/38/1323 5854/39/1323 5839/37/1323
f 5863/28/1324 5866/30/1324 5357/31/1324 5339/29/1324
f 5858/63/1325 5848/62/1325 5864/9/1325 5866/30/1325
f 5890/46/1326 5887/44/1326 5946/44/1326 5947/46/1326
f 5848/62/1327 5845/66/1327 5865/10/1327 5864/9/1327
f 5839/37/1328 5854/39/1328 5872/58/1328 5870/79/1328
f 5838/8/1329 5834/7/1329 5867/64/1329 5871/59/1329
f 5833/35/1330 5840/34/1330 5869/80/1330 5868/81/1330
f 5840/34/1331 5839/37/1331 5870/79/1331 5869/80/1331
f 5854/39/1332 5838/8/1332 5871/59/1332 5872/58/1332
f 5884/48/1333 5855/51/1333 5910/51/1333 5935/48/1333
f 5856/53/1334 5844/52/1334 5876/5/1334 5878/38/1334
f 5892/82/1335 5893/77/1335 5924/77/1335 5922/82/1335
f 5844/52/1336 5841/57/1336 5877/6/1336 5876/5/1336
f 5836/45/1337 5853/47/1337 5884/48/1337 5882/76/1337
f 5835/4/1338 5832/3/1338 5879/54/1338 5883/49/1338
f 5831/43/1339 5837/42/1339 5881/83/1339 5880/84/1339
f 5837/42/1340 5836/45/1340 5882/76/1340 5881/83/1340
f 5853/47/1341 5835/4/1341 5883/49/1341 5884/48/1341
f 5862/25/1342 5861/24/1342 5936/24/1342 5937/25/1342
f 5860/72/1343 5852/71/1343 5888/1/1343 5890/46/1343
f 5860/72/1344 5890/46/1344 5947/46/1344 5930/72/1344
f 5852/71/1345 5849/75/1345 5889/2/1345 5888/1/1345
f 4571/85/1346 4593/86/1346 5896/67/1346 5894/78/1346
f 4572/87/1347 4565/88/1347 5891/73/1347 5895/68/1347
f 4564/89/1348 4570/90/1348 5893/77/1348 5892/82/1348
f 4570/90/1349 4571/85/1349 5894/78/1349 5893/77/1349
f 4593/86/1350 4572/87/1350 5895/68/1350 5896/67/1350
f 5354/91/1351 5897/20/1351 5898/92/1351 5353/93/1351
f 5898/92/1352 5897/20/1352 4591/19/1352 4592/94/1352
f 5899/21/1353 5897/20/1353 5354/91/1353 5331/95/1353 5865/96/1353 5845/97/1353 5846/98/1353 5867/99/1353 5834/100/1353 5877/101/1353 5841/102/1353
f 5905/83/1354 5907/76/1354 5908/103/1354 5906/104/1354
f 5904/84/1355 5905/83/1355 5906/104/1355 5900/105/1355
f 5914/80/1356 5916/79/1356 5917/106/1356 5915/107/1356
f 5913/81/1357 5914/80/1357 5915/107/1357 5902/108/1357
f 5924/77/1358 5926/78/1358 5927/109/1358 5925/110/1358
f 5922/82/1359 5924/77/1359 5925/110/1359 5923/111/1359
f 5927/109/1360 5929/70/1360 5930/72/1360 5928/112/1360
f 5926/78/1361 5933/67/1361 5929/70/1361 5927/109/1361
f 5917/106/1362 5919/61/1362 5920/63/1362 5918/113/1362
f 5916/79/1363 5934/58/1363 5919/61/1363 5917/106/1363
f 5908/103/1364 5910/51/1364 5911/53/1364 5909/114/1364
f 5907/76/1365 5935/48/1365 5910/51/1365 5908/103/1365
f 5918/113/1366 5920/63/1366 5939/30/1366 5938/28/1366
f 5921/115/1367 5918/113/1367 5938/28/1367 5937/25/1367
f 5901/116/1368 5921/115/1368 5937/25/1368 5936/24/1368
f 5909/114/1369 5911/53/1369 5943/38/1369 5942/36/1369
f 5912/117/1370 5909/114/1370 5942/36/1370 5941/33/1370
f 5903/118/1371 5912/117/1371 5941/33/1371 5940/32/1371
f 5928/112/1372 5930/72/1372 5947/46/1372 5946/44/1372
f 5931/119/1373 5928/112/1373 5946/44/1373 5945/41/1373
f 5932/120/1374 5931/119/1374 5945/41/1374 5944/40/1374
f 5856/53/1375 5878/38/1375 5943/38/1375 5911/53/1375
f 5880/84/1376 5881/83/1376 5905/83/1376 5904/84/1376
f 5878/38/1377 5875/36/1377 5942/36/1377 5943/38/1377
f 5881/83/1378 5882/76/1378 5907/76/1378 5905/83/1378
f 5875/36/1379 5874/33/1379 5941/33/1379 5942/36/1379
f 5870/79/1380 5872/58/1380 5934/58/1380 5916/79/1380
f 5874/33/1381 5873/32/1381 5940/32/1381 5941/33/1381
f 5859/70/1382 5860/72/1382 5930/72/1382 5929/70/1382
f 5858/63/1383 5866/30/1383 5939/30/1383 5920/63/1383
f 5896/67/1384 5859/70/1384 5929/70/1384 5933/67/1384
f 5868/81/1385 5869/80/1385 5914/80/1385 5913/81/1385
f 5866/30/1386 5863/28/1386 5938/28/1386 5939/30/1386
f 5857/61/1387 5858/63/1387 5920/63/1387 5919/61/1387
f 5869/80/1388 5870/79/1388 5916/79/1388 5914/80/1388
f 5894/78/1389 5896/67/1389 5933/67/1389 5926/78/1389
f 5872/58/1390 5857/61/1390 5919/61/1390 5934/58/1390
f 5863/28/1391 5862/25/1391 5937/25/1391 5938/28/1391
f 5855/51/1392 5856/53/1392 5911/53/1392 5910/51/1392
f 6019/1/1393 5957/4/1393 5950/3/1393 6020/2/1393
f 6007/5/1394 5960/8/1394 5952/7/1394 6008/6/1394
f 5995/9/1395 5963/12/1395 5457/11/1395 5996/10/1395
f 5950/13/1396 6010/23/1396 5967/22/1396 6030/21/1396 6028/20/1396 5980/19/1396 4690/18/1396 6022/17/1396 5975/16/1396 5974/15/1396 6020/14/1396
f 5992/24/1397 5953/27/1397 5965/26/1397 5993/25/1397
f 5993/25/1398 5965/26/1398 5964/29/1398 5994/28/1398
f 5997/30/1399 5985/31/1399 5963/12/1399 5995/9/1399
f 6004/32/1400 5951/35/1400 5962/34/1400 6005/33/1400
f 6005/33/1401 5962/34/1401 5961/37/1401 6006/36/1401
f 6009/38/1402 5984/39/1402 5960/8/1402 6007/5/1402
f 6016/40/1403 5949/43/1403 5959/42/1403 6017/41/1403
f 6017/41/1404 5959/42/1404 5958/45/1404 6018/44/1404
f 6021/46/1405 5983/47/1405 5957/4/1405 6019/1/1405
f 6015/48/1406 5986/51/1406 5968/50/1406 6014/49/1406
f 5986/51/1407 5987/53/1407 5969/52/1407 5968/50/1407
f 6014/49/1408 5968/50/1408 5967/55/1408 6010/54/1408
f 5968/50/1408 5969/52/1408 5966/57/1408 6030/56/1408 5967/55/1408
f 6003/58/1409 5988/61/1409 5972/60/1409 6002/59/1409
f 5988/61/1410 5989/63/1410 5973/62/1410 5972/60/1410
f 6017/41/1411 6076/41/1411 6075/40/1411 6016/40/1411
f 6002/59/1412 5972/60/1412 5971/65/1412 5998/64/1412
f 5972/60/1413 5973/62/1413 5970/66/1413 5971/65/1413
f 6027/67/1414 5990/70/1414 5976/69/1414 6026/68/1414
f 5990/70/1415 5991/72/1415 5977/71/1415 5976/69/1415
f 6026/68/1416 5976/69/1416 5975/74/1416 6022/73/1416
f 5976/69/1417 5977/71/1417 5974/75/1417 5975/74/1417
f 6013/76/1418 6038/76/1418 6066/48/1418 6015/48/1418
f 6018/44/1419 6077/44/1419 6076/41/1419 6017/41/1419
f 6024/77/1420 6055/77/1420 6057/78/1420 6025/78/1420
f 6018/44/1421 5958/45/1421 5983/47/1421 6021/46/1421
f 6006/36/1422 5961/37/1422 5984/39/1422 6009/38/1422
f 5994/28/1423 5964/29/1423 5985/31/1423 5997/30/1423
f 5989/63/1424 5997/30/1424 5995/9/1424 5973/62/1424
f 6021/46/1425 6078/46/1425 6077/44/1425 6018/44/1425
f 5973/62/1426 5995/9/1426 5996/10/1426 5970/66/1426
f 5961/37/1427 6001/79/1427 6003/58/1427 5984/39/1427
f 5960/8/1428 6002/59/1428 5998/64/1428 5952/7/1428
f 5951/35/1429 5999/81/1429 6000/80/1429 5962/34/1429
f 5962/34/1430 6000/80/1430 6001/79/1430 5961/37/1430
f 5984/39/1431 6003/58/1431 6002/59/1431 5960/8/1431
f 6015/48/1432 6066/48/1432 6041/51/1432 5986/51/1432
f 5987/53/1433 6009/38/1433 6007/5/1433 5969/52/1433
f 6023/82/1434 6053/82/1434 6055/77/1434 6024/77/1434
f 5969/52/1408 6007/5/1408 6008/6/1408 5966/57/1408
f 5958/45/1435 6013/76/1435 6015/48/1435 5983/47/1435
f 5957/4/1436 6014/49/1436 6010/54/1436 5950/3/1436
f 5949/43/1437 6011/84/1437 6012/83/1437 5959/42/1437
f 5959/42/1438 6012/83/1438 6013/76/1438 5958/45/1438
f 5983/47/1439 6015/48/1439 6014/49/1439 5957/4/1439
f 5993/25/1440 6068/25/1440 6067/24/1440 5992/24/1440
f 5991/72/1441 6021/46/1441 6019/1/1441 5977/71/1441
f 5991/72/1442 6061/72/1442 6078/46/1442 6021/46/1442
f 5977/71/1443 6019/1/1443 6020/2/1443 5974/75/1443
f 5955/85/1444 6025/78/1444 6027/67/1444 5982/86/1444
f 5956/87/1445 6026/68/1445 6022/73/1445 4690/88/1445
f 5948/89/1446 6023/82/1446 6024/77/1446 5954/90/1446
f 5954/90/1447 6024/77/1447 6025/78/1447 5955/85/1447
f 5982/86/1448 6027/67/1448 6026/68/1448 5956/87/1448
f 5979/91/1449 5978/93/1449 6029/92/1449 6028/20/1449
f 6029/92/1450 5981/94/1450 5980/19/1450 6028/20/1450
f 6030/21/1451 5966/102/1451 6008/101/1451 5952/100/1451 5998/99/1451 5971/98/1451 5970/97/1451 5996/96/1451 5457/95/1451 5979/91/1451 6028/20/1451
f 6036/83/1452 6037/104/1452 6039/103/1452 6038/76/1452
f 6035/84/1453 6031/105/1453 6037/104/1453 6036/83/1453
f 6045/80/1454 6046/107/1454 6048/106/1454 6047/79/1454
f 6044/81/1455 6033/108/1455 6046/107/1455 6045/80/1455
f 6055/77/1456 6056/110/1456 6058/109/1456 6057/78/1456
f 6053/82/1457 6054/111/1457 6056/110/1457 6055/77/1457
f 6058/109/1458 6059/112/1458 6061/72/1458 6060/70/1458
f 6057/78/1459 6058/109/1459 6060/70/1459 6064/67/1459
f 6048/106/1460 6049/113/1460 6051/63/1460 6050/61/1460
f 6047/79/1461 6048/106/1461 6050/61/1461 6065/58/1461
f 6039/103/1462 6040/114/1462 6042/53/1462 6041/51/1462
f 6038/76/1463 6039/103/1463 6041/51/1463 6066/48/1463
f 6049/113/1464 6069/28/1464 6070/30/1464 6051/63/1464
f 6052/115/1465 6068/25/1465 6069/28/1465 6049/113/1465
f 6032/116/1466 6067/24/1466 6068/25/1466 6052/115/1466
f 6040/114/1467 6073/36/1467 6074/38/1467 6042/53/1467
f 6043/117/1468 6072/33/1468 6073/36/1468 6040/114/1468
f 6034/118/1469 6071/32/1469 6072/33/1469 6043/117/1469
f 6059/112/1470 6077/44/1470 6078/46/1470 6061/72/1470
f 6062/119/1471 6076/41/1471 6077/44/1471 6059/112/1471
f 6063/120/1472 6075/40/1472 6076/41/1472 6062/119/1472
f 5987/53/1473 6042/53/1473 6074/38/1473 6009/38/1473
f 6011/84/1474 6035/84/1474 6036/83/1474 6012/83/1474
f 6009/38/1475 6074/38/1475 6073/36/1475 6006/36/1475
f 6012/83/1476 6036/83/1476 6038/76/1476 6013/76/1476
f 6006/36/1477 6073/36/1477 6072/33/1477 6005/33/1477
f 6001/79/1478 6047/79/1478 6065/58/1478 6003/58/1478
f 6005/33/1479 6072/33/1479 6071/32/1479 6004/32/1479
f 5990/70/1480 6060/70/1480 6061/72/1480 5991/72/1480
f 5989/63/1481 6051/63/1481 6070/30/1481 5997/30/1481
f 6027/67/1482 6064/67/1482 6060/70/1482 5990/70/1482
f 5999/81/1483 6044/81/1483 6045/80/1483 6000/80/1483
f 5997/30/1484 6070/30/1484 6069/28/1484 5994/28/1484
f 5988/61/1485 6050/61/1485 6051/63/1485 5989/63/1485
f 6000/80/1486 6045/80/1486 6047/79/1486 6001/79/1486
f 6025/78/1487 6057/78/1487 6064/67/1487 6027/67/1487
f 6003/58/1488 6065/58/1488 6050/61/1488 5988/61/1488
f 5994/28/1489 6069/28/1489 6068/25/1489 5993/25/1489
f 5986/51/1490 6041/51/1490 6042/53/1490 5987/53/1490
f 5885/40/1491 5831/43/1491 5949/43/1491 6016/40/1491
f 4565/88/1492 4572/87/1492 5956/87/1492 4690/88/1492
f 5873/32/1493 5833/35/1493 5951/35/1493 6004/32/1493
f 5861/24/1494 5330/27/1494 5953/27/1494 5992/24/1494
f 5330/27/1495 5340/26/1495 5965/26/1495 5953/27/1495
f 5331/95/1496 5354/91/1496 5979/91/1496 5457/95/1496
f 4570/90/1497 4564/89/1497 5948/89/1497 5954/90/1497
f 4571/85/1498 4570/90/1498 5954/90/1498 5955/85/1498
f 4572/87/1499 4593/86/1499 5982/86/1499 5956/87/1499
f 5338/12/1500 5331/11/1500 5457/11/1500 5963/12/1500
f 5339/29/1501 5357/31/1501 5985/31/1501 5964/29/1501
f 5340/26/1502 5339/29/1502 5964/29/1502 5965/26/1502
f 5880/84/1503 5904/84/1503 6035/84/1503 6011/84/1503
f 5892/82/1504 5922/82/1504 6053/82/1504 6023/82/1504
f 5354/91/1505 5353/93/1505 5978/93/1505 5979/91/1505
f 4591/19/1506 4565/18/1506 4690/18/1506 5980/19/1506
f 4592/94/1507 4591/19/1507 5980/19/1507 5981/94/1507
f 4593/86/1508 4571/85/1508 5955/85/1508 5982/86/1508
f 5357/31/1509 5338/12/1509 5963/12/1509 5985/31/1509
f 5936/24/1510 5861/24/1510 5992/24/1510 6067/24/1510
f 5833/35/1511 5868/81/1511 5999/81/1511 5951/35/1511
f 5831/43/1512 5880/84/1512 6011/84/1512 5949/43/1512
f 5940/32/1513 5873/32/1513 6004/32/1513 6071/32/1513
f 5900/105/1514 5906/104/1514 6037/104/1514 6031/105/1514
f 4564/89/1515 5892/82/1515 6023/82/1515 5948/89/1515
f 5898/92/1516 4592/94/1516 5981/94/1516 6029/92/1516
f 5353/93/1517 5898/92/1517 6029/92/1517 5978/93/1517
f 5908/103/1518 5909/114/1518 6040/114/1518 6039/103/1518
f 5906/104/1519 5908/103/1519 6039/103/1519 6037/104/1519
f 5909/114/1520 5912/117/1520 6043/117/1520 6040/114/1520
f 5904/84/1521 5900/105/1521 6031/105/1521 6035/84/1521
f 5903/118/1522 5940/32/1522 6071/32/1522 6034/118/1522
f 5917/106/1523 5918/113/1523 6049/113/1523 6048/106/1523
f 5915/107/1524 5917/106/1524 6048/106/1524 6046/107/1524
f 5918/113/1525 5921/115/1525 6052/115/1525 6049/113/1525
f 5912/117/1526 5903/118/1526 6034/118/1526 6043/117/1526
f 5922/82/1527 5923/111/1527 6054/111/1527 6053/82/1527
f 5927/109/1528 5928/112/1528 6059/112/1528 6058/109/1528
f 5925/110/1529 5927/109/1529 6058/109/1529 6056/110/1529
f 5928/112/1530 5931/119/1530 6062/119/1530 6059/112/1530
f 5923/111/1531 5925/110/1531 6056/110/1531 6054/111/1531
f 5931/119/1532 5932/120/1532 6063/120/1532 6062/119/1532
f 5902/108/1533 5915/107/1533 6046/107/1533 6033/108/1533
f 5932/120/1534 5944/40/1534 6075/40/1534 6063/120/1534
f 5913/81/1535 5902/108/1535 6033/108/1535 6044/81/1535
f 5944/40/1536 5885/40/1536 6016/40/1536 6075/40/1536
f 5868/81/1537 5913/81/1537 6044/81/1537 5999/81/1537
f 5921/115/1538 5901/116/1538 6032/116/1538 6052/115/1538
f 5901/116/1539 5936/24/1539 6067/24/1539 6032/116/1539
f 6144/1/1293 6145/2/1293 6082/3/1293 6088/4/1293
f 6132/5/1294 6133/6/1294 6084/7/1294 6091/8/1294
f 6120/9/1295 6121/10/1295 4048/11/1295 4058/12/1295
f 6082/13/1296 6145/14/1296 6102/15/1296 6103/16/1296 6147/17/1296 6080/18/1296 6106/19/1296 6153/20/1296 6155/21/1296 6095/22/1296 6135/23/1296
f 6117/24/1297 6118/25/1297 4060/26/1297 4047/27/1297
f 6118/25/1298 6119/28/1298 4059/29/1298 4060/26/1298
f 6122/30/1299 6120/9/1299 4058/12/1299 4080/31/1299
f 6129/32/1300 6130/33/1300 6093/34/1300 6083/35/1300
f 6130/33/1301 6131/36/1301 6092/37/1301 6093/34/1301
f 6134/38/1302 6132/5/1302 6091/8/1302 6110/39/1302
f 6141/40/1303 6142/41/1303 6090/42/1303 6081/43/1303
f 6142/41/1304 6143/44/1304 6089/45/1304 6090/42/1304
f 6146/46/1305 6144/1/1305 6088/4/1305 6109/47/1305
f 6140/48/1306 6139/49/1306 6096/50/1306 6111/51/1306
f 6111/51/1307 6096/50/1307 6097/52/1307 6112/53/1307
f 6139/49/1308 6135/54/1308 6095/55/1308 6096/50/1308
f 6096/50/1309 6095/55/1309 6155/56/1309 6094/57/1309 6097/52/1309
f 6128/58/1310 6127/59/1310 6100/60/1310 6113/61/1310
f 6113/61/1311 6100/60/1311 6101/62/1311 6114/63/1311
f 6142/41/1312 6141/40/1312 6200/40/1312 6201/41/1312
f 6127/59/1313 6123/64/1313 6099/65/1313 6100/60/1313
f 6100/60/1314 6099/65/1314 6098/66/1314 6101/62/1314
f 6152/67/1315 6151/68/1315 6104/69/1315 6115/70/1315
f 6115/70/1316 6104/69/1316 6105/71/1316 6116/72/1316
f 6151/68/1317 6147/73/1317 6103/74/1317 6104/69/1317
f 6104/69/1318 6103/74/1318 6102/75/1318 6105/71/1318
f 6138/76/1319 6140/48/1319 6191/48/1319 6163/76/1319
f 6143/44/1320 6142/41/1320 6201/41/1320 6202/44/1320
f 6149/77/1321 6150/78/1321 6182/78/1321 6180/77/1321
f 6143/44/1322 6146/46/1322 6109/47/1322 6089/45/1322
f 6131/36/1323 6134/38/1323 6110/39/1323 6092/37/1323
f 6119/28/1324 6122/30/1324 4080/31/1324 4059/29/1324
f 6114/63/1325 6101/62/1325 6120/9/1325 6122/30/1325
f 6146/46/1326 6143/44/1326 6202/44/1326 6203/46/1326
f 6101/62/1327 6098/66/1327 6121/10/1327 6120/9/1327
f 6092/37/1328 6110/39/1328 6128/58/1328 6126/79/1328
f 6091/8/1329 6084/7/1329 6123/64/1329 6127/59/1329
f 6083/35/1330 6093/34/1330 6125/80/1330 6124/81/1330
f 6093/34/1331 6092/37/1331 6126/79/1331 6125/80/1331
f 6110/39/1332 6091/8/1332 6127/59/1332 6128/58/1332
f 6140/48/1333 6111/51/1333 6166/51/1333 6191/48/1333
f 6112/53/1334 6097/52/1334 6132/5/1334 6134/38/1334
f 6148/82/1335 6149/77/1335 6180/77/1335 6178/82/1335
f 6097/52/1336 6094/57/1336 6133/6/1336 6132/5/1336
f 6089/45/1337 6109/47/1337 6140/48/1337 6138/76/1337
f 6088/4/1338 6082/3/1338 6135/54/1338 6139/49/1338
f 6081/43/1339 6090/42/1339 6137/83/1339 6136/84/1339
f 6090/42/1340 6089/45/1340 6138/76/1340 6137/83/1340
f 6109/47/1341 6088/4/1341 6139/49/1341 6140/48/1341
f 6118/25/1342 6117/24/1342 6192/24/1342 6193/25/1342
f 6116/72/1343 6105/71/1343 6144/1/1343 6146/46/1343
f 6116/72/1344 6146/46/1344 6203/46/1344 6186/72/1344
f 6105/71/1345 6102/75/1345 6145/2/1345 6144/1/1345
f 6086/85/1346 6108/86/1346 6152/67/1346 6150/78/1346
f 6087/87/1347 6080/88/1347 6147/73/1347 6151/68/1347
f 6079/89/1348 6085/90/1348 6149/77/1348 6148/82/1348
f 6085/90/1349 6086/85/1349 6150/78/1349 6149/77/1349
f 6108/86/1350 6087/87/1350 6151/68/1350 6152/67/1350
f 4074/91/1351 6153/20/1351 6154/92/1351 4073/93/1351
f 6154/92/1352 6153/20/1352 6106/19/1352 6107/94/1352
f 6155/21/1353 6153/20/1353 4074/91/1353 4048/95/1353 6121/96/1353 6098/97/1353 6099/98/1353 6123/99/1353 6084/100/1353 6133/101/1353 6094/102/1353
f 6161/83/1354 6163/76/1354 6164/103/1354 6162/104/1354
f 6160/84/1355 6161/83/1355 6162/104/1355 6156/105/1355
f 6170/80/1356 6172/79/1356 6173/106/1356 6171/107/1356
f 6169/81/1357 6170/80/1357 6171/107/1357 6158/108/1357
f 6180/77/1358 6182/78/1358 6183/109/1358 6181/110/1358
f 6178/82/1359 6180/77/1359 6181/110/1359 6179/111/1359
f 6183/109/1360 6185/70/1360 6186/72/1360 6184/112/1360
f 6182/78/1361 6189/67/1361 6185/70/1361 6183/109/1361
f 6173/106/1362 6175/61/1362 6176/63/1362 6174/113/1362
f 6172/79/1363 6190/58/1363 6175/61/1363 6173/106/1363
f 6164/103/1364 6166/51/1364 6167/53/1364 6165/114/1364
f 6163/76/1365 6191/48/1365 6166/51/1365 6164/103/1365
f 6174/113/1366 6176/63/1366 6195/30/1366 6194/28/1366
f 6177/115/1367 6174/113/1367 6194/28/1367 6193/25/1367
f 6157/116/1368 6177/115/1368 6193/25/1368 6192/24/1368
f 6165/114/1369 6167/53/1369 6199/38/1369 6198/36/1369
f 6168/117/1370 6165/114/1370 6198/36/1370 6197/33/1370
f 6159/118/1371 6168/117/1371 6197/33/1371 6196/32/1371
f 6184/112/1372 6186/72/1372 6203/46/1372 6202/44/1372
f 6187/119/1373 6184/112/1373 6202/44/1373 6201/41/1373
f 6188/120/1374 6187/119/1374 6201/41/1374 6200/40/1374
f 6112/53/1375 6134/38/1375 6199/38/1375 6167/53/1375
f 6136/84/1376 6137/83/1376 6161/83/1376 6160/84/1376
f 6134/38/1377 6131/36/1377 6198/36/1377 6199/38/1377
f 6137/83/1378 6138/76/1378 6163/76/1378 6161/83/1378
f 6131/36/1379 6130/33/1379 6197/33/1379 6198/36/1379
f 6126/79/1380 6128/58/1380 6190/58/1380 6172/79/1380
f 6130/33/1381 6129/32/1381 6196/32/1381 6197/33/1381
f 6115/70/1382 6116/72/1382 6186/72/1382 6185/70/1382
f 6114/63/1383 6122/30/1383 6195/30/1383 6176/63/1383
f 6152/67/1384 6115/70/1384 6185/70/1384 6189/67/1384
f 6124/81/1385 6125/80/1385 6170/80/1385 6169/81/1385
f 6122/30/1386 6119/28/1386 6194/28/1386 6195/30/1386
f 6113/61/1387 6114/63/1387 6176/63/1387 6175/61/1387
f 6125/80/1388 6126/79/1388 6172/79/1388 6170/80/1388
f 6150/78/1389 6152/67/1389 6189/67/1389 6182/78/1389
f 6128/58/1390 6113/61/1390 6175/61/1390 6190/58/1390
f 6119/28/1391 6118/25/1391 6193/25/1391 6194/28/1391
f 6111/51/1392 6112/53/1392 6167/53/1392 6166/51/1392
f 6276/1/1393 6214/4/1393 6207/3/1393 6277/2/1393
f 6264/5/1394 6217/8/1394 6209/7/1394 6265/6/1394
f 6252/9/1395 6220/12/1395 4181/11/1395 6253/10/1395
f 6207/13/1396 6267/23/1396 6224/22/1396 6287/21/1396 6285/20/1396 6237/19/1396 6205/18/1396 6279/17/1396 6232/16/1396 6231/15/1396 6277/14/1396
f 6249/24/1397 6210/27/1397 6222/26/1397 6250/25/1397
f 6250/25/1398 6222/26/1398 6221/29/1398 6251/28/1398
f 6254/30/1399 6242/31/1399 6220/12/1399 6252/9/1399
f 6261/32/1400 6208/35/1400 6219/34/1400 6262/33/1400
f 6262/33/1401 6219/34/1401 6218/37/1401 6263/36/1401
f 6266/38/1402 6241/39/1402 6217/8/1402 6264/5/1402
f 6273/40/1403 6206/43/1403 6216/42/1403 6274/41/1403
f 6274/41/1404 6216/42/1404 6215/45/1404 6275/44/1404
f 6278/46/1405 6240/47/1405 6214/4/1405 6276/1/1405
f 6272/48/1406 6243/51/1406 6225/50/1406 6271/49/1406
f 6243/51/1407 6244/53/1407 6226/52/1407 6225/50/1407
f 6271/49/1408 6225/50/1408 6224/55/1408 6267/54/1408
f 6225/50/1408 6226/52/1408 6223/57/1408 6287/56/1408 6224/55/1408
f 6260/58/1409 6245/61/1409 6229/60/1409 6259/59/1409
f 6245/61/1410 6246/63/1410 6230/62/1410 6229/60/1410
f 6274/41/1411 6333/41/1411 6332/40/1411 6273/40/1411
f 6259/59/1412 6229/60/1412 6228/65/1412 6255/64/1412
f 6229/60/1413 6230/62/1413 6227/66/1413 6228/65/1413
f 6284/67/1414 6247/70/1414 6233/69/1414 6283/68/1414
f 6247/70/1415 6248/72/1415 6234/71/1415 6233/69/1415
f 6283/68/1416 6233/69/1416 6232/74/1416 6279/73/1416
f 6233/69/1417 6234/71/1417 6231/75/1417 6232/74/1417
f 6270/76/1418 6295/76/1418 6323/48/1418 6272/48/1418
f 6275/44/1419 6334/44/1419 6333/41/1419 6274/41/1419
f 6281/77/1420 6312/77/1420 6314/78/1420 6282/78/1420
f 6275/44/1421 6215/45/1421 6240/47/1421 6278/46/1421
f 6263/36/1422 6218/37/1422 6241/39/1422 6266/38/1422
f 6251/28/1423 6221/29/1423 6242/31/1423 6254/30/1423
f 6246/63/1424 6254/30/1424 6252/9/1424 6230/62/1424
f 6278/46/1425 6335/46/1425 6334/44/1425 6275/44/1425
f 6230/62/1426 6252/9/1426 6253/10/1426 6227/66/1426
f 6218/37/1427 6258/79/1427 6260/58/1427 6241/39/1427
f 6217/8/1428 6259/59/1428 6255/64/1428 6209/7/1428
f 6208/35/1429 6256/81/1429 6257/80/1429 6219/34/1429
f 6219/34/1430 6257/80/1430 6258/79/1430 6218/37/1430
f 6241/39/1431 6260/58/1431 6259/59/1431 6217/8/1431
f 6272/48/1432 6323/48/1432 6298/51/1432 6243/51/1432
f 6244/53/1433 6266/38/1433 6264/5/1433 6226/52/1433
f 6280/82/1434 6310/82/1434 6312/77/1434 6281/77/1434
f 6226/52/1408 6264/5/1408 6265/6/1408 6223/57/1408
f 6215/45/1435 6270/76/1435 6272/48/1435 6240/47/1435
f 6214/4/1436 6271/49/1436 6267/54/1436 6207/3/1436
f 6206/43/1437 6268/84/1437 6269/83/1437 6216/42/1437
f 6216/42/1438 6269/83/1438 6270/76/1438 6215/45/1438
f 6240/47/1439 6272/48/1439 6271/49/1439 6214/4/1439
f 6250/25/1440 6325/25/1440 6324/24/1440 6249/24/1440
f 6248/72/1441 6278/46/1441 6276/1/1441 6234/71/1441
f 6248/72/1442 6318/72/1442 6335/46/1442 6278/46/1442
f 6234/71/1443 6276/1/1443 6277/2/1443 6231/75/1443
f 6212/85/1444 6282/78/1444 6284/67/1444 6239/86/1444
f 6213/87/1445 6283/68/1445 6279/73/1445 6205/88/1445
f 6204/89/1446 6280/82/1446 6281/77/1446 6211/90/1446
f 6211/90/1447 6281/77/1447 6282/78/1447 6212/85/1447
f 6239/86/1448 6284/67/1448 6283/68/1448 6213/87/1448
f 6236/91/1449 6235/93/1449 6286/92/1449 6285/20/1449
f 6286/92/1450 6238/94/1450 6237/19/1450 6285/20/1450
f 6287/21/1451 6223/102/1451 6265/101/1451 6209/100/1451 6255/99/1451 6228/98/1451 6227/97/1451 6253/96/1451 4181/95/1451 6236/91/1451 6285/20/1451
f 6293/83/1452 6294/104/1452 6296/103/1452 6295/76/1452
f 6292/84/1453 6288/105/1453 6294/104/1453 6293/83/1453
f 6302/80/1454 6303/107/1454 6305/106/1454 6304/79/1454
f 6301/81/1455 6290/108/1455 6303/107/1455 6302/80/1455
f 6312/77/1456 6313/110/1456 6315/109/1456 6314/78/1456
f 6310/82/1457 6311/111/1457 6313/110/1457 6312/77/1457
f 6315/109/1458 6316/112/1458 6318/72/1458 6317/70/1458
f 6314/78/1459 6315/109/1459 6317/70/1459 6321/67/1459
f 6305/106/1460 6306/113/1460 6308/63/1460 6307/61/1460
f 6304/79/1461 6305/106/1461 6307/61/1461 6322/58/1461
f 6296/103/1462 6297/114/1462 6299/53/1462 6298/51/1462
f 6295/76/1463 6296/103/1463 6298/51/1463 6323/48/1463
f 6306/113/1464 6326/28/1464 6327/30/1464 6308/63/1464
f 6309/115/1465 6325/25/1465 6326/28/1465 6306/113/1465
f 6289/116/1466 6324/24/1466 6325/25/1466 6309/115/1466
f 6297/114/1467 6330/36/1467 6331/38/1467 6299/53/1467
f 6300/117/1468 6329/33/1468 6330/36/1468 6297/114/1468
f 6291/118/1469 6328/32/1469 6329/33/1469 6300/117/1469
f 6316/112/1470 6334/44/1470 6335/46/1470 6318/72/1470
f 6319/119/1471 6333/41/1471 6334/44/1471 6316/112/1471
f 6320/120/1472 6332/40/1472 6333/41/1472 6319/119/1472
f 6244/53/1473 6299/53/1473 6331/38/1473 6266/38/1473
f 6268/84/1474 6292/84/1474 6293/83/1474 6269/83/1474
f 6266/38/1475 6331/38/1475 6330/36/1475 6263/36/1475
f 6269/83/1476 6293/83/1476 6295/76/1476 6270/76/1476
f 6263/36/1477 6330/36/1477 6329/33/1477 6262/33/1477
f 6258/79/1478 6304/79/1478 6322/58/1478 6260/58/1478
f 6262/33/1479 6329/33/1479 6328/32/1479 6261/32/1479
f 6247/70/1480 6317/70/1480 6318/72/1480 6248/72/1480
f 6246/63/1481 6308/63/1481 6327/30/1481 6254/30/1481
f 6284/67/1482 6321/67/1482 6317/70/1482 6247/70/1482
f 6256/81/1483 6301/81/1483 6302/80/1483 6257/80/1483
f 6254/30/1484 6327/30/1484 6326/28/1484 6251/28/1484
f 6245/61/1485 6307/61/1485 6308/63/1485 6246/63/1485
f 6257/80/1486 6302/80/1486 6304/79/1486 6258/79/1486
f 6282/78/1487 6314/78/1487 6321/67/1487 6284/67/1487
f 6260/58/1488 6322/58/1488 6307/61/1488 6245/61/1488
f 6251/28/1489 6326/28/1489 6325/25/1489 6250/25/1489
f 6243/51/1490 6298/51/1490 6299/53/1490 6244/53/1490
f 6141/40/1491 6081/43/1491 6206/43/1491 6273/40/1491
f 6080/88/1492 6087/87/1492 6213/87/1492 6205/88/1492
f 6129/32/1493 6083/35/1493 6208/35/1493 6261/32/1493
f 6117/24/1494 4047/27/1494 6210/27/1494 6249/24/1494
f 4047/27/1495 4060/26/1495 6222/26/1495 6210/27/1495
f 4048/95/1496 4074/91/1496 6236/91/1496 4181/95/1496
f 6085/90/1497 6079/89/1497 6204/89/1497 6211/90/1497
f 6086/85/1498 6085/90/1498 6211/90/1498 6212/85/1498
f 6087/87/1499 6108/86/1499 6239/86/1499 6213/87/1499
f 4058/12/1500 4048/11/1500 4181/11/1500 6220/12/1500
f 4059/29/1501 4080/31/1501 6242/31/1501 6221/29/1501
f 4060/26/1502 4059/29/1502 6221/29/1502 6222/26/1502
f 6136/84/1503 6160/84/1503 6292/84/1503 6268/84/1503
f 6148/82/1504 6178/82/1504 6310/82/1504 6280/82/1504
f 4074/91/1505 4073/93/1505 6235/93/1505 6236/91/1505
f 6106/19/1506 6080/18/1506 6205/18/1506 6237/19/1506
f 6107/94/1507 6106/19/1507 6237/19/1507 6238/94/1507
f 6108/86/1508 6086/85/1508 6212/85/1508 6239/86/1508
f 4080/31/1509 4058/12/1509 6220/12/1509 6242/31/1509
f 6192/24/1510 6117/24/1510 6249/24/1510 6324/24/1510
f 6083/35/1511 6124/81/1511 6256/81/1511 6208/35/1511
f 6081/43/1512 6136/84/1512 6268/84/1512 6206/43/1512
f 6196/32/1513 6129/32/1513 6261/32/1513 6328/32/1513
f 6156/105/1514 6162/104/1514 6294/104/1514 6288/105/1514
f 6079/89/1515 6148/82/1515 6280/82/1515 6204/89/1515
f 6154/92/1516 6107/94/1516 6238/94/1516 6286/92/1516
f 4073/93/1517 6154/92/1517 6286/92/1517 6235/93/1517
f 6164/103/1518 6165/114/1518 6297/114/1518 6296/103/1518
f 6162/104/1519 6164/103/1519 6296/103/1519 6294/104/1519
f 6165/114/1520 6168/117/1520 6300/117/1520 6297/114/1520
f 6160/84/1521 6156/105/1521 6288/105/1521 6292/84/1521
f 6159/118/1522 6196/32/1522 6328/32/1522 6291/118/1522
f 6173/106/1523 6174/113/1523 6306/113/1523 6305/106/1523
f 6171/107/1524 6173/106/1524 6305/106/1524 6303/107/1524
f 6174/113/1525 6177/115/1525 6309/115/1525 6306/113/1525
f 6168/117/1526 6159/118/1526 6291/118/1526 6300/117/1526
f 6178/82/1527 6179/111/1527 6311/111/1527 6310/82/1527
f 6183/109/1528 6184/112/1528 6316/112/1528 6315/109/1528
f 6181/110/1529 6183/109/1529 6315/109/1529 6313/110/1529
f 6184/112/1530 6187/119/1530 6319/119/1530 6316/112/1530
f 6179/111/1531 6181/110/1531 6313/110/1531 6311/111/1531
f 6187/119/1532 6188/120/1532 6320/120/1532 6319/119/1532
f 6158/108/1533 6171/107/1533 6303/107/1533 6290/108/1533
f 6188/120/1534 6200/40/1534 6332/40/1534 6320/120/1534
f 6169/81/1535 6158/108/1535 6290/108/1535 6301/81/1535
f 6200/40/1536 6141/40/1536 6273/40/1536 6332/40/1536
f 6124/81/1537 6169/81/1537 6301/81/1537 6256/81/1537
f 6177/115/1538 6157/116/1538 6289/116/1538 6309/115/1538
f 6157/116/1539 6192/24/1539 6324/24/1539 6289/116/1539
f 6393/1/1540 6340/4/1540 6337/3/1540 6394/2/1540
f 6381/5/1541 6343/8/1541 6339/7/1541 6382/6/1541
f 6369/9/1542 4319/12/1542 4312/11/1542 6370/10/1542
f 6337/13/1543 6384/23/1543 6347/22/1543 6404/21/1543 6402/20/1543 6106/19/1543 6080/18/1543 6396/17/1543 6355/16/1543 6354/15/1543 6394/14/1543
f 6366/24/1544 4311/27/1544 4321/26/1544 6367/25/1544
f 6367/25/1545 4321/26/1545 4320/29/1545 6368/28/1545
f 6371/30/1546 4338/31/1546 4319/12/1546 6369/9/1546
f 6378/32/1547 6338/35/1547 6345/34/1547 6379/33/1547
f 6379/33/1548 6345/34/1548 6344/37/1548 6380/36/1548
f 6383/38/1549 6359/39/1549 6343/8/1549 6381/5/1549
f 6390/40/1550 6336/43/1550 6342/42/1550 6391/41/1550
f 6391/41/1551 6342/42/1551 6341/45/1551 6392/44/1551
f 6395/46/1552 6358/47/1552 6340/4/1552 6393/1/1552
f 6389/48/1553 6360/51/1553 6348/50/1553 6388/49/1553
f 6360/51/1554 6361/53/1554 6349/52/1554 6348/50/1554
f 6388/49/1555 6348/50/1555 6347/55/1555 6384/54/1555
f 6348/50/1556 6349/52/1556 6346/57/1556 6404/56/1556 6347/55/1556
f 6377/58/1557 6362/61/1557 6352/60/1557 6376/59/1557
f 6362/61/1558 6363/63/1558 6353/62/1558 6352/60/1558
f 6391/41/1559 6450/41/1559 6449/40/1559 6390/40/1559
f 6376/59/1560 6352/60/1560 6351/65/1560 6372/64/1560
f 6352/60/1561 6353/62/1561 6350/66/1561 6351/65/1561
f 6401/67/1562 6364/70/1562 6356/69/1562 6400/68/1562
f 6364/70/1563 6365/72/1563 6357/71/1563 6356/69/1563
f 6400/68/1564 6356/69/1564 6355/74/1564 6396/73/1564
f 6356/69/1565 6357/71/1565 6354/75/1565 6355/74/1565
f 6387/76/1566 6412/76/1566 6440/48/1566 6389/48/1566
f 6392/44/1567 6451/44/1567 6450/41/1567 6391/41/1567
f 6398/77/1568 6429/77/1568 6431/78/1568 6399/78/1568
f 6392/44/1569 6341/45/1569 6358/47/1569 6395/46/1569
f 6380/36/1570 6344/37/1570 6359/39/1570 6383/38/1570
f 6368/28/1571 4320/29/1571 4338/31/1571 6371/30/1571
f 6363/63/1572 6371/30/1572 6369/9/1572 6353/62/1572
f 6395/46/1573 6452/46/1573 6451/44/1573 6392/44/1573
f 6353/62/1574 6369/9/1574 6370/10/1574 6350/66/1574
f 6344/37/1575 6375/79/1575 6377/58/1575 6359/39/1575
f 6343/8/1576 6376/59/1576 6372/64/1576 6339/7/1576
f 6338/35/1577 6373/81/1577 6374/80/1577 6345/34/1577
f 6345/34/1578 6374/80/1578 6375/79/1578 6344/37/1578
f 6359/39/1579 6377/58/1579 6376/59/1579 6343/8/1579
f 6389/48/1580 6440/48/1580 6415/51/1580 6360/51/1580
f 6361/53/1581 6383/38/1581 6381/5/1581 6349/52/1581
f 6397/82/1582 6427/82/1582 6429/77/1582 6398/77/1582
f 6349/52/1583 6381/5/1583 6382/6/1583 6346/57/1583
f 6341/45/1584 6387/76/1584 6389/48/1584 6358/47/1584
f 6340/4/1585 6388/49/1585 6384/54/1585 6337/3/1585
f 6336/43/1586 6385/84/1586 6386/83/1586 6342/42/1586
f 6342/42/1587 6386/83/1587 6387/76/1587 6341/45/1587
f 6358/47/1588 6389/48/1588 6388/49/1588 6340/4/1588
f 6367/25/1589 6442/25/1589 6441/24/1589 6366/24/1589
f 6365/72/1590 6395/46/1590 6393/1/1590 6357/71/1590
f 6365/72/1591 6435/72/1591 6452/46/1591 6395/46/1591
f 6357/71/1592 6393/1/1592 6394/2/1592 6354/75/1592
f 6086/85/1593 6399/78/1593 6401/67/1593 6108/86/1593
f 6087/87/1594 6400/68/1594 6396/73/1594 6080/88/1594
f 6079/89/1595 6397/82/1595 6398/77/1595 6085/90/1595
f 6085/90/1596 6398/77/1596 6399/78/1596 6086/85/1596
f 6108/86/1597 6401/67/1597 6400/68/1597 6087/87/1597
f 4335/91/1598 4334/93/1598 6403/92/1598 6402/20/1598
f 6403/92/1599 6107/94/1599 6106/19/1599 6402/20/1599
f 6404/21/1600 6346/102/1600 6382/101/1600 6339/100/1600 6372/99/1600 6351/98/1600 6350/97/1600 6370/96/1600 4312/95/1600 4335/91/1600 6402/20/1600
f 6410/83/1601 6411/104/1601 6413/103/1601 6412/76/1601
f 6409/84/1602 6405/105/1602 6411/104/1602 6410/83/1602
f 6419/80/1603 6420/107/1603 6422/106/1603 6421/79/1603
f 6418/81/1604 6407/108/1604 6420/107/1604 6419/80/1604
f 6429/77/1605 6430/110/1605 6432/109/1605 6431/78/1605
f 6427/82/1606 6428/111/1606 6430/110/1606 6429/77/1606
f 6432/109/1607 6433/112/1607 6435/72/1607 6434/70/1607
f 6431/78/1608 6432/109/1608 6434/70/1608 6438/67/1608
f 6422/106/1609 6423/113/1609 6425/63/1609 6424/61/1609
f 6421/79/1610 6422/106/1610 6424/61/1610 6439/58/1610
f 6413/103/1611 6414/114/1611 6416/53/1611 6415/51/1611
f 6412/76/1612 6413/103/1612 6415/51/1612 6440/48/1612
f 6423/113/1613 6443/28/1613 6444/30/1613 6425/63/1613
f 6426/115/1614 6442/25/1614 6443/28/1614 6423/113/1614
f 6406/116/1615 6441/24/1615 6442/25/1615 6426/115/1615
f 6414/114/1616 6447/36/1616 6448/38/1616 6416/53/1616
f 6417/117/1617 6446/33/1617 6447/36/1617 6414/114/1617
f 6408/118/1618 6445/32/1618 6446/33/1618 6417/117/1618
f 6433/112/1619 6451/44/1619 6452/46/1619 6435/72/1619
f 6436/119/1620 6450/41/1620 6451/44/1620 6433/112/1620
f 6437/120/1621 6449/40/1621 6450/41/1621 6436/119/1621
f 6361/53/1622 6416/53/1622 6448/38/1622 6383/38/1622
f 6385/84/1623 6409/84/1623 6410/83/1623 6386/83/1623
f 6383/38/1624 6448/38/1624 6447/36/1624 6380/36/1624
f 6386/83/1625 6410/83/1625 6412/76/1625 6387/76/1625
f 6380/36/1626 6447/36/1626 6446/33/1626 6379/33/1626
f 6375/79/1627 6421/79/1627 6439/58/1627 6377/58/1627
f 6379/33/1628 6446/33/1628 6445/32/1628 6378/32/1628
f 6364/70/1629 6434/70/1629 6435/72/1629 6365/72/1629
f 6363/63/1630 6425/63/1630 6444/30/1630 6371/30/1630
f 6401/67/1631 6438/67/1631 6434/70/1631 6364/70/1631
f 6373/81/1632 6418/81/1632 6419/80/1632 6374/80/1632
f 6371/30/1633 6444/30/1633 6443/28/1633 6368/28/1633
f 6362/61/1634 6424/61/1634 6425/63/1634 6363/63/1634
f 6374/80/1635 6419/80/1635 6421/79/1635 6375/79/1635
f 6399/78/1636 6431/78/1636 6438/67/1636 6401/67/1636
f 6377/58/1637 6439/58/1637 6424/61/1637 6362/61/1637
f 6368/28/1638 6443/28/1638 6442/25/1638 6367/25/1638
f 6360/51/1639 6415/51/1639 6416/53/1639 6361/53/1639
f 6524/1/1640 6525/2/1640 6455/3/1640 6462/4/1640
f 6512/5/1641 6513/6/1641 6457/7/1641 6465/8/1641
f 6500/9/1642 6501/10/1642 4438/11/1642 6468/12/1642
f 6455/13/1643 6525/14/1643 6479/15/1643 6480/16/1643 6527/17/1643 6205/18/1643 6485/19/1643 6533/20/1643 6535/21/1643 6472/22/1643 6515/23/1643
f 6497/24/1644 6498/25/1644 6470/26/1644 6458/27/1644
f 6498/25/1645 6499/28/1645 6469/29/1645 6470/26/1645
f 6502/30/1646 6500/9/1646 6468/12/1646 6490/31/1646
f 6509/32/1647 6510/33/1647 6467/34/1647 6456/35/1647
f 6510/33/1648 6511/36/1648 6466/37/1648 6467/34/1648
f 6514/38/1649 6512/5/1649 6465/8/1649 6489/39/1649
f 6521/40/1650 6522/41/1650 6464/42/1650 6454/43/1650
f 6522/41/1651 6523/44/1651 6463/45/1651 6464/42/1651
f 6526/46/1652 6524/1/1652 6462/4/1652 6488/47/1652
f 6520/48/1653 6519/49/1653 6473/50/1653 6491/51/1653
f 6491/51/1654 6473/50/1654 6474/52/1654 6492/53/1654
f 6519/49/1655 6515/54/1655 6472/55/1655 6473/50/1655
f 6473/50/1655 6472/55/1655 6535/56/1655 6471/57/1655 6474/52/1655
f 6508/58/1656 6507/59/1656 6477/60/1656 6493/61/1656
f 6493/61/1657 6477/60/1657 6478/62/1657 6494/63/1657
f 6522/41/1658 6521/40/1658 6580/40/1658 6581/41/1658
f 6507/59/1659 6503/64/1659 6476/65/1659 6477/60/1659
f 6477/60/1660 6476/65/1660 6475/66/1660 6478/62/1660
f 6532/67/1661 6531/68/1661 6481/69/1661 6495/70/1661
f 6495/70/1662 6481/69/1662 6482/71/1662 6496/72/1662
f 6531/68/1663 6527/73/1663 6480/74/1663 6481/69/1663
f 6481/69/1664 6480/74/1664 6479/75/1664 6482/71/1664
f 6518/76/1665 6520/48/1665 6571/48/1665 6543/76/1665
f 6523/44/1666 6522/41/1666 6581/41/1666 6582/44/1666
f 6529/77/1667 6530/78/1667 6562/78/1667 6560/77/1667
f 6523/44/1668 6526/46/1668 6488/47/1668 6463/45/1668
f 6511/36/1669 6514/38/1669 6489/39/1669 6466/37/1669
f 6499/28/1670 6502/30/1670 6490/31/1670 6469/29/1670
f 6494/63/1671 6478/62/1671 6500/9/1671 6502/30/1671
f 6526/46/1672 6523/44/1672 6582/44/1672 6583/46/1672
f 6478/62/1673 6475/66/1673 6501/10/1673 6500/9/1673
f 6466/37/1674 6489/39/1674 6508/58/1674 6506/79/1674
f 6465/8/1675 6457/7/1675 6503/64/1675 6507/59/1675
f 6456/35/1676 6467/34/1676 6505/80/1676 6504/81/1676
f 6467/34/1677 6466/37/1677 6506/79/1677 6505/80/1677
f 6489/39/1678 6465/8/1678 6507/59/1678 6508/58/1678
f 6520/48/1679 6491/51/1679 6546/51/1679 6571/48/1679
f 6492/53/1680 6474/52/1680 6512/5/1680 6514/38/1680
f 6528/82/1681 6529/77/1681 6560/77/1681 6558/82/1681
f 6474/52/1655 6471/57/1655 6513/6/1655 6512/5/1655
f 6463/45/1682 6488/47/1682 6520/48/1682 6518/76/1682
f 6462/4/1683 6455/3/1683 6515/54/1683 6519/49/1683
f 6454/43/1684 6464/42/1684 6517/83/1684 6516/84/1684
f 6464/42/1685 6463/45/1685 6518/76/1685 6517/83/1685
f 6488/47/1686 6462/4/1686 6519/49/1686 6520/48/1686
f 6498/25/1687 6497/24/1687 6572/24/1687 6573/25/1687
f 6496/72/1688 6482/71/1688 6524/1/1688 6526/46/1688
f 6496/72/1689 6526/46/1689 6583/46/1689 6566/72/1689
f 6482/71/1690 6479/75/1690 6525/2/1690 6524/1/1690
f 6460/85/1691 6487/86/1691 6532/67/1691 6530/78/1691
f 6461/87/1692 6205/88/1692 6527/73/1692 6531/68/1692
f 6453/89/1693 6459/90/1693 6529/77/1693 6528/82/1693
f 6459/90/1694 6460/85/1694 6530/78/1694 6529/77/1694
f 6487/86/1695 6461/87/1695 6531/68/1695 6532/67/1695
f 6484/91/1696 6533/20/1696 6534/92/1696 6483/93/1696
f 6534/92/1697 6533/20/1697 6485/19/1697 6486/94/1697
f 6535/21/1698 6533/20/1698 6484/91/1698 4438/95/1698 6501/96/1698 6475/97/1698 6476/98/1698 6503/99/1698 6457/100/1698 6513/101/1698 6471/102/1698
f 6541/83/1699 6543/76/1699 6544/103/1699 6542/104/1699
f 6540/84/1700 6541/83/1700 6542/104/1700 6536/105/1700
f 6550/80/1701 6552/79/1701 6553/106/1701 6551/107/1701
f 6549/81/1702 6550/80/1702 6551/107/1702 6538/108/1702
f 6560/77/1703 6562/78/1703 6563/109/1703 6561/110/1703
f 6558/82/1704 6560/77/1704 6561/110/1704 6559/111/1704
f 6563/109/1705 6565/70/1705 6566/72/1705 6564/112/1705
f 6562/78/1706 6569/67/1706 6565/70/1706 6563/109/1706
f 6553/106/1707 6555/61/1707 6556/63/1707 6554/113/1707
f 6552/79/1708 6570/58/1708 6555/61/1708 6553/106/1708
f 6544/103/1709 6546/51/1709 6547/53/1709 6545/114/1709
f 6543/76/1710 6571/48/1710 6546/51/1710 6544/103/1710
f 6554/113/1711 6556/63/1711 6575/30/1711 6574/28/1711
f 6557/115/1712 6554/113/1712 6574/28/1712 6573/25/1712
f 6537/116/1713 6557/115/1713 6573/25/1713 6572/24/1713
f 6545/114/1714 6547/53/1714 6579/38/1714 6578/36/1714
f 6548/117/1715 6545/114/1715 6578/36/1715 6577/33/1715
f 6539/118/1716 6548/117/1716 6577/33/1716 6576/32/1716
f 6564/112/1717 6566/72/1717 6583/46/1717 6582/44/1717
f 6567/119/1718 6564/112/1718 6582/44/1718 6581/41/1718
f 6568/120/1719 6567/119/1719 6581/41/1719 6580/40/1719
f 6492/53/1720 6514/38/1720 6579/38/1720 6547/53/1720
f 6516/84/1721 6517/83/1721 6541/83/1721 6540/84/1721
f 6514/38/1722 6511/36/1722 6578/36/1722 6579/38/1722
f 6517/83/1723 6518/76/1723 6543/76/1723 6541/83/1723
f 6511/36/1724 6510/33/1724 6577/33/1724 6578/36/1724
f 6506/79/1725 6508/58/1725 6570/58/1725 6552/79/1725
f 6510/33/1726 6509/32/1726 6576/32/1726 6577/33/1726
f 6495/70/1727 6496/72/1727 6566/72/1727 6565/70/1727
f 6494/63/1728 6502/30/1728 6575/30/1728 6556/63/1728
f 6532/67/1729 6495/70/1729 6565/70/1729 6569/67/1729
f 6504/81/1730 6505/80/1730 6550/80/1730 6549/81/1730
f 6502/30/1731 6499/28/1731 6574/28/1731 6575/30/1731
f 6493/61/1732 6494/63/1732 6556/63/1732 6555/61/1732
f 6505/80/1733 6506/79/1733 6552/79/1733 6550/80/1733
f 6530/78/1734 6532/67/1734 6569/67/1734 6562/78/1734
f 6508/58/1735 6493/61/1735 6555/61/1735 6570/58/1735
f 6499/28/1736 6498/25/1736 6573/25/1736 6574/28/1736
f 6491/51/1737 6492/53/1737 6547/53/1737 6546/51/1737
f 6390/40/1738 6521/40/1738 6454/43/1738 6336/43/1738
f 6080/88/1739 6205/88/1739 6461/87/1739 6087/87/1739
f 6378/32/1740 6509/32/1740 6456/35/1740 6338/35/1740
f 6366/24/1741 6497/24/1741 6458/27/1741 4311/27/1741
f 4311/27/1742 6458/27/1742 6470/26/1742 4321/26/1742
f 4312/95/1743 4438/95/1743 6484/91/1743 4335/91/1743
f 6085/90/1744 6459/90/1744 6453/89/1744 6079/89/1744
f 6086/85/1745 6460/85/1745 6459/90/1745 6085/90/1745
f 6087/87/1746 6461/87/1746 6487/86/1746 6108/86/1746
f 4319/12/1747 6468/12/1747 4438/11/1747 4312/11/1747
f 4320/29/1748 6469/29/1748 6490/31/1748 4338/31/1748
f 4321/26/1749 6470/26/1749 6469/29/1749 4320/29/1749
f 6385/84/1750 6516/84/1750 6540/84/1750 6409/84/1750
f 6397/82/1751 6528/82/1751 6558/82/1751 6427/82/1751
f 4335/91/1752 6484/91/1752 6483/93/1752 4334/93/1752
f 6106/19/1753 6485/19/1753 6205/18/1753 6080/18/1753
f 6107/94/1754 6486/94/1754 6485/19/1754 6106/19/1754
f 6108/86/1755 6487/86/1755 6460/85/1755 6086/85/1755
f 4338/31/1756 6490/31/1756 6468/12/1756 4319/12/1756
f 6441/24/1757 6572/24/1757 6497/24/1757 6366/24/1757
f 6338/35/1758 6456/35/1758 6504/81/1758 6373/81/1758
f 6336/43/1759 6454/43/1759 6516/84/1759 6385/84/1759
f 6445/32/1760 6576/32/1760 6509/32/1760 6378/32/1760
f 6405/105/1761 6536/105/1761 6542/104/1761 6411/104/1761
f 6079/89/1762 6453/89/1762 6528/82/1762 6397/82/1762
f 6403/92/1763 6534/92/1763 6486/94/1763 6107/94/1763
f 4334/93/1764 6483/93/1764 6534/92/1764 6403/92/1764
f 6413/103/1765 6544/103/1765 6545/114/1765 6414/114/1765
f 6411/104/1766 6542/104/1766 6544/103/1766 6413/103/1766
f 6414/114/1767 6545/114/1767 6548/117/1767 6417/117/1767
f 6409/84/1768 6540/84/1768 6536/105/1768 6405/105/1768
f 6408/118/1769 6539/118/1769 6576/32/1769 6445/32/1769
f 6422/106/1770 6553/106/1770 6554/113/1770 6423/113/1770
f 6420/107/1771 6551/107/1771 6553/106/1771 6422/106/1771
f 6423/113/1772 6554/113/1772 6557/115/1772 6426/115/1772
f 6417/117/1773 6548/117/1773 6539/118/1773 6408/118/1773
f 6427/82/1774 6558/82/1774 6559/111/1774 6428/111/1774
f 6432/109/1775 6563/109/1775 6564/112/1775 6433/112/1775
f 6430/110/1776 6561/110/1776 6563/109/1776 6432/109/1776
f 6433/112/1777 6564/112/1777 6567/119/1777 6436/119/1777
f 6428/111/1778 6559/111/1778 6561/110/1778 6430/110/1778
f 6436/119/1779 6567/119/1779 6568/120/1779 6437/120/1779
f 6407/108/1780 6538/108/1780 6551/107/1780 6420/107/1780
f 6437/120/1781 6568/120/1781 6580/40/1781 6449/40/1781
f 6418/81/1782 6549/81/1782 6538/108/1782 6407/108/1782
f 6449/40/1783 6580/40/1783 6521/40/1783 6390/40/1783
f 6373/81/1784 6504/81/1784 6549/81/1784 6418/81/1784
f 6426/115/1785 6557/115/1785 6537/116/1785 6406/116/1785
f 6406/116/1786 6537/116/1786 6572/24/1786 6441/24/1786
f 6649/1/799 6593/4/799 6587/3/799 6650/2/799
f 6637/5/800 6596/8/800 6589/7/800 6638/6/800
f 6625/9/801 4058/12/801 4048/11/801 6626/10/801
f 6587/13/802 6640/23/802 6600/22/802 6660/21/802 6658/20/802 6611/19/802 6585/18/802 6652/17/802 6608/16/802 6607/15/802 6650/14/802
f 6622/24/803 4047/27/803 4060/26/803 6623/25/803
f 6623/25/804 4060/26/804 4059/29/804 6624/28/804
f 6627/30/805 4080/31/805 4058/12/805 6625/9/805
f 6634/32/806 6588/35/806 6598/34/806 6635/33/806
f 6635/33/807 6598/34/807 6597/37/807 6636/36/807
f 6639/38/808 6615/39/808 6596/8/808 6637/5/808
f 6646/40/809 6586/43/809 6595/42/809 6647/41/809
f 6647/41/810 6595/42/810 6594/45/810 6648/44/810
f 6651/46/811 6614/47/811 6593/4/811 6649/1/811
f 6645/48/812 6616/51/812 6601/50/812 6644/49/812
f 6616/51/813 6617/53/813 6602/52/813 6601/50/813
f 6644/49/814 6601/50/814 6600/55/814 6640/54/814
f 6601/50/815 6602/52/815 6599/57/815 6660/56/815 6600/55/815
f 6633/58/816 6618/61/816 6605/60/816 6632/59/816
f 6618/61/817 6619/63/817 6606/62/817 6605/60/817
f 6647/41/818 6706/41/818 6705/40/818 6646/40/818
f 6632/59/819 6605/60/819 6604/65/819 6628/64/819
f 6605/60/820 6606/62/820 6603/66/820 6604/65/820
f 6657/67/821 6620/70/821 6609/69/821 6656/68/821
f 6620/70/822 6621/72/822 6610/71/822 6609/69/822
f 6656/68/823 6609/69/823 6608/74/823 6652/73/823
f 6609/69/824 6610/71/824 6607/75/824 6608/74/824
f 6643/76/825 6668/76/825 6696/48/825 6645/48/825
f 6648/44/826 6707/44/826 6706/41/826 6647/41/826
f 6654/77/827 6685/77/827 6687/78/827 6655/78/827
f 6648/44/828 6594/45/828 6614/47/828 6651/46/828
f 6636/36/829 6597/37/829 6615/39/829 6639/38/829
f 6624/28/830 4059/29/830 4080/31/830 6627/30/830
f 6619/63/831 6627/30/831 6625/9/831 6606/62/831
f 6651/46/832 6708/46/832 6707/44/832 6648/44/832
f 6606/62/833 6625/9/833 6626/10/833 6603/66/833
f 6597/37/834 6631/79/834 6633/58/834 6615/39/834
f 6596/8/835 6632/59/835 6628/64/835 6589/7/835
f 6588/35/836 6629/81/836 6630/80/836 6598/34/836
f 6598/34/837 6630/80/837 6631/79/837 6597/37/837
f 6615/39/838 6633/58/838 6632/59/838 6596/8/838
f 6645/48/839 6696/48/839 6671/51/839 6616/51/839
f 6617/53/840 6639/38/840 6637/5/840 6602/52/840
f 6653/82/841 6683/82/841 6685/77/841 6654/77/841
f 6602/52/842 6637/5/842 6638/6/842 6599/57/842
f 6594/45/843 6643/76/843 6645/48/843 6614/47/843
f 6593/4/844 6644/49/844 6640/54/844 6587/3/844
f 6586/43/845 6641/84/845 6642/83/845 6595/42/845
f 6595/42/846 6642/83/846 6643/76/846 6594/45/846
f 6614/47/847 6645/48/847 6644/49/847 6593/4/847
f 6623/25/848 6698/25/848 6697/24/848 6622/24/848
f 6621/72/849 6651/46/849 6649/1/849 6610/71/849
f 6621/72/850 6691/72/850 6708/46/850 6651/46/850
f 6610/71/851 6649/1/851 6650/2/851 6607/75/851
f 6591/85/852 6655/78/852 6657/67/852 6613/86/852
f 6592/87/853 6656/68/853 6652/73/853 6585/88/853
f 6584/89/854 6653/82/854 6654/77/854 6590/90/854
f 6590/90/855 6654/77/855 6655/78/855 6591/85/855
f 6613/86/856 6657/67/856 6656/68/856 6592/87/856
f 4074/91/857 4073/93/857 6659/92/857 6658/20/857
f 6659/92/858 6612/94/858 6611/19/858 6658/20/858
f 6660/21/859 6599/102/859 6638/101/859 6589/100/859 6628/99/859 6604/98/859 6603/97/859 6626/96/859 4048/95/859 4074/91/859 6658/20/859
f 6666/83/860 6667/104/860 6669/103/860 6668/76/860
f 6665/84/861 6661/105/861 6667/104/861 6666/83/861
f 6675/80/862 6676/107/862 6678/106/862 6677/79/862
f 6674/81/863 6663/108/863 6676/107/863 6675/80/863
f 6685/77/864 6686/110/864 6688/109/864 6687/78/864
f 6683/82/865 6684/111/865 6686/110/865 6685/77/865
f 6688/109/866 6689/112/866 6691/72/866 6690/70/866
f 6687/78/867 6688/109/867 6690/70/867 6694/67/867
f 6678/106/868 6679/113/868 6681/63/868 6680/61/868
f 6677/79/869 6678/106/869 6680/61/869 6695/58/869
f 6669/103/870 6670/114/870 6672/53/870 6671/51/870
f 6668/76/871 6669/103/871 6671/51/871 6696/48/871
f 6679/113/872 6699/28/872 6700/30/872 6681/63/872
f 6682/115/873 6698/25/873 6699/28/873 6679/113/873
f 6662/116/874 6697/24/874 6698/25/874 6682/115/874
f 6670/114/875 6703/36/875 6704/38/875 6672/53/875
f 6673/117/876 6702/33/876 6703/36/876 6670/114/876
f 6664/118/877 6701/32/877 6702/33/877 6673/117/877
f 6689/112/878 6707/44/878 6708/46/878 6691/72/878
f 6692/119/879 6706/41/879 6707/44/879 6689/112/879
f 6693/120/880 6705/40/880 6706/41/880 6692/119/880
f 6617/53/881 6672/53/881 6704/38/881 6639/38/881
f 6641/84/882 6665/84/882 6666/83/882 6642/83/882
f 6639/38/883 6704/38/883 6703/36/883 6636/36/883
f 6642/83/884 6666/83/884 6668/76/884 6643/76/884
f 6636/36/885 6703/36/885 6702/33/885 6635/33/885
f 6631/79/886 6677/79/886 6695/58/886 6633/58/886
f 6635/33/887 6702/33/887 6701/32/887 6634/32/887
f 6620/70/888 6690/70/888 6691/72/888 6621/72/888
f 6619/63/889 6681/63/889 6700/30/889 6627/30/889
f 6657/67/890 6694/67/890 6690/70/890 6620/70/890
f 6629/81/891 6674/81/891 6675/80/891 6630/80/891
f 6627/30/892 6700/30/892 6699/28/892 6624/28/892
f 6618/61/893 6680/61/893 6681/63/893 6619/63/893
f 6630/80/894 6675/80/894 6677/79/894 6631/79/894
f 6655/78/895 6687/78/895 6694/67/895 6657/67/895
f 6633/58/896 6695/58/896 6680/61/896 6618/61/896
f 6624/28/897 6699/28/897 6698/25/897 6623/25/897
f 6616/51/898 6671/51/898 6672/53/898 6617/53/898
f 6781/1/899 6782/2/899 6712/3/899 6719/4/899
f 6769/5/900 6770/6/900 6714/7/900 6722/8/900
f 6757/9/901 6758/10/901 4181/11/901 6725/12/901
f 6712/13/902 6782/14/902 6736/15/902 6737/16/902 6784/17/902 6710/18/902 6742/19/902 6790/20/902 6792/21/902 6729/22/902 6772/23/902
f 6754/24/903 6755/25/903 6727/26/903 6715/27/903
f 6755/25/904 6756/28/904 6726/29/904 6727/26/904
f 6759/30/905 6757/9/905 6725/12/905 6747/31/905
f 6766/32/906 6767/33/906 6724/34/906 6713/35/906
f 6767/33/907 6768/36/907 6723/37/907 6724/34/907
f 6771/38/908 6769/5/908 6722/8/908 6746/39/908
f 6778/40/909 6779/41/909 6721/42/909 6711/43/909
f 6779/41/910 6780/44/910 6720/45/910 6721/42/910
f 6783/46/911 6781/1/911 6719/4/911 6745/47/911
f 6777/48/912 6776/49/912 6730/50/912 6748/51/912
f 6748/51/913 6730/50/913 6731/52/913 6749/53/913
f 6776/49/914 6772/54/914 6729/55/914 6730/50/914
f 6730/50/914 6729/55/914 6792/56/914 6728/57/914 6731/52/914
f 6765/58/915 6764/59/915 6734/60/915 6750/61/915
f 6750/61/916 6734/60/916 6735/62/916 6751/63/916
f 6779/41/917 6778/40/917 6837/40/917 6838/41/917
f 6764/59/918 6760/64/918 6733/65/918 6734/60/918
f 6734/60/919 6733/65/919 6732/66/919 6735/62/919
f 6789/67/920 6788/68/920 6738/69/920 6752/70/920
f 6752/70/921 6738/69/921 6739/71/921 6753/72/921
f 6788/68/922 6784/73/922 6737/74/922 6738/69/922
f 6738/69/923 6737/74/923 6736/75/923 6739/71/923
f 6775/76/924 6777/48/924 6828/48/924 6800/76/924
f 6780/44/925 6779/41/925 6838/41/925 6839/44/925
f 6786/77/926 6787/78/926 6819/78/926 6817/77/926
f 6780/44/927 6783/46/927 6745/47/927 6720/45/927
f 6768/36/928 6771/38/928 6746/39/928 6723/37/928
f 6756/28/929 6759/30/929 6747/31/929 6726/29/929
f 6751/63/930 6735/62/930 6757/9/930 6759/30/930
f 6783/46/931 6780/44/931 6839/44/931 6840/46/931
f 6735/62/932 6732/66/932 6758/10/932 6757/9/932
f 6723/37/933 6746/39/933 6765/58/933 6763/79/933
f 6722/8/934 6714/7/934 6760/64/934 6764/59/934
f 6713/35/935 6724/34/935 6762/80/935 6761/81/935
f 6724/34/936 6723/37/936 6763/79/936 6762/80/936
f 6746/39/937 6722/8/937 6764/59/937 6765/58/937
f 6777/48/938 6748/51/938 6803/51/938 6828/48/938
f 6749/53/939 6731/52/939 6769/5/939 6771/38/939
f 6785/82/940 6786/77/940 6817/77/940 6815/82/940
f 6731/52/914 6728/57/914 6770/6/914 6769/5/914
f 6720/45/941 6745/47/941 6777/48/941 6775/76/941
f 6719/4/942 6712/3/942 6772/54/942 6776/49/942
f 6711/43/943 6721/42/943 6774/83/943 6773/84/943
f 6721/42/944 6720/45/944 6775/76/944 6774/83/944
f 6745/47/945 6719/4/945 6776/49/945 6777/48/945
f 6755/25/946 6754/24/946 6829/24/946 6830/25/946
f 6753/72/947 6739/71/947 6781/1/947 6783/46/947
f 6753/72/948 6783/46/948 6840/46/948 6823/72/948
f 6739/71/949 6736/75/949 6782/2/949 6781/1/949
f 6717/85/950 6744/86/950 6789/67/950 6787/78/950
f 6718/87/951 6710/88/951 6784/73/951 6788/68/951
f 6709/89/952 6716/90/952 6786/77/952 6785/82/952
f 6716/90/953 6717/85/953 6787/78/953 6786/77/953
f 6744/86/954 6718/87/954 6788/68/954 6789/67/954
f 6741/91/955 6790/20/955 6791/92/955 6740/93/955
f 6791/92/956 6790/20/956 6742/19/956 6743/94/956
f 6792/21/957 6790/20/957 6741/91/957 4181/95/957 6758/96/957 6732/97/957 6733/98/957 6760/99/957 6714/100/957 6770/101/957 6728/102/957
f 6798/83/958 6800/76/958 6801/103/958 6799/104/958
f 6797/84/959 6798/83/959 6799/104/959 6793/105/959
f 6807/80/960 6809/79/960 6810/106/960 6808/107/960
f 6806/81/961 6807/80/961 6808/107/961 6795/108/961
f 6817/77/962 6819/78/962 6820/109/962 6818/110/962
f 6815/82/963 6817/77/963 6818/110/963 6816/111/963
f 6820/109/964 6822/70/964 6823/72/964 6821/112/964
f 6819/78/965 6826/67/965 6822/70/965 6820/109/965
f 6810/106/966 6812/61/966 6813/63/966 6811/113/966
f 6809/79/967 6827/58/967 6812/61/967 6810/106/967
f 6801/103/968 6803/51/968 6804/53/968 6802/114/968
f 6800/76/969 6828/48/969 6803/51/969 6801/103/969
f 6811/113/970 6813/63/970 6832/30/970 6831/28/970
f 6814/115/971 6811/113/971 6831/28/971 6830/25/971
f 6794/116/972 6814/115/972 6830/25/972 6829/24/972
f 6802/114/973 6804/53/973 6836/38/973 6835/36/973
f 6805/117/974 6802/114/974 6835/36/974 6834/33/974
f 6796/118/975 6805/117/975 6834/33/975 6833/32/975
f 6821/112/976 6823/72/976 6840/46/976 6839/44/976
f 6824/119/977 6821/112/977 6839/44/977 6838/41/977
f 6825/120/978 6824/119/978 6838/41/978 6837/40/978
f 6749/53/979 6771/38/979 6836/38/979 6804/53/979
f 6773/84/980 6774/83/980 6798/83/980 6797/84/980
f 6771/38/981 6768/36/981 6835/36/981 6836/38/981
f 6774/83/982 6775/76/982 6800/76/982 6798/83/982
f 6768/36/983 6767/33/983 6834/33/983 6835/36/983
f 6763/79/984 6765/58/984 6827/58/984 6809/79/984
f 6767/33/985 6766/32/985 6833/32/985 6834/33/985
f 6752/70/986 6753/72/986 6823/72/986 6822/70/986
f 6751/63/987 6759/30/987 6832/30/987 6813/63/987
f 6789/67/988 6752/70/988 6822/70/988 6826/67/988
f 6761/81/989 6762/80/989 6807/80/989 6806/81/989
f 6759/30/990 6756/28/990 6831/28/990 6832/30/990
f 6750/61/991 6751/63/991 6813/63/991 6812/61/991
f 6762/80/992 6763/79/992 6809/79/992 6807/80/992
f 6787/78/993 6789/67/993 6826/67/993 6819/78/993
f 6765/58/994 6750/61/994 6812/61/994 6827/58/994
f 6756/28/995 6755/25/995 6830/25/995 6831/28/995
f 6748/51/996 6749/53/996 6804/53/996 6803/51/996
f 6646/40/997 6778/40/997 6711/43/997 6586/43/997
f 6585/88/998 6710/88/998 6718/87/998 6592/87/998
f 6634/32/999 6766/32/999 6713/35/999 6588/35/999
f 6622/24/1000 6754/24/1000 6715/27/1000 4047/27/1000
f 4047/27/1001 6715/27/1001 6727/26/1001 4060/26/1001
f 4048/95/1002 4181/95/1002 6741/91/1002 4074/91/1002
f 6590/90/1003 6716/90/1003 6709/89/1003 6584/89/1003
f 6591/85/1004 6717/85/1004 6716/90/1004 6590/90/1004
f 6592/87/1005 6718/87/1005 6744/86/1005 6613/86/1005
f 4058/12/1006 6725/12/1006 4181/11/1006 4048/11/1006
f 4059/29/1007 6726/29/1007 6747/31/1007 4080/31/1007
f 4060/26/1008 6727/26/1008 6726/29/1008 4059/29/1008
f 6641/84/1009 6773/84/1009 6797/84/1009 6665/84/1009
f 6653/82/1010 6785/82/1010 6815/82/1010 6683/82/1010
f 4074/91/1011 6741/91/1011 6740/93/1011 4073/93/1011
f 6611/19/1012 6742/19/1012 6710/18/1012 6585/18/1012
f 6612/94/1013 6743/94/1013 6742/19/1013 6611/19/1013
f 6613/86/1014 6744/86/1014 6717/85/1014 6591/85/1014
f 4080/31/1015 6747/31/1015 6725/12/1015 4058/12/1015
f 6697/24/1016 6829/24/1016 6754/24/1016 6622/24/1016
f 6588/35/1017 6713/35/1017 6761/81/1017 6629/81/1017
f 6586/43/1018 6711/43/1018 6773/84/1018 6641/84/1018
f 6701/32/1019 6833/32/1019 6766/32/1019 6634/32/1019
f 6661/105/1020 6793/105/1020 6799/104/1020 6667/104/1020
f 6584/89/1021 6709/89/1021 6785/82/1021 6653/82/1021
f 6659/92/1022 6791/92/1022 6743/94/1022 6612/94/1022
f 4073/93/1023 6740/93/1023 6791/92/1023 6659/92/1023
f 6669/103/1024 6801/103/1024 6802/114/1024 6670/114/1024
f 6667/104/1025 6799/104/1025 6801/103/1025 6669/103/1025
f 6670/114/1026 6802/114/1026 6805/117/1026 6673/117/1026
f 6665/84/1027 6797/84/1027 6793/105/1027 6661/105/1027
f 6664/118/1028 6796/118/1028 6833/32/1028 6701/32/1028
f 6678/106/1029 6810/106/1029 6811/113/1029 6679/113/1029
f 6676/107/1030 6808/107/1030 6810/106/1030 6678/106/1030
f 6679/113/1031 6811/113/1031 6814/115/1031 6682/115/1031
f 6673/117/1032 6805/117/1032 6796/118/1032 6664/118/1032
f 6683/82/1033 6815/82/1033 6816/111/1033 6684/111/1033
f 6688/109/1034 6820/109/1034 6821/112/1034 6689/112/1034
f 6686/110/1035 6818/110/1035 6820/109/1035 6688/109/1035
f 6689/112/1036 6821/112/1036 6824/119/1036 6692/119/1036
f 6684/111/1037 6816/111/1037 6818/110/1037 6686/110/1037
f 6692/119/1038 6824/119/1038 6825/120/1038 6693/120/1038
f 6663/108/1039 6795/108/1039 6808/107/1039 6676/107/1039
f 6693/120/1040 6825/120/1040 6837/40/1040 6705/40/1040
f 6674/81/1041 6806/81/1041 6795/108/1041 6663/108/1041
f 6705/40/1042 6837/40/1042 6778/40/1042 6646/40/1042
f 6629/81/1043 6761/81/1043 6806/81/1043 6674/81/1043
f 6682/115/1044 6814/115/1044 6794/116/1044 6662/116/1044
f 6662/116/1045 6794/116/1045 6829/24/1045 6697/24/1045
f 6898/1/1046 6899/2/1046 6842/3/1046 6845/4/1046
f 6886/5/1047 6887/6/1047 6844/7/1047 6848/8/1047
f 6874/9/1048 6875/10/1048 4312/11/1048 4319/12/1048
f 6842/13/1049 6899/14/1049 6859/15/1049 6860/16/1049 6901/17/1049 6585/18/1049 6611/19/1049 6907/20/1049 6909/21/1049 6852/22/1049 6889/23/1049
f 6871/24/1050 6872/25/1050 4321/26/1050 4311/27/1050
f 6872/25/1051 6873/28/1051 4320/29/1051 4321/26/1051
f 6876/30/1052 6874/9/1052 4319/12/1052 4338/31/1052
f 6883/32/1053 6884/33/1053 6850/34/1053 6843/35/1053
f 6884/33/1054 6885/36/1054 6849/37/1054 6850/34/1054
f 6888/38/1055 6886/5/1055 6848/8/1055 6864/39/1055
f 6895/40/1056 6896/41/1056 6847/42/1056 6841/43/1056
f 6896/41/1057 6897/44/1057 6846/45/1057 6847/42/1057
f 6900/46/1058 6898/1/1058 6845/4/1058 6863/47/1058
f 6894/48/1059 6893/49/1059 6853/50/1059 6865/51/1059
f 6865/51/1060 6853/50/1060 6854/52/1060 6866/53/1060
f 6893/49/1061 6889/54/1061 6852/55/1061 6853/50/1061
f 6853/50/1062 6852/55/1062 6909/56/1062 6851/57/1062 6854/52/1062
f 6882/58/1063 6881/59/1063 6857/60/1063 6867/61/1063
f 6867/61/1064 6857/60/1064 6858/62/1064 6868/63/1064
f 6896/41/1065 6895/40/1065 6954/40/1065 6955/41/1065
f 6881/59/1066 6877/64/1066 6856/65/1066 6857/60/1066
f 6857/60/1067 6856/65/1067 6855/66/1067 6858/62/1067
f 6906/67/1068 6905/68/1068 6861/69/1068 6869/70/1068
f 6869/70/1069 6861/69/1069 6862/71/1069 6870/72/1069
f 6905/68/1070 6901/73/1070 6860/74/1070 6861/69/1070
f 6861/69/1071 6860/74/1071 6859/75/1071 6862/71/1071
f 6892/76/1072 6894/48/1072 6945/48/1072 6917/76/1072
f 6897/44/1073 6896/41/1073 6955/41/1073 6956/44/1073
f 6903/77/1074 6904/78/1074 6936/78/1074 6934/77/1074
f 6897/44/1075 6900/46/1075 6863/47/1075 6846/45/1075
f 6885/36/1076 6888/38/1076 6864/39/1076 6849/37/1076
f 6873/28/1077 6876/30/1077 4338/31/1077 4320/29/1077
f 6868/63/1078 6858/62/1078 6874/9/1078 6876/30/1078
f 6900/46/1079 6897/44/1079 6956/44/1079 6957/46/1079
f 6858/62/1080 6855/66/1080 6875/10/1080 6874/9/1080
f 6849/37/1081 6864/39/1081 6882/58/1081 6880/79/1081
f 6848/8/1082 6844/7/1082 6877/64/1082 6881/59/1082
f 6843/35/1083 6850/34/1083 6879/80/1083 6878/81/1083
f 6850/34/1084 6849/37/1084 6880/79/1084 6879/80/1084
f 6864/39/1085 6848/8/1085 6881/59/1085 6882/58/1085
f 6894/48/1086 6865/51/1086 6920/51/1086 6945/48/1086
f 6866/53/1087 6854/52/1087 6886/5/1087 6888/38/1087
f 6902/82/1088 6903/77/1088 6934/77/1088 6932/82/1088
f 6854/52/1089 6851/57/1089 6887/6/1089 6886/5/1089
f 6846/45/1090 6863/47/1090 6894/48/1090 6892/76/1090
f 6845/4/1091 6842/3/1091 6889/54/1091 6893/49/1091
f 6841/43/1092 6847/42/1092 6891/83/1092 6890/84/1092
f 6847/42/1093 6846/45/1093 6892/76/1093 6891/83/1093
f 6863/47/1094 6845/4/1094 6893/49/1094 6894/48/1094
f 6872/25/1095 6871/24/1095 6946/24/1095 6947/25/1095
f 6870/72/1096 6862/71/1096 6898/1/1096 6900/46/1096
f 6870/72/1097 6900/46/1097 6957/46/1097 6940/72/1097
f 6862/71/1098 6859/75/1098 6899/2/1098 6898/1/1098
f 6591/85/1099 6613/86/1099 6906/67/1099 6904/78/1099
f 6592/87/1100 6585/88/1100 6901/73/1100 6905/68/1100
f 6584/89/1101 6590/90/1101 6903/77/1101 6902/82/1101
f 6590/90/1102 6591/85/1102 6904/78/1102 6903/77/1102
f 6613/86/1103 6592/87/1103 6905/68/1103 6906/67/1103
f 4335/91/1104 6907/20/1104 6908/92/1104 4334/93/1104
f 6908/92/1105 6907/20/1105 6611/19/1105 6612/94/1105
f 6909/21/1106 6907/20/1106 4335/91/1106 4312/95/1106 6875/96/1106 6855/97/1106 6856/98/1106 6877/99/1106 6844/100/1106 6887/101/1106 6851/102/1106
f 6915/83/1107 6917/76/1107 6918/103/1107 6916/104/1107
f 6914/84/1108 6915/83/1108 6916/104/1108 6910/105/1108
f 6924/80/1109 6926/79/1109 6927/106/1109 6925/107/1109
f 6923/81/1110 6924/80/1110 6925/107/1110 6912/108/1110
f 6934/77/1111 6936/78/1111 6937/109/1111 6935/110/1111
f 6932/82/1112 6934/77/1112 6935/110/1112 6933/111/1112
f 6937/109/1113 6939/70/1113 6940/72/1113 6938/112/1113
f 6936/78/1114 6943/67/1114 6939/70/1114 6937/109/1114
f 6927/106/1115 6929/61/1115 6930/63/1115 6928/113/1115
f 6926/79/1116 6944/58/1116 6929/61/1116 6927/106/1116
f 6918/103/1117 6920/51/1117 6921/53/1117 6919/114/1117
f 6917/76/1118 6945/48/1118 6920/51/1118 6918/103/1118
f 6928/113/1119 6930/63/1119 6949/30/1119 6948/28/1119
f 6931/115/1120 6928/113/1120 6948/28/1120 6947/25/1120
f 6911/116/1121 6931/115/1121 6947/25/1121 6946/24/1121
f 6919/114/1122 6921/53/1122 6953/38/1122 6952/36/1122
f 6922/117/1123 6919/114/1123 6952/36/1123 6951/33/1123
f 6913/118/1124 6922/117/1124 6951/33/1124 6950/32/1124
f 6938/112/1125 6940/72/1125 6957/46/1125 6956/44/1125
f 6941/119/1126 6938/112/1126 6956/44/1126 6955/41/1126
f 6942/120/1127 6941/119/1127 6955/41/1127 6954/40/1127
f 6866/53/1128 6888/38/1128 6953/38/1128 6921/53/1128
f 6890/84/1129 6891/83/1129 6915/83/1129 6914/84/1129
f 6888/38/1130 6885/36/1130 6952/36/1130 6953/38/1130
f 6891/83/1131 6892/76/1131 6917/76/1131 6915/83/1131
f 6885/36/1132 6884/33/1132 6951/33/1132 6952/36/1132
f 6880/79/1133 6882/58/1133 6944/58/1133 6926/79/1133
f 6884/33/1134 6883/32/1134 6950/32/1134 6951/33/1134
f 6869/70/1135 6870/72/1135 6940/72/1135 6939/70/1135
f 6868/63/1136 6876/30/1136 6949/30/1136 6930/63/1136
f 6906/67/1137 6869/70/1137 6939/70/1137 6943/67/1137
f 6878/81/1138 6879/80/1138 6924/80/1138 6923/81/1138
f 6876/30/1139 6873/28/1139 6948/28/1139 6949/30/1139
f 6867/61/1140 6868/63/1140 6930/63/1140 6929/61/1140
f 6879/80/1141 6880/79/1141 6926/79/1141 6924/80/1141
f 6904/78/1142 6906/67/1142 6943/67/1142 6936/78/1142
f 6882/58/1143 6867/61/1143 6929/61/1143 6944/58/1143
f 6873/28/1144 6872/25/1144 6947/25/1144 6948/28/1144
f 6865/51/1145 6866/53/1145 6921/53/1145 6920/51/1145
f 7029/1/1146 6967/4/1146 6960/3/1146 7030/2/1146
f 7017/5/1147 6970/8/1147 6962/7/1147 7018/6/1147
f 7005/9/1148 6973/12/1148 4438/11/1148 7006/10/1148
f 6960/13/1149 7020/23/1149 6977/22/1149 7040/21/1149 7038/20/1149 6990/19/1149 6710/18/1149 7032/17/1149 6985/16/1149 6984/15/1149 7030/14/1149
f 7002/24/1150 6963/27/1150 6975/26/1150 7003/25/1150
f 7003/25/1151 6975/26/1151 6974/29/1151 7004/28/1151
f 7007/30/1152 6995/31/1152 6973/12/1152 7005/9/1152
f 7014/32/1153 6961/35/1153 6972/34/1153 7015/33/1153
f 7015/33/1154 6972/34/1154 6971/37/1154 7016/36/1154
f 7019/38/1155 6994/39/1155 6970/8/1155 7017/5/1155
f 7026/40/1156 6959/43/1156 6969/42/1156 7027/41/1156
f 7027/41/1157 6969/42/1157 6968/45/1157 7028/44/1157
f 7031/46/1158 6993/47/1158 6967/4/1158 7029/1/1158
f 7025/48/1159 6996/51/1159 6978/50/1159 7024/49/1159
f 6996/51/1160 6997/53/1160 6979/52/1160 6978/50/1160
f 7024/49/1161 6978/50/1161 6977/55/1161 7020/54/1161
f 6978/50/1161 6979/52/1161 6976/57/1161 7040/56/1161 6977/55/1161
f 7013/58/1162 6998/61/1162 6982/60/1162 7012/59/1162
f 6998/61/1163 6999/63/1163 6983/62/1163 6982/60/1163
f 7027/41/1164 7086/41/1164 7085/40/1164 7026/40/1164
f 7012/59/1165 6982/60/1165 6981/65/1165 7008/64/1165
f 6982/60/1166 6983/62/1166 6980/66/1166 6981/65/1166
f 7037/67/1167 7000/70/1167 6986/69/1167 7036/68/1167
f 7000/70/1168 7001/72/1168 6987/71/1168 6986/69/1168
f 7036/68/1169 6986/69/1169 6985/74/1169 7032/73/1169
f 6986/69/1170 6987/71/1170 6984/75/1170 6985/74/1170
f 7023/76/1171 7048/76/1171 7076/48/1171 7025/48/1171
f 7028/44/1172 7087/44/1172 7086/41/1172 7027/41/1172
f 7034/77/1173 7065/77/1173 7067/78/1173 7035/78/1173
f 7028/44/1174 6968/45/1174 6993/47/1174 7031/46/1174
f 7016/36/1175 6971/37/1175 6994/39/1175 7019/38/1175
f 7004/28/1176 6974/29/1176 6995/31/1176 7007/30/1176
f 6999/63/1177 7007/30/1177 7005/9/1177 6983/62/1177
f 7031/46/1178 7088/46/1178 7087/44/1178 7028/44/1178
f 6983/62/1179 7005/9/1179 7006/10/1179 6980/66/1179
f 6971/37/1180 7011/79/1180 7013/58/1180 6994/39/1180
f 6970/8/1181 7012/59/1181 7008/64/1181 6962/7/1181
f 6961/35/1182 7009/81/1182 7010/80/1182 6972/34/1182
f 6972/34/1183 7010/80/1183 7011/79/1183 6971/37/1183
f 6994/39/1184 7013/58/1184 7012/59/1184 6970/8/1184
f 7025/48/1185 7076/48/1185 7051/51/1185 6996/51/1185
f 6997/53/1186 7019/38/1186 7017/5/1186 6979/52/1186
f 7033/82/1187 7063/82/1187 7065/77/1187 7034/77/1187
f 6979/52/1161 7017/5/1161 7018/6/1161 6976/57/1161
f 6968/45/1188 7023/76/1188 7025/48/1188 6993/47/1188
f 6967/4/1189 7024/49/1189 7020/54/1189 6960/3/1189
f 6959/43/1190 7021/84/1190 7022/83/1190 6969/42/1190
f 6969/42/1191 7022/83/1191 7023/76/1191 6968/45/1191
f 6993/47/1192 7025/48/1192 7024/49/1192 6967/4/1192
f 7003/25/1193 7078/25/1193 7077/24/1193 7002/24/1193
f 7001/72/1194 7031/46/1194 7029/1/1194 6987/71/1194
f 7001/72/1195 7071/72/1195 7088/46/1195 7031/46/1195
f 6987/71/1196 7029/1/1196 7030/2/1196 6984/75/1196
f 6965/85/1197 7035/78/1197 7037/67/1197 6992/86/1197
f 6966/87/1198 7036/68/1198 7032/73/1198 6710/88/1198
f 6958/89/1199 7033/82/1199 7034/77/1199 6964/90/1199
f 6964/90/1200 7034/77/1200 7035/78/1200 6965/85/1200
f 6992/86/1201 7037/67/1201 7036/68/1201 6966/87/1201
f 6989/91/1202 6988/93/1202 7039/92/1202 7038/20/1202
f 7039/92/1203 6991/94/1203 6990/19/1203 7038/20/1203
f 7040/21/1204 6976/102/1204 7018/101/1204 6962/100/1204 7008/99/1204 6981/98/1204 6980/97/1204 7006/96/1204 4438/95/1204 6989/91/1204 7038/20/1204
f 7046/83/1205 7047/104/1205 7049/103/1205 7048/76/1205
f 7045/84/1206 7041/105/1206 7047/104/1206 7046/83/1206
f 7055/80/1207 7056/107/1207 7058/106/1207 7057/79/1207
f 7054/81/1208 7043/108/1208 7056/107/1208 7055/80/1208
f 7065/77/1209 7066/110/1209 7068/109/1209 7067/78/1209
f 7063/82/1210 7064/111/1210 7066/110/1210 7065/77/1210
f 7068/109/1211 7069/112/1211 7071/72/1211 7070/70/1211
f 7067/78/1212 7068/109/1212 7070/70/1212 7074/67/1212
f 7058/106/1213 7059/113/1213 7061/63/1213 7060/61/1213
f 7057/79/1214 7058/106/1214 7060/61/1214 7075/58/1214
f 7049/103/1215 7050/114/1215 7052/53/1215 7051/51/1215
f 7048/76/1216 7049/103/1216 7051/51/1216 7076/48/1216
f 7059/113/1217 7079/28/1217 7080/30/1217 7061/63/1217
f 7062/115/1218 7078/25/1218 7079/28/1218 7059/113/1218
f 7042/116/1219 7077/24/1219 7078/25/1219 7062/115/1219
f 7050/114/1220 7083/36/1220 7084/38/1220 7052/53/1220
f 7053/117/1221 7082/33/1221 7083/36/1221 7050/114/1221
f 7044/118/1222 7081/32/1222 7082/33/1222 7053/117/1222
f 7069/112/1223 7087/44/1223 7088/46/1223 7071/72/1223
f 7072/119/1224 7086/41/1224 7087/44/1224 7069/112/1224
f 7073/120/1225 7085/40/1225 7086/41/1225 7072/119/1225
f 6997/53/1226 7052/53/1226 7084/38/1226 7019/38/1226
f 7021/84/1227 7045/84/1227 7046/83/1227 7022/83/1227
f 7019/38/1228 7084/38/1228 7083/36/1228 7016/36/1228
f 7022/83/1229 7046/83/1229 7048/76/1229 7023/76/1229
f 7016/36/1230 7083/36/1230 7082/33/1230 7015/33/1230
f 7011/79/1231 7057/79/1231 7075/58/1231 7013/58/1231
f 7015/33/1232 7082/33/1232 7081/32/1232 7014/32/1232
f 7000/70/1233 7070/70/1233 7071/72/1233 7001/72/1233
f 6999/63/1234 7061/63/1234 7080/30/1234 7007/30/1234
f 7037/67/1235 7074/67/1235 7070/70/1235 7000/70/1235
f 7009/81/1236 7054/81/1236 7055/80/1236 7010/80/1236
f 7007/30/1237 7080/30/1237 7079/28/1237 7004/28/1237
f 6998/61/1238 7060/61/1238 7061/63/1238 6999/63/1238
f 7010/80/1239 7055/80/1239 7057/79/1239 7011/79/1239
f 7035/78/1240 7067/78/1240 7074/67/1240 7037/67/1240
f 7013/58/1241 7075/58/1241 7060/61/1241 6998/61/1241
f 7004/28/1242 7079/28/1242 7078/25/1242 7003/25/1242
f 6996/51/1243 7051/51/1243 7052/53/1243 6997/53/1243
f 6895/40/1244 6841/43/1244 6959/43/1244 7026/40/1244
f 6585/88/1245 6592/87/1245 6966/87/1245 6710/88/1245
f 6883/32/1246 6843/35/1246 6961/35/1246 7014/32/1246
f 6871/24/1247 4311/27/1247 6963/27/1247 7002/24/1247
f 4311/27/1248 4321/26/1248 6975/26/1248 6963/27/1248
f 4312/95/1249 4335/91/1249 6989/91/1249 4438/95/1249
f 6590/90/1250 6584/89/1250 6958/89/1250 6964/90/1250
f 6591/85/1251 6590/90/1251 6964/90/1251 6965/85/1251
f 6592/87/1252 6613/86/1252 6992/86/1252 6966/87/1252
f 4319/12/1253 4312/11/1253 4438/11/1253 6973/12/1253
f 4320/29/1254 4338/31/1254 6995/31/1254 6974/29/1254
f 4321/26/1255 4320/29/1255 6974/29/1255 6975/26/1255
f 6890/84/1256 6914/84/1256 7045/84/1256 7021/84/1256
f 6902/82/1257 6932/82/1257 7063/82/1257 7033/82/1257
f 4335/91/1258 4334/93/1258 6988/93/1258 6989/91/1258
f 6611/19/1259 6585/18/1259 6710/18/1259 6990/19/1259
f 6612/94/1260 6611/19/1260 6990/19/1260 6991/94/1260
f 6613/86/1261 6591/85/1261 6965/85/1261 6992/86/1261
f 4338/31/1262 4319/12/1262 6973/12/1262 6995/31/1262
f 6946/24/1263 6871/24/1263 7002/24/1263 7077/24/1263
f 6843/35/1264 6878/81/1264 7009/81/1264 6961/35/1264
f 6841/43/1265 6890/84/1265 7021/84/1265 6959/43/1265
f 6950/32/1266 6883/32/1266 7014/32/1266 7081/32/1266
f 6910/105/1267 6916/104/1267 7047/104/1267 7041/105/1267
f 6584/89/1268 6902/82/1268 7033/82/1268 6958/89/1268
f 6908/92/1269 6612/94/1269 6991/94/1269 7039/92/1269
f 4334/93/1270 6908/92/1270 7039/92/1270 6988/93/1270
f 6918/103/1271 6919/114/1271 7050/114/1271 7049/103/1271
f 6916/104/1272 6918/103/1272 7049/103/1272 7047/104/1272
f 6919/114/1273 6922/117/1273 7053/117/1273 7050/114/1273
f 6914/84/1274 6910/105/1274 7041/105/1274 7045/84/1274
f 6913/118/1275 6950/32/1275 7081/32/1275 7044/118/1275
f 6927/106/1276 6928/113/1276 7059/113/1276 7058/106/1276
f 6925/107/1277 6927/106/1277 7058/106/1277 7056/107/1277
f 6928/113/1278 6931/115/1278 7062/115/1278 7059/113/1278
f 6922/117/1279 6913/118/1279 7044/118/1279 7053/117/1279
f 6932/82/1280 6933/111/1280 7064/111/1280 7063/82/1280
f 6937/109/1281 6938/112/1281 7069/112/1281 7068/109/1281
f 6935/110/1282 6937/109/1282 7068/109/1282 7066/110/1282
f 6938/112/1283 6941/119/1283 7072/119/1283 7069/112/1283
f 6933/111/1284 6935/110/1284 7066/110/1284 7064/111/1284
f 6941/119/1285 6942/120/1285 7073/120/1285 7072/119/1285
f 6912/108/1286 6925/107/1286 7056/107/1286 7043/108/1286
f 6942/120/1287 6954/40/1287 7085/40/1287 7073/120/1287
f 6923/81/1288 6912/108/1288 7043/108/1288 7054/81/1288
f 6954/40/1289 6895/40/1289 7026/40/1289 7085/40/1289
f 6878/81/1290 6923/81/1290 7054/81/1290 7009/81/1290
f 6931/115/1291 6911/116/1291 7042/116/1291 7062/115/1291
f 6911/116/1292 6946/24/1292 7077/24/1292 7042/116/1292
f 7146/1/1540 7093/4/1540 7090/3/1540 7147/2/1540
f 7134/5/1541 7096/8/1541 7092/7/1541 7135/6/1541
f 7122/9/1542 5081/12/1542 5074/11/1542 7123/10/1542
f 7090/13/1543 7137/23/1543 7100/22/1543 7157/21/1543 7155/20/1543 6106/19/1543 6080/18/1543 7149/17/1543 7108/16/1543 7107/15/1543 7147/14/1543
f 7119/24/1544 5073/27/1544 5083/26/1544 7120/25/1544
f 7120/25/1545 5083/26/1545 5082/29/1545 7121/28/1545
f 7124/30/1546 5100/31/1546 5081/12/1546 7122/9/1546
f 7131/32/1547 7091/35/1547 7098/34/1547 7132/33/1547
f 7132/33/1548 7098/34/1548 7097/37/1548 7133/36/1548
f 7136/38/1549 7112/39/1549 7096/8/1549 7134/5/1549
f 7143/40/1550 7089/43/1550 7095/42/1550 7144/41/1550
f 7144/41/1551 7095/42/1551 7094/45/1551 7145/44/1551
f 7148/46/1552 7111/47/1552 7093/4/1552 7146/1/1552
f 7142/48/1553 7113/51/1553 7101/50/1553 7141/49/1553
f 7113/51/1554 7114/53/1554 7102/52/1554 7101/50/1554
f 7141/49/1555 7101/50/1555 7100/55/1555 7137/54/1555
f 7101/50/1556 7102/52/1556 7099/57/1556 7157/56/1556 7100/55/1556
f 7130/58/1557 7115/61/1557 7105/60/1557 7129/59/1557
f 7115/61/1558 7116/63/1558 7106/62/1558 7105/60/1558
f 7144/41/1559 7203/41/1559 7202/40/1559 7143/40/1559
f 7129/59/1560 7105/60/1560 7104/65/1560 7125/64/1560
f 7105/60/1561 7106/62/1561 7103/66/1561 7104/65/1561
f 7154/67/1562 7117/70/1562 7109/69/1562 7153/68/1562
f 7117/70/1563 7118/72/1563 7110/71/1563 7109/69/1563
f 7153/68/1564 7109/69/1564 7108/74/1564 7149/73/1564
f 7109/69/1565 7110/71/1565 7107/75/1565 7108/74/1565
f 7140/76/1566 7165/76/1566 7193/48/1566 7142/48/1566
f 7145/44/1567 7204/44/1567 7203/41/1567 7144/41/1567
f 7151/77/1568 7182/77/1568 7184/78/1568 7152/78/1568
f 7145/44/1569 7094/45/1569 7111/47/1569 7148/46/1569
f 7133/36/1570 7097/37/1570 7112/39/1570 7136/38/1570
f 7121/28/1571 5082/29/1571 5100/31/1571 7124/30/1571
f 7116/63/1572 7124/30/1572 7122/9/1572 7106/62/1572
f 7148/46/1573 7205/46/1573 7204/44/1573 7145/44/1573
f 7106/62/1574 7122/9/1574 7123/10/1574 7103/66/1574
f 7097/37/1575 7128/79/1575 7130/58/1575 7112/39/1575
f 7096/8/1576 7129/59/1576 7125/64/1576 7092/7/1576
f 7091/35/1577 7126/81/1577 7127/80/1577 7098/34/1577
f 7098/34/1578 7127/80/1578 7128/79/1578 7097/37/1578
f 7112/39/1579 7130/58/1579 7129/59/1579 7096/8/1579
f 7142/48/1580 7193/48/1580 7168/51/1580 7113/51/1580
f 7114/53/1581 7136/38/1581 7134/5/1581 7102/52/1581
f 7150/82/1582 7180/82/1582 7182/77/1582 7151/77/1582
f 7102/52/1583 7134/5/1583 7135/6/1583 7099/57/1583
f 7094/45/1584 7140/76/1584 7142/48/1584 7111/47/1584
f 7093/4/1585 7141/49/1585 7137/54/1585 7090/3/1585
f 7089/43/1586 7138/84/1586 7139/83/1586 7095/42/1586
f 7095/42/1587 7139/83/1587 7140/76/1587 7094/45/1587
f 7111/47/1588 7142/48/1588 7141/49/1588 7093/4/1588
f 7120/25/1589 7195/25/1589 7194/24/1589 7119/24/1589
f 7118/72/1590 7148/46/1590 7146/1/1590 7110/71/1590
f 7118/72/1591 7188/72/1591 7205/46/1591 7148/46/1591
f 7110/71/1592 7146/1/1592 7147/2/1592 7107/75/1592
f 6086/85/1593 7152/78/1593 7154/67/1593 6108/86/1593
f 6087/87/1594 7153/68/1594 7149/73/1594 6080/88/1594
f 6079/89/1595 7150/82/1595 7151/77/1595 6085/90/1595
f 6085/90/1596 7151/77/1596 7152/78/1596 6086/85/1596
f 6108/86/1597 7154/67/1597 7153/68/1597 6087/87/1597
f 5097/91/1598 5096/93/1598 7156/92/1598 7155/20/1598
f 7156/92/1599 6107/94/1599 6106/19/1599 7155/20/1599
f 7157/21/1600 7099/102/1600 7135/101/1600 7092/100/1600 7125/99/1600 7104/98/1600 7103/97/1600 7123/96/1600 5074/95/1600 5097/91/1600 7155/20/1600
f 7163/83/1601 7164/104/1601 7166/103/1601 7165/76/1601
f 7162/84/1602 7158/105/1602 7164/104/1602 7163/83/1602
f 7172/80/1603 7173/107/1603 7175/106/1603 7174/79/1603
f 7171/81/1604 7160/108/1604 7173/107/1604 7172/80/1604
f 7182/77/1605 7183/110/1605 7185/109/1605 7184/78/1605
f 7180/82/1606 7181/111/1606 7183/110/1606 7182/77/1606
f 7185/109/1607 7186/112/1607 7188/72/1607 7187/70/1607
f 7184/78/1608 7185/109/1608 7187/70/1608 7191/67/1608
f 7175/106/1609 7176/113/1609 7178/63/1609 7177/61/1609
f 7174/79/1610 7175/106/1610 7177/61/1610 7192/58/1610
f 7166/103/1611 7167/114/1611 7169/53/1611 7168/51/1611
f 7165/76/1612 7166/103/1612 7168/51/1612 7193/48/1612
f 7176/113/1613 7196/28/1613 7197/30/1613 7178/63/1613
f 7179/115/1614 7195/25/1614 7196/28/1614 7176/113/1614
f 7159/116/1615 7194/24/1615 7195/25/1615 7179/115/1615
f 7167/114/1616 7200/36/1616 7201/38/1616 7169/53/1616
f 7170/117/1617 7199/33/1617 7200/36/1617 7167/114/1617
f 7161/118/1618 7198/32/1618 7199/33/1618 7170/117/1618
f 7186/112/1619 7204/44/1619 7205/46/1619 7188/72/1619
f 7189/119/1620 7203/41/1620 7204/44/1620 7186/112/1620
f 7190/120/1621 7202/40/1621 7203/41/1621 7189/119/1621
f 7114/53/1622 7169/53/1622 7201/38/1622 7136/38/1622
f 7138/84/1623 7162/84/1623 7163/83/1623 7139/83/1623
f 7136/38/1624 7201/38/1624 7200/36/1624 7133/36/1624
f 7139/83/1625 7163/83/1625 7165/76/1625 7140/76/1625
f 7133/36/1626 7200/36/1626 7199/33/1626 7132/33/1626
f 7128/79/1627 7174/79/1627 7192/58/1627 7130/58/1627
f 7132/33/1628 7199/33/1628 7198/32/1628 7131/32/1628
f 7117/70/1629 7187/70/1629 7188/72/1629 7118/72/1629
f 7116/63/1630 7178/63/1630 7197/30/1630 7124/30/1630
f 7154/67/1631 7191/67/1631 7187/70/1631 7117/70/1631
f 7126/81/1632 7171/81/1632 7172/80/1632 7127/80/1632
f 7124/30/1633 7197/30/1633 7196/28/1633 7121/28/1633
f 7115/61/1634 7177/61/1634 7178/63/1634 7116/63/1634
f 7127/80/1635 7172/80/1635 7174/79/1635 7128/79/1635
f 7152/78/1636 7184/78/1636 7191/67/1636 7154/67/1636
f 7130/58/1637 7192/58/1637 7177/61/1637 7115/61/1637
f 7121/28/1638 7196/28/1638 7195/25/1638 7120/25/1638
f 7113/51/1639 7168/51/1639 7169/53/1639 7114/53/1639
f 7277/1/1640 7278/2/1640 7208/3/1640 7215/4/1640
f 7265/5/1641 7266/6/1641 7210/7/1641 7218/8/1641
f 7253/9/1642 7254/10/1642 5200/11/1642 7221/12/1642
f 7208/13/1643 7278/14/1643 7232/15/1643 7233/16/1643 7280/17/1643 6205/18/1643 7238/19/1643 7286/20/1643 7288/21/1643 7225/22/1643 7268/23/1643
f 7250/24/1644 7251/25/1644 7223/26/1644 7211/27/1644
f 7251/25/1645 7252/28/1645 7222/29/1645 7223/26/1645
f 7255/30/1646 7253/9/1646 7221/12/1646 7243/31/1646
f 7262/32/1647 7263/33/1647 7220/34/1647 7209/35/1647
f 7263/33/1648 7264/36/1648 7219/37/1648 7220/34/1648
f 7267/38/1649 7265/5/1649 7218/8/1649 7242/39/1649
f 7274/40/1650 7275/41/1650 7217/42/1650 7207/43/1650
f 7275/41/1651 7276/44/1651 7216/45/1651 7217/42/1651
f 7279/46/1652 7277/1/1652 7215/4/1652 7241/47/1652
f 7273/48/1653 7272/49/1653 7226/50/1653 7244/51/1653
f 7244/51/1654 7226/50/1654 7227/52/1654 7245/53/1654
f 7272/49/1655 7268/54/1655 7225/55/1655 7226/50/1655
f 7226/50/1655 7225/55/1655 7288/56/1655 7224/57/1655 7227/52/1655
f 7261/58/1656 7260/59/1656 7230/60/1656 7246/61/1656
f 7246/61/1657 7230/60/1657 7231/62/1657 7247/63/1657
f 7275/41/1658 7274/40/1658 7333/40/1658 7334/41/1658
f 7260/59/1659 7256/64/1659 7229/65/1659 7230/60/1659
f 7230/60/1660 7229/65/1660 7228/66/1660 7231/62/1660
f 7285/67/1661 7284/68/1661 7234/69/1661 7248/70/1661
f 7248/70/1662 7234/69/1662 7235/71/1662 7249/72/1662
f 7284/68/1663 7280/73/1663 7233/74/1663 7234/69/1663
f 7234/69/1664 7233/74/1664 7232/75/1664 7235/71/1664
f 7271/76/1665 7273/48/1665 7324/48/1665 7296/76/1665
f 7276/44/1666 7275/41/1666 7334/41/1666 7335/44/1666
f 7282/77/1667 7283/78/1667 7315/78/1667 7313/77/1667
f 7276/44/1668 7279/46/1668 7241/47/1668 7216/45/1668
f 7264/36/1669 7267/38/1669 7242/39/1669 7219/37/1669
f 7252/28/1670 7255/30/1670 7243/31/1670 7222/29/1670
f 7247/63/1671 7231/62/1671 7253/9/1671 7255/30/1671
f 7279/46/1672 7276/44/1672 7335/44/1672 7336/46/1672
f 7231/62/1673 7228/66/1673 7254/10/1673 7253/9/1673
f 7219/37/1674 7242/39/1674 7261/58/1674 7259/79/1674
f 7218/8/1675 7210/7/1675 7256/64/1675 7260/59/1675
f 7209/35/1676 7220/34/1676 7258/80/1676 7257/81/1676
f 7220/34/1677 7219/37/1677 7259/79/1677 7258/80/1677
f 7242/39/1678 7218/8/1678 7260/59/1678 7261/58/1678
f 7273/48/1679 7244/51/1679 7299/51/1679 7324/48/1679
f 7245/53/1680 7227/52/1680 7265/5/1680 7267/38/1680
f 7281/82/1681 7282/77/1681 7313/77/1681 7311/82/1681
f 7227/52/1655 7224/57/1655 7266/6/1655 7265/5/1655
f 7216/45/1682 7241/47/1682 7273/48/1682 7271/76/1682
f 7215/4/1683 7208/3/1683 7268/54/1683 7272/49/1683
f 7207/43/1684 7217/42/1684 7270/83/1684 7269/84/1684
f 7217/42/1685 7216/45/1685 7271/76/1685 7270/83/1685
f 7241/47/1686 7215/4/1686 7272/49/1686 7273/48/1686
f 7251/25/1687 7250/24/1687 7325/24/1687 7326/25/1687
f 7249/72/1688 7235/71/1688 7277/1/1688 7279/46/1688
f 7249/72/1689 7279/46/1689 7336/46/1689 7319/72/1689
f 7235/71/1690 7232/75/1690 7278/2/1690 7277/1/1690
f 7213/85/1691 7240/86/1691 7285/67/1691 7283/78/1691
f 7214/87/1692 6205/88/1692 7280/73/1692 7284/68/1692
f 7206/89/1693 7212/90/1693 7282/77/1693 7281/82/1693
f 7212/90/1694 7213/85/1694 7283/78/1694 7282/77/1694
f 7240/86/1695 7214/87/1695 7284/68/1695 7285/67/1695
f 7237/91/1696 7286/20/1696 7287/92/1696 7236/93/1696
f 7287/92/1697 7286/20/1697 7238/19/1697 7239/94/1697
f 7288/21/1698 7286/20/1698 7237/91/1698 5200/95/1698 7254/96/1698 7228/97/1698 7229/98/1698 7256/99/1698 7210/100/1698 7266/101/1698 7224/102/1698
f 7294/83/1699 7296/76/1699 7297/103/1699 7295/104/1699
f 7293/84/1700 7294/83/1700 7295/104/1700 7289/105/1700
f 7303/80/1701 7305/79/1701 7306/106/1701 7304/107/1701
f 7302/81/1702 7303/80/1702 7304/107/1702 7291/108/1702
f 7313/77/1703 7315/78/1703 7316/109/1703 7314/110/1703
f 7311/82/1704 7313/77/1704 7314/110/1704 7312/111/1704
f 7316/109/1705 7318/70/1705 7319/72/1705 7317/112/1705
f 7315/78/1706 7322/67/1706 7318/70/1706 7316/109/1706
f 7306/106/1707 7308/61/1707 7309/63/1707 7307/113/1707
f 7305/79/1708 7323/58/1708 7308/61/1708 7306/106/1708
f 7297/103/1709 7299/51/1709 7300/53/1709 7298/114/1709
f 7296/76/1710 7324/48/1710 7299/51/1710 7297/103/1710
f 7307/113/1711 7309/63/1711 7328/30/1711 7327/28/1711
f 7310/115/1712 7307/113/1712 7327/28/1712 7326/25/1712
f 7290/116/1713 7310/115/1713 7326/25/1713 7325/24/1713
f 7298/114/1714 7300/53/1714 7332/38/1714 7331/36/1714
f 7301/117/1715 7298/114/1715 7331/36/1715 7330/33/1715
f 7292/118/1716 7301/117/1716 7330/33/1716 7329/32/1716
f 7317/112/1717 7319/72/1717 7336/46/1717 7335/44/1717
f 7320/119/1718 7317/112/1718 7335/44/1718 7334/41/1718
f 7321/120/1719 7320/119/1719 7334/41/1719 7333/40/1719
f 7245/53/1720 7267/38/1720 7332/38/1720 7300/53/1720
f 7269/84/1721 7270/83/1721 7294/83/1721 7293/84/1721
f 7267/38/1722 7264/36/1722 7331/36/1722 7332/38/1722
f 7270/83/1723 7271/76/1723 7296/76/1723 7294/83/1723
f 7264/36/1724 7263/33/1724 7330/33/1724 7331/36/1724
f 7259/79/1725 7261/58/1725 7323/58/1725 7305/79/1725
f 7263/33/1726 7262/32/1726 7329/32/1726 7330/33/1726
f 7248/70/1727 7249/72/1727 7319/72/1727 7318/70/1727
f 7247/63/1728 7255/30/1728 7328/30/1728 7309/63/1728
f 7285/67/1729 7248/70/1729 7318/70/1729 7322/67/1729
f 7257/81/1730 7258/80/1730 7303/80/1730 7302/81/1730
f 7255/30/1731 7252/28/1731 7327/28/1731 7328/30/1731
f 7246/61/1732 7247/63/1732 7309/63/1732 7308/61/1732
f 7258/80/1733 7259/79/1733 7305/79/1733 7303/80/1733
f 7283/78/1734 7285/67/1734 7322/67/1734 7315/78/1734
f 7261/58/1735 7246/61/1735 7308/61/1735 7323/58/1735
f 7252/28/1736 7251/25/1736 7326/25/1736 7327/28/1736
f 7244/51/1737 7245/53/1737 7300/53/1737 7299/51/1737
f 7143/40/1738 7274/40/1738 7207/43/1738 7089/43/1738
f 6080/88/1739 6205/88/1739 7214/87/1739 6087/87/1739
f 7131/32/1740 7262/32/1740 7209/35/1740 7091/35/1740
f 7119/24/1741 7250/24/1741 7211/27/1741 5073/27/1741
f 5073/27/1742 7211/27/1742 7223/26/1742 5083/26/1742
f 5074/95/1743 5200/95/1743 7237/91/1743 5097/91/1743
f 6085/90/1744 7212/90/1744 7206/89/1744 6079/89/1744
f 6086/85/1745 7213/85/1745 7212/90/1745 6085/90/1745
f 6087/87/1746 7214/87/1746 7240/86/1746 6108/86/1746
f 5081/12/1747 7221/12/1747 5200/11/1747 5074/11/1747
f 5082/29/1748 7222/29/1748 7243/31/1748 5100/31/1748
f 5083/26/1749 7223/26/1749 7222/29/1749 5082/29/1749
f 7138/84/1750 7269/84/1750 7293/84/1750 7162/84/1750
f 7150/82/1751 7281/82/1751 7311/82/1751 7180/82/1751
f 5097/91/1752 7237/91/1752 7236/93/1752 5096/93/1752
f 6106/19/1753 7238/19/1753 6205/18/1753 6080/18/1753
f 6107/94/1754 7239/94/1754 7238/19/1754 6106/19/1754
f 6108/86/1755 7240/86/1755 7213/85/1755 6086/85/1755
f 5100/31/1756 7243/31/1756 7221/12/1756 5081/12/1756
f 7194/24/1757 7325/24/1757 7250/24/1757 7119/24/1757
f 7091/35/1758 7209/35/1758 7257/81/1758 7126/81/1758
f 7089/43/1759 7207/43/1759 7269/84/1759 7138/84/1759
f 7198/32/1760 7329/32/1760 7262/32/1760 7131/32/1760
f 7158/105/1761 7289/105/1761 7295/104/1761 7164/104/1761
f 6079/89/1762 7206/89/1762 7281/82/1762 7150/82/1762
f 7156/92/1763 7287/92/1763 7239/94/1763 6107/94/1763
f 5096/93/1764 7236/93/1764 7287/92/1764 7156/92/1764
f 7166/103/1765 7297/103/1765 7298/114/1765 7167/114/1765
f 7164/104/1766 7295/104/1766 7297/103/1766 7166/103/1766
f 7167/114/1767 7298/114/1767 7301/117/1767 7170/117/1767
f 7162/84/1768 7293/84/1768 7289/105/1768 7158/105/1768
f 7161/118/1769 7292/118/1769 7329/32/1769 7198/32/1769
f 7175/106/1770 7306/106/1770 7307/113/1770 7176/113/1770
f 7173/107/1771 7304/107/1771 7306/106/1771 7175/106/1771
f 7176/113/1772 7307/113/1772 7310/115/1772 7179/115/1772
f 7170/117/1773 7301/117/1773 7292/118/1773 7161/118/1773
f 7180/82/1774 7311/82/1774 7312/111/1774 7181/111/1774
f 7185/109/1775 7316/109/1775 7317/112/1775 7186/112/1775
f 7183/110/1776 7314/110/1776 7316/109/1776 7185/109/1776
f 7186/112/1777 7317/112/1777 7320/119/1777 7189/119/1777
f 7181/111/1778 7312/111/1778 7314/110/1778 7183/110/1778
f 7189/119/1779 7320/119/1779 7321/120/1779 7190/120/1779
f 7160/108/1780 7291/108/1780 7304/107/1780 7173/107/1780
f 7190/120/1781 7321/120/1781 7333/40/1781 7202/40/1781
f 7171/81/1782 7302/81/1782 7291/108/1782 7160/108/1782
f 7202/40/1783 7333/40/1783 7274/40/1783 7143/40/1783
f 7126/81/1784 7257/81/1784 7302/81/1784 7171/81/1784
f 7179/115/1785 7310/115/1785 7290/116/1785 7159/116/1785
f 7159/116/1786 7290/116/1786 7325/24/1786 7194/24/1786
f 7394/1/1293 7395/2/1293 7338/3/1293 7341/4/1293
f 7382/5/1294 7383/6/1294 7340/7/1294 7344/8/1294
f 7370/9/1295 7371/10/1295 5331/11/1295 5338/12/1295
f 7338/13/1296 7395/14/1296 7355/15/1296 7356/16/1296 7397/17/1296 6080/18/1296 6106/19/1296 7403/20/1296 7405/21/1296 7348/22/1296 7385/23/1296
f 7367/24/1297 7368/25/1297 5340/26/1297 5330/27/1297
f 7368/25/1298 7369/28/1298 5339/29/1298 5340/26/1298
f 7372/30/1299 7370/9/1299 5338/12/1299 5357/31/1299
f 7379/32/1300 7380/33/1300 7346/34/1300 7339/35/1300
f 7380/33/1301 7381/36/1301 7345/37/1301 7346/34/1301
f 7384/38/1302 7382/5/1302 7344/8/1302 7360/39/1302
f 7391/40/1303 7392/41/1303 7343/42/1303 7337/43/1303
f 7392/41/1304 7393/44/1304 7342/45/1304 7343/42/1304
f 7396/46/1305 7394/1/1305 7341/4/1305 7359/47/1305
f 7390/48/1306 7389/49/1306 7349/50/1306 7361/51/1306
f 7361/51/1307 7349/50/1307 7350/52/1307 7362/53/1307
f 7389/49/1308 7385/54/1308 7348/55/1308 7349/50/1308
f 7349/50/1309 7348/55/1309 7405/56/1309 7347/57/1309 7350/52/1309
f 7378/58/1310 7377/59/1310 7353/60/1310 7363/61/1310
f 7363/61/1311 7353/60/1311 7354/62/1311 7364/63/1311
f 7392/41/1312 7391/40/1312 7450/40/1312 7451/41/1312
f 7377/59/1313 7373/64/1313 7352/65/1313 7353/60/1313
f 7353/60/1314 7352/65/1314 7351/66/1314 7354/62/1314
f 7402/67/1315 7401/68/1315 7357/69/1315 7365/70/1315
f 7365/70/1316 7357/69/1316 7358/71/1316 7366/72/1316
f 7401/68/1317 7397/73/1317 7356/74/1317 7357/69/1317
f 7357/69/1318 7356/74/1318 7355/75/1318 7358/71/1318
f 7388/76/1319 7390/48/1319 7441/48/1319 7413/76/1319
f 7393/44/1320 7392/41/1320 7451/41/1320 7452/44/1320
f 7399/77/1321 7400/78/1321 7432/78/1321 7430/77/1321
f 7393/44/1322 7396/46/1322 7359/47/1322 7342/45/1322
f 7381/36/1323 7384/38/1323 7360/39/1323 7345/37/1323
f 7369/28/1324 7372/30/1324 5357/31/1324 5339/29/1324
f 7364/63/1325 7354/62/1325 7370/9/1325 7372/30/1325
f 7396/46/1326 7393/44/1326 7452/44/1326 7453/46/1326
f 7354/62/1327 7351/66/1327 7371/10/1327 7370/9/1327
f 7345/37/1328 7360/39/1328 7378/58/1328 7376/79/1328
f 7344/8/1329 7340/7/1329 7373/64/1329 7377/59/1329
f 7339/35/1330 7346/34/1330 7375/80/1330 7374/81/1330
f 7346/34/1331 7345/37/1331 7376/79/1331 7375/80/1331
f 7360/39/1332 7344/8/1332 7377/59/1332 7378/58/1332
f 7390/48/1333 7361/51/1333 7416/51/1333 7441/48/1333
f 7362/53/1334 7350/52/1334 7382/5/1334 7384/38/1334
f 7398/82/1335 7399/77/1335 7430/77/1335 7428/82/1335
f 7350/52/1336 7347/57/1336 7383/6/1336 7382/5/1336
f 7342/45/1337 7359/47/1337 7390/48/1337 7388/76/1337
f 7341/4/1338 7338/3/1338 7385/54/1338 7389/49/1338
f 7337/43/1339 7343/42/1339 7387/83/1339 7386/84/1339
f 7343/42/1340 7342/45/1340 7388/76/1340 7387/83/1340
f 7359/47/1341 7341/4/1341 7389/49/1341 7390/48/1341
f 7368/25/1342 7367/24/1342 7442/24/1342 7443/25/1342
f 7366/72/1343 7358/71/1343 7394/1/1343 7396/46/1343
f 7366/72/1344 7396/46/1344 7453/46/1344 7436/72/1344
f 7358/71/1345 7355/75/1345 7395/2/1345 7394/1/1345
f 6086/85/1346 6108/86/1346 7402/67/1346 7400/78/1346
f 6087/87/1347 6080/88/1347 7397/73/1347 7401/68/1347
f 6079/89/1348 6085/90/1348 7399/77/1348 7398/82/1348
f 6085/90/1349 6086/85/1349 7400/78/1349 7399/77/1349
f 6108/86/1350 6087/87/1350 7401/68/1350 7402/67/1350
f 5354/91/1351 7403/20/1351 7404/92/1351 5353/93/1351
f 7404/92/1352 7403/20/1352 6106/19/1352 6107/94/1352
f 7405/21/1353 7403/20/1353 5354/91/1353 5331/95/1353 7371/96/1353 7351/97/1353 7352/98/1353 7373/99/1353 7340/100/1353 7383/101/1353 7347/102/1353
f 7411/83/1354 7413/76/1354 7414/103/1354 7412/104/1354
f 7410/84/1355 7411/83/1355 7412/104/1355 7406/105/1355
f 7420/80/1356 7422/79/1356 7423/106/1356 7421/107/1356
f 7419/81/1357 7420/80/1357 7421/107/1357 7408/108/1357
f 7430/77/1358 7432/78/1358 7433/109/1358 7431/110/1358
f 7428/82/1359 7430/77/1359 7431/110/1359 7429/111/1359
f 7433/109/1360 7435/70/1360 7436/72/1360 7434/112/1360
f 7432/78/1361 7439/67/1361 7435/70/1361 7433/109/1361
f 7423/106/1362 7425/61/1362 7426/63/1362 7424/113/1362
f 7422/79/1363 7440/58/1363 7425/61/1363 7423/106/1363
f 7414/103/1364 7416/51/1364 7417/53/1364 7415/114/1364
f 7413/76/1365 7441/48/1365 7416/51/1365 7414/103/1365
f 7424/113/1366 7426/63/1366 7445/30/1366 7444/28/1366
f 7427/115/1367 7424/113/1367 7444/28/1367 7443/25/1367
f 7407/116/1368 7427/115/1368 7443/25/1368 7442/24/1368
f 7415/114/1369 7417/53/1369 7449/38/1369 7448/36/1369
f 7418/117/1370 7415/114/1370 7448/36/1370 7447/33/1370
f 7409/118/1371 7418/117/1371 7447/33/1371 7446/32/1371
f 7434/112/1372 7436/72/1372 7453/46/1372 7452/44/1372
f 7437/119/1373 7434/112/1373 7452/44/1373 7451/41/1373
f 7438/120/1374 7437/119/1374 7451/41/1374 7450/40/1374
f 7362/53/1375 7384/38/1375 7449/38/1375 7417/53/1375
f 7386/84/1376 7387/83/1376 7411/83/1376 7410/84/1376
f 7384/38/1377 7381/36/1377 7448/36/1377 7449/38/1377
f 7387/83/1378 7388/76/1378 7413/76/1378 7411/83/1378
f 7381/36/1379 7380/33/1379 7447/33/1379 7448/36/1379
f 7376/79/1380 7378/58/1380 7440/58/1380 7422/79/1380
f 7380/33/1381 7379/32/1381 7446/32/1381 7447/33/1381
f 7365/70/1382 7366/72/1382 7436/72/1382 7435/70/1382
f 7364/63/1383 7372/30/1383 7445/30/1383 7426/63/1383
f 7402/67/1384 7365/70/1384 7435/70/1384 7439/67/1384
f 7374/81/1385 7375/80/1385 7420/80/1385 7419/81/1385
f 7372/30/1386 7369/28/1386 7444/28/1386 7445/30/1386
f 7363/61/1387 7364/63/1387 7426/63/1387 7425/61/1387
f 7375/80/1388 7376/79/1388 7422/79/1388 7420/80/1388
f 7400/78/1389 7402/67/1389 7439/67/1389 7432/78/1389
f 7378/58/1390 7363/61/1390 7425/61/1390 7440/58/1390
f 7369/28/1391 7368/25/1391 7443/25/1391 7444/28/1391
f 7361/51/1392 7362/53/1392 7417/53/1392 7416/51/1392
f 7525/1/1393 7463/4/1393 7456/3/1393 7526/2/1393
f 7513/5/1394 7466/8/1394 7458/7/1394 7514/6/1394
f 7501/9/1395 7469/12/1395 5457/11/1395 7502/10/1395
f 7456/13/1396 7516/23/1396 7473/22/1396 7536/21/1396 7534/20/1396 7486/19/1396 6205/18/1396 7528/17/1396 7481/16/1396 7480/15/1396 7526/14/1396
f 7498/24/1397 7459/27/1397 7471/26/1397 7499/25/1397
f 7499/25/1398 7471/26/1398 7470/29/1398 7500/28/1398
f 7503/30/1399 7491/31/1399 7469/12/1399 7501/9/1399
f 7510/32/1400 7457/35/1400 7468/34/1400 7511/33/1400
f 7511/33/1401 7468/34/1401 7467/37/1401 7512/36/1401
f 7515/38/1402 7490/39/1402 7466/8/1402 7513/5/1402
f 7522/40/1403 7455/43/1403 7465/42/1403 7523/41/1403
f 7523/41/1404 7465/42/1404 7464/45/1404 7524/44/1404
f 7527/46/1405 7489/47/1405 7463/4/1405 7525/1/1405
f 7521/48/1406 7492/51/1406 7474/50/1406 7520/49/1406
f 7492/51/1407 7493/53/1407 7475/52/1407 7474/50/1407
f 7520/49/1408 7474/50/1408 7473/55/1408 7516/54/1408
f 7474/50/1408 7475/52/1408 7472/57/1408 7536/56/1408 7473/55/1408
f 7509/58/1409 7494/61/1409 7478/60/1409 7508/59/1409
f 7494/61/1410 7495/63/1410 7479/62/1410 7478/60/1410
f 7523/41/1411 7582/41/1411 7581/40/1411 7522/40/1411
f 7508/59/1412 7478/60/1412 7477/65/1412 7504/64/1412
f 7478/60/1413 7479/62/1413 7476/66/1413 7477/65/1413
f 7533/67/1414 7496/70/1414 7482/69/1414 7532/68/1414
f 7496/70/1415 7497/72/1415 7483/71/1415 7482/69/1415
f 7532/68/1416 7482/69/1416 7481/74/1416 7528/73/1416
f 7482/69/1417 7483/71/1417 7480/75/1417 7481/74/1417
f 7519/76/1418 7544/76/1418 7572/48/1418 7521/48/1418
f 7524/44/1419 7583/44/1419 7582/41/1419 7523/41/1419
f 7530/77/1420 7561/77/1420 7563/78/1420 7531/78/1420
f 7524/44/1421 7464/45/1421 7489/47/1421 7527/46/1421
f 7512/36/1422 7467/37/1422 7490/39/1422 7515/38/1422
f 7500/28/1423 7470/29/1423 7491/31/1423 7503/30/1423
f 7495/63/1424 7503/30/1424 7501/9/1424 7479/62/1424
f 7527/46/1425 7584/46/1425 7583/44/1425 7524/44/1425
f 7479/62/1426 7501/9/1426 7502/10/1426 7476/66/1426
f 7467/37/1427 7507/79/1427 7509/58/1427 7490/39/1427
f 7466/8/1428 7508/59/1428 7504/64/1428 7458/7/1428
f 7457/35/1429 7505/81/1429 7506/80/1429 7468/34/1429
f 7468/34/1430 7506/80/1430 7507/79/1430 7467/37/1430
f 7490/39/1431 7509/58/1431 7508/59/1431 7466/8/1431
f 7521/48/1432 7572/48/1432 7547/51/1432 7492/51/1432
f 7493/53/1433 7515/38/1433 7513/5/1433 7475/52/1433
f 7529/82/1434 7559/82/1434 7561/77/1434 7530/77/1434
f 7475/52/1408 7513/5/1408 7514/6/1408 7472/57/1408
f 7464/45/1435 7519/76/1435 7521/48/1435 7489/47/1435
f 7463/4/1436 7520/49/1436 7516/54/1436 7456/3/1436
f 7455/43/1437 7517/84/1437 7518/83/1437 7465/42/1437
f 7465/42/1438 7518/83/1438 7519/76/1438 7464/45/1438
f 7489/47/1439 7521/48/1439 7520/49/1439 7463/4/1439
f 7499/25/1440 7574/25/1440 7573/24/1440 7498/24/1440
f 7497/72/1441 7527/46/1441 7525/1/1441 7483/71/1441
f 7497/72/1442 7567/72/1442 7584/46/1442 7527/46/1442
f 7483/71/1443 7525/1/1443 7526/2/1443 7480/75/1443
f 7461/85/1444 7531/78/1444 7533/67/1444 7488/86/1444
f 7462/87/1445 7532/68/1445 7528/73/1445 6205/88/1445
f 7454/89/1446 7529/82/1446 7530/77/1446 7460/90/1446
f 7460/90/1447 7530/77/1447 7531/78/1447 7461/85/1447
f 7488/86/1448 7533/67/1448 7532/68/1448 7462/87/1448
f 7485/91/1449 7484/93/1449 7535/92/1449 7534/20/1449
f 7535/92/1450 7487/94/1450 7486/19/1450 7534/20/1450
f 7536/21/1451 7472/102/1451 7514/101/1451 7458/100/1451 7504/99/1451 7477/98/1451 7476/97/1451 7502/96/1451 5457/95/1451 7485/91/1451 7534/20/1451
f 7542/83/1452 7543/104/1452 7545/103/1452 7544/76/1452
f 7541/84/1453 7537/105/1453 7543/104/1453 7542/83/1453
f 7551/80/1454 7552/107/1454 7554/106/1454 7553/79/1454
f 7550/81/1455 7539/108/1455 7552/107/1455 7551/80/1455
f 7561/77/1456 7562/110/1456 7564/109/1456 7563/78/1456
f 7559/82/1457 7560/111/1457 7562/110/1457 7561/77/1457
f 7564/109/1458 7565/112/1458 7567/72/1458 7566/70/1458
f 7563/78/1459 7564/109/1459 7566/70/1459 7570/67/1459
f 7554/106/1460 7555/113/1460 7557/63/1460 7556/61/1460
f 7553/79/1461 7554/106/1461 7556/61/1461 7571/58/1461
f 7545/103/1462 7546/114/1462 7548/53/1462 7547/51/1462
f 7544/76/1463 7545/103/1463 7547/51/1463 7572/48/1463
f 7555/113/1464 7575/28/1464 7576/30/1464 7557/63/1464
f 7558/115/1465 7574/25/1465 7575/28/1465 7555/113/1465
f 7538/116/1466 7573/24/1466 7574/25/1466 7558/115/1466
f 7546/114/1467 7579/36/1467 7580/38/1467 7548/53/1467
f 7549/117/1468 7578/33/1468 7579/36/1468 7546/114/1468
f 7540/118/1469 7577/32/1469 7578/33/1469 7549/117/1469
f 7565/112/1470 7583/44/1470 7584/46/1470 7567/72/1470
f 7568/119/1471 7582/41/1471 7583/44/1471 7565/112/1471
f 7569/120/1472 7581/40/1472 7582/41/1472 7568/119/1472
f 7493/53/1473 7548/53/1473 7580/38/1473 7515/38/1473
f 7517/84/1474 7541/84/1474 7542/83/1474 7518/83/1474
f 7515/38/1475 7580/38/1475 7579/36/1475 7512/36/1475
f 7518/83/1476 7542/83/1476 7544/76/1476 7519/76/1476
f 7512/36/1477 7579/36/1477 7578/33/1477 7511/33/1477
f 7507/79/1478 7553/79/1478 7571/58/1478 7509/58/1478
f 7511/33/1479 7578/33/1479 7577/32/1479 7510/32/1479
f 7496/70/1480 7566/70/1480 7567/72/1480 7497/72/1480
f 7495/63/1481 7557/63/1481 7576/30/1481 7503/30/1481
f 7533/67/1482 7570/67/1482 7566/70/1482 7496/70/1482
f 7505/81/1483 7550/81/1483 7551/80/1483 7506/80/1483
f 7503/30/1484 7576/30/1484 7575/28/1484 7500/28/1484
f 7494/61/1485 7556/61/1485 7557/63/1485 7495/63/1485
f 7506/80/1486 7551/80/1486 7553/79/1486 7507/79/1486
f 7531/78/1487 7563/78/1487 7570/67/1487 7533/67/1487
f 7509/58/1488 7571/58/1488 7556/61/1488 7494/61/1488
f 7500/28/1489 7575/28/1489 7574/25/1489 7499/25/1489
f 7492/51/1490 7547/51/1490 7548/53/1490 7493/53/1490
f 7391/40/1491 7337/43/1491 7455/43/1491 7522/40/1491
f 6080/88/1492 6087/87/1492 7462/87/1492 6205/88/1492
f 7379/32/1493 7339/35/1493 7457/35/1493 7510/32/1493
f 7367/24/1494 5330/27/1494 7459/27/1494 7498/24/1494
f 5330/27/1495 5340/26/1495 7471/26/1495 7459/27/1495
f 5331/95/1496 5354/91/1496 7485/91/1496 5457/95/1496
f 6085/90/1497 6079/89/1497 7454/89/1497 7460/90/1497
f 6086/85/1498 6085/90/1498 7460/90/1498 7461/85/1498
f 6087/87/1499 6108/86/1499 7488/86/1499 7462/87/1499
f 5338/12/1500 5331/11/1500 5457/11/1500 7469/12/1500
f 5339/29/1501 5357/31/1501 7491/31/1501 7470/29/1501
f 5340/26/1502 5339/29/1502 7470/29/1502 7471/26/1502
f 7386/84/1503 7410/84/1503 7541/84/1503 7517/84/1503
f 7398/82/1504 7428/82/1504 7559/82/1504 7529/82/1504
f 5354/91/1505 5353/93/1505 7484/93/1505 7485/91/1505
f 6106/19/1506 6080/18/1506 6205/18/1506 7486/19/1506
f 6107/94/1507 6106/19/1507 7486/19/1507 7487/94/1507
f 6108/86/1508 6086/85/1508 7461/85/1508 7488/86/1508
f 5357/31/1509 5338/12/1509 7469/12/1509 7491/31/1509
f 7442/24/1510 7367/24/1510 7498/24/1510 7573/24/1510
f 7339/35/1511 7374/81/1511 7505/81/1511 7457/35/1511
f 7337/43/1512 7386/84/1512 7517/84/1512 7455/43/1512
f 7446/32/1513 7379/32/1513 7510/32/1513 7577/32/1513
f 7406/105/1514 7412/104/1514 7543/104/1514 7537/105/1514
f 6079/89/1515 7398/82/1515 7529/82/1515 7454/89/1515
f 7404/92/1516 6107/94/1516 7487/94/1516 7535/92/1516
f 5353/93/1517 7404/92/1517 7535/92/1517 7484/93/1517
f 7414/103/1518 7415/114/1518 7546/114/1518 7545/103/1518
f 7412/104/1519 7414/103/1519 7545/103/1519 7543/104/1519
f 7415/114/1520 7418/117/1520 7549/117/1520 7546/114/1520
f 7410/84/1521 7406/105/1521 7537/105/1521 7541/84/1521
f 7409/118/1522 7446/32/1522 7577/32/1522 7540/118/1522
f 7423/106/1523 7424/113/1523 7555/113/1523 7554/106/1523
f 7421/107/1524 7423/106/1524 7554/106/1524 7552/107/1524
f 7424/113/1525 7427/115/1525 7558/115/1525 7555/113/1525
f 7418/117/1526 7409/118/1526 7540/118/1526 7549/117/1526
f 7428/82/1527 7429/111/1527 7560/111/1527 7559/82/1527
f 7433/109/1528 7434/112/1528 7565/112/1528 7564/109/1528
f 7431/110/1529 7433/109/1529 7564/109/1529 7562/110/1529
f 7434/112/1530 7437/119/1530 7568/119/1530 7565/112/1530
f 7429/111/1531 7431/110/1531 7562/110/1531 7560/111/1531
f 7437/119/1532 7438/120/1532 7569/120/1532 7568/119/1532
f 7408/108/1533 7421/107/1533 7552/107/1533 7539/108/1533
f 7438/120/1534 7450/40/1534 7581/40/1534 7569/120/1534
f 7419/81/1535 7408/108/1535 7539/108/1535 7550/81/1535
f 7450/40/1536 7391/40/1536 7522/40/1536 7581/40/1536
f 7374/81/1537 7419/81/1537 7550/81/1537 7505/81/1537
f 7427/115/1538 7407/116/1538 7538/116/1538 7558/115/1538
f 7407/116/1539 7442/24/1539 7573/24/1539 7538/116/1539
f 7642/1/1046 7643/2/1046 7586/3/1046 7589/4/1046
f 7630/5/1047 7631/6/1047 7588/7/1047 7592/8/1047
f 7618/9/1048 7619/10/1048 5074/11/1048 5081/12/1048
f 7586/13/1049 7643/14/1049 7603/15/1049 7604/16/1049 7645/17/1049 6585/18/1049 6611/19/1049 7651/20/1049 7653/21/1049 7596/22/1049 7633/23/1049
f 7615/24/1050 7616/25/1050 5083/26/1050 5073/27/1050
f 7616/25/1051 7617/28/1051 5082/29/1051 5083/26/1051
f 7620/30/1052 7618/9/1052 5081/12/1052 5100/31/1052
f 7627/32/1053 7628/33/1053 7594/34/1053 7587/35/1053
f 7628/33/1054 7629/36/1054 7593/37/1054 7594/34/1054
f 7632/38/1055 7630/5/1055 7592/8/1055 7608/39/1055
f 7639/40/1056 7640/41/1056 7591/42/1056 7585/43/1056
f 7640/41/1057 7641/44/1057 7590/45/1057 7591/42/1057
f 7644/46/1058 7642/1/1058 7589/4/1058 7607/47/1058
f 7638/48/1059 7637/49/1059 7597/50/1059 7609/51/1059
f 7609/51/1060 7597/50/1060 7598/52/1060 7610/53/1060
f 7637/49/1061 7633/54/1061 7596/55/1061 7597/50/1061
f 7597/50/1062 7596/55/1062 7653/56/1062 7595/57/1062 7598/52/1062
f 7626/58/1063 7625/59/1063 7601/60/1063 7611/61/1063
f 7611/61/1064 7601/60/1064 7602/62/1064 7612/63/1064
f 7640/41/1065 7639/40/1065 7698/40/1065 7699/41/1065
f 7625/59/1066 7621/64/1066 7600/65/1066 7601/60/1066
f 7601/60/1067 7600/65/1067 7599/66/1067 7602/62/1067
f 7650/67/1068 7649/68/1068 7605/69/1068 7613/70/1068
f 7613/70/1069 7605/69/1069 7606/71/1069 7614/72/1069
f 7649/68/1070 7645/73/1070 7604/74/1070 7605/69/1070
f 7605/69/1071 7604/74/1071 7603/75/1071 7606/71/1071
f 7636/76/1072 7638/48/1072 7689/48/1072 7661/76/1072
f 7641/44/1073 7640/41/1073 7699/41/1073 7700/44/1073
f 7647/77/1074 7648/78/1074 7680/78/1074 7678/77/1074
f 7641/44/1075 7644/46/1075 7607/47/1075 7590/45/1075
f 7629/36/1076 7632/38/1076 7608/39/1076 7593/37/1076
f 7617/28/1077 7620/30/1077 5100/31/1077 5082/29/1077
f 7612/63/1078 7602/62/1078 7618/9/1078 7620/30/1078
f 7644/46/1079 7641/44/1079 7700/44/1079 7701/46/1079
f 7602/62/1080 7599/66/1080 7619/10/1080 7618/9/1080
f 7593/37/1081 7608/39/1081 7626/58/1081 7624/79/1081
f 7592/8/1082 7588/7/1082 7621/64/1082 7625/59/1082
f 7587/35/1083 7594/34/1083 7623/80/1083 7622/81/1083
f 7594/34/1084 7593/37/1084 7624/79/1084 7623/80/1084
f 7608/39/1085 7592/8/1085 7625/59/1085 7626/58/1085
f 7638/48/1086 7609/51/1086 7664/51/1086 7689/48/1086
f 7610/53/1087 7598/52/1087 7630/5/1087 7632/38/1087
f 7646/82/1088 7647/77/1088 7678/77/1088 7676/82/1088
f 7598/52/1089 7595/57/1089 7631/6/1089 7630/5/1089
f 7590/45/1090 7607/47/1090 7638/48/1090 7636/76/1090
f 7589/4/1091 7586/3/1091 7633/54/1091 7637/49/1091
f 7585/43/1092 7591/42/1092 7635/83/1092 7634/84/1092
f 7591/42/1093 7590/45/1093 7636/76/1093 7635/83/1093
f 7607/47/1094 7589/4/1094 7637/49/1094 7638/48/1094
f 7616/25/1095 7615/24/1095 7690/24/1095 7691/25/1095
f 7614/72/1096 7606/71/1096 7642/1/1096 7644/46/1096
f 7614/72/1097 7644/46/1097 7701/46/1097 7684/72/1097
f 7606/71/1098 7603/75/1098 7643/2/1098 7642/1/1098
f 6591/85/1099 6613/86/1099 7650/67/1099 7648/78/1099
f 6592/87/1100 6585/88/1100 7645/73/1100 7649/68/1100
f 6584/89/1101 6590/90/1101 7647/77/1101 7646/82/1101
f 6590/90/1102 6591/85/1102 7648/78/1102 7647/77/1102
f 6613/86/1103 6592/87/1103 7649/68/1103 7650/67/1103
f 5097/91/1104 7651/20/1104 7652/92/1104 5096/93/1104
f 7652/92/1105 7651/20/1105 6611/19/1105 6612/94/1105
f 7653/21/1106 7651/20/1106 5097/91/1106 5074/95/1106 7619/96/1106 7599/97/1106 7600/98/1106 7621/99/1106 7588/100/1106 7631/101/1106 7595/102/1106
f 7659/83/1107 7661/76/1107 7662/103/1107 7660/104/1107
f 7658/84/1108 7659/83/1108 7660/104/1108 7654/105/1108
f 7668/80/1109 7670/79/1109 7671/106/1109 7669/107/1109
f 7667/81/1110 7668/80/1110 7669/107/1110 7656/108/1110
f 7678/77/1111 7680/78/1111 7681/109/1111 7679/110/1111
f 7676/82/1112 7678/77/1112 7679/110/1112 7677/111/1112
f 7681/109/1113 7683/70/1113 7684/72/1113 7682/112/1113
f 7680/78/1114 7687/67/1114 7683/70/1114 7681/109/1114
f 7671/106/1115 7673/61/1115 7674/63/1115 7672/113/1115
f 7670/79/1116 7688/58/1116 7673/61/1116 7671/106/1116
f 7662/103/1117 7664/51/1117 7665/53/1117 7663/114/1117
f 7661/76/1118 7689/48/1118 7664/51/1118 7662/103/1118
f 7672/113/1119 7674/63/1119 7693/30/1119 7692/28/1119
f 7675/115/1120 7672/113/1120 7692/28/1120 7691/25/1120
f 7655/116/1121 7675/115/1121 7691/25/1121 7690/24/1121
f 7663/114/1122 7665/53/1122 7697/38/1122 7696/36/1122
f 7666/117/1123 7663/114/1123 7696/36/1123 7695/33/1123
f 7657/118/1124 7666/117/1124 7695/33/1124 7694/32/1124
f 7682/112/1125 7684/72/1125 7701/46/1125 7700/44/1125
f 7685/119/1126 7682/112/1126 7700/44/1126 7699/41/1126
f 7686/120/1127 7685/119/1127 7699/41/1127 7698/40/1127
f 7610/53/1128 7632/38/1128 7697/38/1128 7665/53/1128
f 7634/84/1129 7635/83/1129 7659/83/1129 7658/84/1129
f 7632/38/1130 7629/36/1130 7696/36/1130 7697/38/1130
f 7635/83/1131 7636/76/1131 7661/76/1131 7659/83/1131
f 7629/36/1132 7628/33/1132 7695/33/1132 7696/36/1132
f 7624/79/1133 7626/58/1133 7688/58/1133 7670/79/1133
f 7628/33/1134 7627/32/1134 7694/32/1134 7695/33/1134
f 7613/70/1135 7614/72/1135 7684/72/1135 7683/70/1135
f 7612/63/1136 7620/30/1136 7693/30/1136 7674/63/1136
f 7650/67/1137 7613/70/1137 7683/70/1137 7687/67/1137
f 7622/81/1138 7623/80/1138 7668/80/1138 7667/81/1138
f 7620/30/1139 7617/28/1139 7692/28/1139 7693/30/1139
f 7611/61/1140 7612/63/1140 7674/63/1140 7673/61/1140
f 7623/80/1141 7624/79/1141 7670/79/1141 7668/80/1141
f 7648/78/1142 7650/67/1142 7687/67/1142 7680/78/1142
f 7626/58/1143 7611/61/1143 7673/61/1143 7688/58/1143
f 7617/28/1144 7616/25/1144 7691/25/1144 7692/28/1144
f 7609/51/1145 7610/53/1145 7665/53/1145 7664/51/1145
f 7773/1/1146 7711/4/1146 7704/3/1146 7774/2/1146
f 7761/5/1147 7714/8/1147 7706/7/1147 7762/6/1147
f 7749/9/1148 7717/12/1148 5200/11/1148 7750/10/1148
f 7704/13/1149 7764/23/1149 7721/22/1149 7784/21/1149 7782/20/1149 7734/19/1149 6710/18/1149 7776/17/1149 7729/16/1149 7728/15/1149 7774/14/1149
f 7746/24/1150 7707/27/1150 7719/26/1150 7747/25/1150
f 7747/25/1151 7719/26/1151 7718/29/1151 7748/28/1151
f 7751/30/1152 7739/31/1152 7717/12/1152 7749/9/1152
f 7758/32/1153 7705/35/1153 7716/34/1153 7759/33/1153
f 7759/33/1154 7716/34/1154 7715/37/1154 7760/36/1154
f 7763/38/1155 7738/39/1155 7714/8/1155 7761/5/1155
f 7770/40/1156 7703/43/1156 7713/42/1156 7771/41/1156
f 7771/41/1157 7713/42/1157 7712/45/1157 7772/44/1157
f 7775/46/1158 7737/47/1158 7711/4/1158 7773/1/1158
f 7769/48/1159 7740/51/1159 7722/50/1159 7768/49/1159
f 7740/51/1160 7741/53/1160 7723/52/1160 7722/50/1160
f 7768/49/1161 7722/50/1161 7721/55/1161 7764/54/1161
f 7722/50/1161 7723/52/1161 7720/57/1161 7784/56/1161 7721/55/1161
f 7757/58/1162 7742/61/1162 7726/60/1162 7756/59/1162
f 7742/61/1163 7743/63/1163 7727/62/1163 7726/60/1163
f 7771/41/1164 7830/41/1164 7829/40/1164 7770/40/1164
f 7756/59/1165 7726/60/1165 7725/65/1165 7752/64/1165
f 7726/60/1166 7727/62/1166 7724/66/1166 7725/65/1166
f 7781/67/1167 7744/70/1167 7730/69/1167 7780/68/1167
f 7744/70/1168 7745/72/1168 7731/71/1168 7730/69/1168
f 7780/68/1169 7730/69/1169 7729/74/1169 7776/73/1169
f 7730/69/1170 7731/71/1170 7728/75/1170 7729/74/1170
f 7767/76/1171 7792/76/1171 7820/48/1171 7769/48/1171
f 7772/44/1172 7831/44/1172 7830/41/1172 7771/41/1172
f 7778/77/1173 7809/77/1173 7811/78/1173 7779/78/1173
f 7772/44/1174 7712/45/1174 7737/47/1174 7775/46/1174
f 7760/36/1175 7715/37/1175 7738/39/1175 7763/38/1175
f 7748/28/1176 7718/29/1176 7739/31/1176 7751/30/1176
f 7743/63/1177 7751/30/1177 7749/9/1177 7727/62/1177
f 7775/46/1178 7832/46/1178 7831/44/1178 7772/44/1178
f 7727/62/1179 7749/9/1179 7750/10/1179 7724/66/1179
f 7715/37/1180 7755/79/1180 7757/58/1180 7738/39/1180
f 7714/8/1181 7756/59/1181 7752/64/1181 7706/7/1181
f 7705/35/1182 7753/81/1182 7754/80/1182 7716/34/1182
f 7716/34/1183 7754/80/1183 7755/79/1183 7715/37/1183
f 7738/39/1184 7757/58/1184 7756/59/1184 7714/8/1184
f 7769/48/1185 7820/48/1185 7795/51/1185 7740/51/1185
f 7741/53/1186 7763/38/1186 7761/5/1186 7723/52/1186
f 7777/82/1187 7807/82/1187 7809/77/1187 7778/77/1187
f 7723/52/1161 7761/5/1161 7762/6/1161 7720/57/1161
f 7712/45/1188 7767/76/1188 7769/48/1188 7737/47/1188
f 7711/4/1189 7768/49/1189 7764/54/1189 7704/3/1189
f 7703/43/1190 7765/84/1190 7766/83/1190 7713/42/1190
f 7713/42/1191 7766/83/1191 7767/76/1191 7712/45/1191
f 7737/47/1192 7769/48/1192 7768/49/1192 7711/4/1192
f 7747/25/1193 7822/25/1193 7821/24/1193 7746/24/1193
f 7745/72/1194 7775/46/1194 7773/1/1194 7731/71/1194
f 7745/72/1195 7815/72/1195 7832/46/1195 7775/46/1195
f 7731/71/1196 7773/1/1196 7774/2/1196 7728/75/1196
f 7709/85/1197 7779/78/1197 7781/67/1197 7736/86/1197
f 7710/87/1198 7780/68/1198 7776/73/1198 6710/88/1198
f 7702/89/1199 7777/82/1199 7778/77/1199 7708/90/1199
f 7708/90/1200 7778/77/1200 7779/78/1200 7709/85/1200
f 7736/86/1201 7781/67/1201 7780/68/1201 7710/87/1201
f 7733/91/1202 7732/93/1202 7783/92/1202 7782/20/1202
f 7783/92/1203 7735/94/1203 7734/19/1203 7782/20/1203
f 7784/21/1204 7720/102/1204 7762/101/1204 7706/100/1204 7752/99/1204 7725/98/1204 7724/97/1204 7750/96/1204 5200/95/1204 7733/91/1204 7782/20/1204
f 7790/83/1205 7791/104/1205 7793/103/1205 7792/76/1205
f 7789/84/1206 7785/105/1206 7791/104/1206 7790/83/1206
f 7799/80/1207 7800/107/1207 7802/106/1207 7801/79/1207
f 7798/81/1208 7787/108/1208 7800/107/1208 7799/80/1208
f 7809/77/1209 7810/110/1209 7812/109/1209 7811/78/1209
f 7807/82/1210 7808/111/1210 7810/110/1210 7809/77/1210
f 7812/109/1211 7813/112/1211 7815/72/1211 7814/70/1211
f 7811/78/1212 7812/109/1212 7814/70/1212 7818/67/1212
f 7802/106/1213 7803/113/1213 7805/63/1213 7804/61/1213
f 7801/79/1214 7802/106/1214 7804/61/1214 7819/58/1214
f 7793/103/1215 7794/114/1215 7796/53/1215 7795/51/1215
f 7792/76/1216 7793/103/1216 7795/51/1216 7820/48/1216
f 7803/113/1217 7823/28/1217 7824/30/1217 7805/63/1217
f 7806/115/1218 7822/25/1218 7823/28/1218 7803/113/1218
f 7786/116/1219 7821/24/1219 7822/25/1219 7806/115/1219
f 7794/114/1220 7827/36/1220 7828/38/1220 7796/53/1220
f 7797/117/1221 7826/33/1221 7827/36/1221 7794/114/1221
f 7788/118/1222 7825/32/1222 7826/33/1222 7797/117/1222
f 7813/112/1223 7831/44/1223 7832/46/1223 7815/72/1223
f 7816/119/1224 7830/41/1224 7831/44/1224 7813/112/1224
f 7817/120/1225 7829/40/1225 7830/41/1225 7816/119/1225
f 7741/53/1226 7796/53/1226 7828/38/1226 7763/38/1226
f 7765/84/1227 7789/84/1227 7790/83/1227 7766/83/1227
f 7763/38/1228 7828/38/1228 7827/36/1228 7760/36/1228
f 7766/83/1229 7790/83/1229 7792/76/1229 7767/76/1229
f 7760/36/1230 7827/36/1230 7826/33/1230 7759/33/1230
f 7755/79/1231 7801/79/1231 7819/58/1231 7757/58/1231
f 7759/33/1232 7826/33/1232 7825/32/1232 7758/32/1232
f 7744/70/1233 7814/70/1233 7815/72/1233 7745/72/1233
f 7743/63/1234 7805/63/1234 7824/30/1234 7751/30/1234
f 7781/67/1235 7818/67/1235 7814/70/1235 7744/70/1235
f 7753/81/1236 7798/81/1236 7799/80/1236 7754/80/1236
f 7751/30/1237 7824/30/1237 7823/28/1237 7748/28/1237
f 7742/61/1238 7804/61/1238 7805/63/1238 7743/63/1238
f 7754/80/1239 7799/80/1239 7801/79/1239 7755/79/1239
f 7779/78/1240 7811/78/1240 7818/67/1240 7781/67/1240
f 7757/58/1241 7819/58/1241 7804/61/1241 7742/61/1241
f 7748/28/1242 7823/28/1242 7822/25/1242 7747/25/1242
f 7740/51/1243 7795/51/1243 7796/53/1243 7741/53/1243
f 7639/40/1244 7585/43/1244 7703/43/1244 7770/40/1244
f 6585/88/1245 6592/87/1245 7710/87/1245 6710/88/1245
f 7627/32/1246 7587/35/1246 7705/35/1246 7758/32/1246
f 7615/24/1247 5073/27/1247 7707/27/1247 7746/24/1247
f 5073/27/1248 5083/26/1248 7719/26/1248 7707/27/1248
f 5074/95/1249 5097/91/1249 7733/91/1249 5200/95/1249
f 6590/90/1250 6584/89/1250 7702/89/1250 7708/90/1250
f 6591/85/1251 6590/90/1251 7708/90/1251 7709/85/1251
f 6592/87/1252 6613/86/1252 7736/86/1252 7710/87/1252
f 5081/12/1253 5074/11/1253 5200/11/1253 7717/12/1253
f 5082/29/1254 5100/31/1254 7739/31/1254 7718/29/1254
f 5083/26/1255 5082/29/1255 7718/29/1255 7719/26/1255
f 7634/84/1256 7658/84/1256 7789/84/1256 7765/84/1256
f 7646/82/1257 7676/82/1257 7807/82/1257 7777/82/1257
f 5097/91/1258 5096/93/1258 7732/93/1258 7733/91/1258
f 6611/19/1259 6585/18/1259 6710/18/1259 7734/19/1259
f 6612/94/1260 6611/19/1260 7734/19/1260 7735/94/1260
f 6613/86/1261 6591/85/1261 7709/85/1261 7736/86/1261
f 5100/31/1262 5081/12/1262 7717/12/1262 7739/31/1262
f 7690/24/1263 7615/24/1263 7746/24/1263 7821/24/1263
f 7587/35/1264 7622/81/1264 7753/81/1264 7705/35/1264
f 7585/43/1265 7634/84/1265 7765/84/1265 7703/43/1265
f 7694/32/1266 7627/32/1266 7758/32/1266 7825/32/1266
f 7654/105/1267 7660/104/1267 7791/104/1267 7785/105/1267
f 6584/89/1268 7646/82/1268 7777/82/1268 7702/89/1268
f 7652/92/1269 6612/94/1269 7735/94/1269 7783/92/1269
f 5096/93/1270 7652/92/1270 7783/92/1270 7732/93/1270
f 7662/103/1271 7663/114/1271 7794/114/1271 7793/103/1271
f 7660/104/1272 7662/103/1272 7793/103/1272 7791/104/1272
f 7663/114/1273 7666/117/1273 7797/117/1273 7794/114/1273
f 7658/84/1274 7654/105/1274 7785/105/1274 7789/84/1274
f 7657/118/1275 7694/32/1275 7825/32/1275 7788/118/1275
f 7671/106/1276 7672/113/1276 7803/113/1276 7802/106/1276
f 7669/107/1277 7671/106/1277 7802/106/1277 7800/107/1277
f 7672/113/1278 7675/115/1278 7806/115/1278 7803/113/1278
f 7666/117/1279 7657/118/1279 7788/118/1279 7797/117/1279
f 7676/82/1280 7677/111/1280 7808/111/1280 7807/82/1280
f 7681/109/1281 7682/112/1281 7813/112/1281 7812/109/1281
f 7679/110/1282 7681/109/1282 7812/109/1282 7810/110/1282
f 7682/112/1283 7685/119/1283 7816/119/1283 7813/112/1283
f 7677/111/1284 7679/110/1284 7810/110/1284 7808/111/1284
f 7685/119/1285 7686/120/1285 7817/120/1285 7816/119/1285
f 7656/108/1286 7669/107/1286 7800/107/1286 7787/108/1286
f 7686/120/1287 7698/40/1287 7829/40/1287 7817/120/1287
f 7667/81/1288 7656/108/1288 7787/108/1288 7798/81/1288
f 7698/40/1289 7639/40/1289 7770/40/1289 7829/40/1289
f 7622/81/1290 7667/81/1290 7798/81/1290 7753/81/1290
f 7675/115/1291 7655/116/1291 7786/116/1291 7806/115/1291
f 7655/116/1292 7690/24/1292 7821/24/1292 7786/116/1292
f 7890/1/799 7837/4/799 7834/3/799 7891/2/799
f 7878/5/800 7840/8/800 7836/7/800 7879/6/800
f 7866/9/801 5338/12/801 5331/11/801 7867/10/801
f 7834/13/802 7881/23/802 7844/22/802 7901/21/802 7899/20/802 6611/19/802 6585/18/802 7893/17/802 7852/16/802 7851/15/802 7891/14/802
f 7863/24/803 5330/27/803 5340/26/803 7864/25/803
f 7864/25/804 5340/26/804 5339/29/804 7865/28/804
f 7868/30/805 5357/31/805 5338/12/805 7866/9/805
f 7875/32/806 7835/35/806 7842/34/806 7876/33/806
f 7876/33/807 7842/34/807 7841/37/807 7877/36/807
f 7880/38/808 7856/39/808 7840/8/808 7878/5/808
f 7887/40/809 7833/43/809 7839/42/809 7888/41/809
f 7888/41/810 7839/42/810 7838/45/810 7889/44/810
f 7892/46/811 7855/47/811 7837/4/811 7890/1/811
f 7886/48/812 7857/51/812 7845/50/812 7885/49/812
f 7857/51/813 7858/53/813 7846/52/813 7845/50/813
f 7885/49/814 7845/50/814 7844/55/814 7881/54/814
f 7845/50/815 7846/52/815 7843/57/815 7901/56/815 7844/55/815
f 7874/58/816 7859/61/816 7849/60/816 7873/59/816
f 7859/61/817 7860/63/817 7850/62/817 7849/60/817
f 7888/41/818 7947/41/818 7946/40/818 7887/40/818
f 7873/59/819 7849/60/819 7848/65/819 7869/64/819
f 7849/60/820 7850/62/820 7847/66/820 7848/65/820
f 7898/67/821 7861/70/821 7853/69/821 7897/68/821
f 7861/70/822 7862/72/822 7854/71/822 7853/69/822
f 7897/68/823 7853/69/823 7852/74/823 7893/73/823
f 7853/69/824 7854/71/824 7851/75/824 7852/74/824
f 7884/76/825 7909/76/825 7937/48/825 7886/48/825
f 7889/44/826 7948/44/826 7947/41/826 7888/41/826
f 7895/77/827 7926/77/827 7928/78/827 7896/78/827
f 7889/44/828 7838/45/828 7855/47/828 7892/46/828
f 7877/36/829 7841/37/829 7856/39/829 7880/38/829
f 7865/28/830 5339/29/830 5357/31/830 7868/30/830
f 7860/63/831 7868/30/831 7866/9/831 7850/62/831
f 7892/46/832 7949/46/832 7948/44/832 7889/44/832
f 7850/62/833 7866/9/833 7867/10/833 7847/66/833
f 7841/37/834 7872/79/834 7874/58/834 7856/39/834
f 7840/8/835 7873/59/835 7869/64/835 7836/7/835
f 7835/35/836 7870/81/836 7871/80/836 7842/34/836
f 7842/34/837 7871/80/837 7872/79/837 7841/37/837
f 7856/39/838 7874/58/838 7873/59/838 7840/8/838
f 7886/48/839 7937/48/839 7912/51/839 7857/51/839
f 7858/53/840 7880/38/840 7878/5/840 7846/52/840
f 7894/82/841 7924/82/841 7926/77/841 7895/77/841
f 7846/52/842 7878/5/842 7879/6/842 7843/57/842
f 7838/45/843 7884/76/843 7886/48/843 7855/47/843
f 7837/4/844 7885/49/844 7881/54/844 7834/3/844
f 7833/43/845 7882/84/845 7883/83/845 7839/42/845
f 7839/42/846 7883/83/846 7884/76/846 7838/45/846
f 7855/47/847 7886/48/847 7885/49/847 7837/4/847
f 7864/25/848 7939/25/848 7938/24/848 7863/24/848
f 7862/72/849 7892/46/849 7890/1/849 7854/71/849
f 7862/72/850 7932/72/850 7949/46/850 7892/46/850
f 7854/71/851 7890/1/851 7891/2/851 7851/75/851
f 6591/85/852 7896/78/852 7898/67/852 6613/86/852
f 6592/87/853 7897/68/853 7893/73/853 6585/88/853
f 6584/89/854 7894/82/854 7895/77/854 6590/90/854
f 6590/90/855 7895/77/855 7896/78/855 6591/85/855
f 6613/86/856 7898/67/856 7897/68/856 6592/87/856
f 5354/91/857 5353/93/857 7900/92/857 7899/20/857
f 7900/92/858 6612/94/858 6611/19/858 7899/20/858
f 7901/21/859 7843/102/859 7879/101/859 7836/100/859 7869/99/859 7848/98/859 7847/97/859 7867/96/859 5331/95/859 5354/91/859 7899/20/859
f 7907/83/860 7908/104/860 7910/103/860 7909/76/860
f 7906/84/861 7902/105/861 7908/104/861 7907/83/861
f 7916/80/862 7917/107/862 7919/106/862 7918/79/862
f 7915/81/863 7904/108/863 7917/107/863 7916/80/863
f 7926/77/864 7927/110/864 7929/109/864 7928/78/864
f 7924/82/865 7925/111/865 7927/110/865 7926/77/865
f 7929/109/866 7930/112/866 7932/72/866 7931/70/866
f 7928/78/867 7929/109/867 7931/70/867 7935/67/867
f 7919/106/868 7920/113/868 7922/63/868 7921/61/868
f 7918/79/869 7919/106/869 7921/61/869 7936/58/869
f 7910/103/870 7911/114/870 7913/53/870 7912/51/870
f 7909/76/871 7910/103/871 7912/51/871 7937/48/871
f 7920/113/872 7940/28/872 7941/30/872 7922/63/872
f 7923/115/873 7939/25/873 7940/28/873 7920/113/873
f 7903/116/874 7938/24/874 7939/25/874 7923/115/874
f 7911/114/875 7944/36/875 7945/38/875 7913/53/875
f 7914/117/876 7943/33/876 7944/36/876 7911/114/876
f 7905/118/877 7942/32/877 7943/33/877 7914/117/877
f 7930/112/878 7948/44/878 7949/46/878 7932/72/878
f 7933/119/879 7947/41/879 7948/44/879 7930/112/879
f 7934/120/880 7946/40/880 7947/41/880 7933/119/880
f 7858/53/881 7913/53/881 7945/38/881 7880/38/881
f 7882/84/882 7906/84/882 7907/83/882 7883/83/882
f 7880/38/883 7945/38/883 7944/36/883 7877/36/883
f 7883/83/884 7907/83/884 7909/76/884 7884/76/884
f 7877/36/885 7944/36/885 7943/33/885 7876/33/885
f 7872/79/886 7918/79/886 7936/58/886 7874/58/886
f 7876/33/887 7943/33/887 7942/32/887 7875/32/887
f 7861/70/888 7931/70/888 7932/72/888 7862/72/888
f 7860/63/889 7922/63/889 7941/30/889 7868/30/889
f 7898/67/890 7935/67/890 7931/70/890 7861/70/890
f 7870/81/891 7915/81/891 7916/80/891 7871/80/891
f 7868/30/892 7941/30/892 7940/28/892 7865/28/892
f 7859/61/893 7921/61/893 7922/63/893 7860/63/893
f 7871/80/894 7916/80/894 7918/79/894 7872/79/894
f 7896/78/895 7928/78/895 7935/67/895 7898/67/895
f 7874/58/896 7936/58/896 7921/61/896 7859/61/896
f 7865/28/897 7940/28/897 7939/25/897 7864/25/897
f 7857/51/898 7912/51/898 7913/53/898 7858/53/898
f 8021/1/899 8022/2/899 7952/3/899 7959/4/899
f 8009/5/900 8010/6/900 7954/7/900 7962/8/900
f 7997/9/901 7998/10/901 5457/11/901 7965/12/901
f 7952/13/902 8022/14/902 7976/15/902 7977/16/902 8024/17/902 6710/18/902 7982/19/902 8030/20/902 8032/21/902 7969/22/902 8012/23/902
f 7994/24/903 7995/25/903 7967/26/903 7955/27/903
f 7995/25/904 7996/28/904 7966/29/904 7967/26/904
f 7999/30/905 7997/9/905 7965/12/905 7987/31/905
f 8006/32/906 8007/33/906 7964/34/906 7953/35/906
f 8007/33/907 8008/36/907 7963/37/907 7964/34/907
f 8011/38/908 8009/5/908 7962/8/908 7986/39/908
f 8018/40/909 8019/41/909 7961/42/909 7951/43/909
f 8019/41/910 8020/44/910 7960/45/910 7961/42/910
f 8023/46/911 8021/1/911 7959/4/911 7985/47/911
f 8017/48/912 8016/49/912 7970/50/912 7988/51/912
f 7988/51/913 7970/50/913 7971/52/913 7989/53/913
f 8016/49/914 8012/54/914 7969/55/914 7970/50/914
f 7970/50/914 7969/55/914 8032/56/914 7968/57/914 7971/52/914
f 8005/58/915 8004/59/915 7974/60/915 7990/61/915
f 7990/61/916 7974/60/916 7975/62/916 7991/63/916
f 8019/41/917 8018/40/917 8077/40/917 8078/41/917
f 8004/59/918 8000/64/918 7973/65/918 7974/60/918
f 7974/60/919 7973/65/919 7972/66/919 7975/62/919
f 8029/67/920 8028/68/920 7978/69/920 7992/70/920
f 7992/70/921 7978/69/921 7979/71/921 7993/72/921
f 8028/68/922 8024/73/922 7977/74/922 7978/69/922
f 7978/69/923 7977/74/923 7976/75/923 7979/71/923
f 8015/76/924 8017/48/924 8068/48/924 8040/76/924
f 8020/44/925 8019/41/925 8078/41/925 8079/44/925
f 8026/77/926 8027/78/926 8059/78/926 8057/77/926
f 8020/44/927 8023/46/927 7985/47/927 7960/45/927
f 8008/36/928 8011/38/928 7986/39/928 7963/37/928
f 7996/28/929 7999/30/929 7987/31/929 7966/29/929
f 7991/63/930 7975/62/930 7997/9/930 7999/30/930
f 8023/46/931 8020/44/931 8079/44/931 8080/46/931
f 7975/62/932 7972/66/932 7998/10/932 7997/9/932
f 7963/37/933 7986/39/933 8005/58/933 8003/79/933
f 7962/8/934 7954/7/934 8000/64/934 8004/59/934
f 7953/35/935 7964/34/935 8002/80/935 8001/81/935
f 7964/34/936 7963/37/936 8003/79/936 8002/80/936
f 7986/39/937 7962/8/937 8004/59/937 8005/58/937
f 8017/48/938 7988/51/938 8043/51/938 8068/48/938
f 7989/53/939 7971/52/939 8009/5/939 8011/38/939
f 8025/82/940 8026/77/940 8057/77/940 8055/82/940
f 7971/52/914 7968/57/914 8010/6/914 8009/5/914
f 7960/45/941 7985/47/941 8017/48/941 8015/76/941
f 7959/4/942 7952/3/942 8012/54/942 8016/49/942
f 7951/43/943 7961/42/943 8014/83/943 8013/84/943
f 7961/42/944 7960/45/944 8015/76/944 8014/83/944
f 7985/47/945 7959/4/945 8016/49/945 8017/48/945
f 7995/25/946 7994/24/946 8069/24/946 8070/25/946
f 7993/72/947 7979/71/947 8021/1/947 8023/46/947
f 7993/72/948 8023/46/948 8080/46/948 8063/72/948
f 7979/71/949 7976/75/949 8022/2/949 8021/1/949
f 7957/85/950 7984/86/950 8029/67/950 8027/78/950
f 7958/87/951 6710/88/951 8024/73/951 8028/68/951
f 7950/89/952 7956/90/952 8026/77/952 8025/82/952
f 7956/90/953 7957/85/953 8027/78/953 8026/77/953
f 7984/86/954 7958/87/954 8028/68/954 8029/67/954
f 7981/91/955 8030/20/955 8031/92/955 7980/93/955
f 8031/92/956 8030/20/956 7982/19/956 7983/94/956
f 8032/21/957 8030/20/957 7981/91/957 5457/95/957 7998/96/957 7972/97/957 7973/98/957 8000/99/957 7954/100/957 8010/101/957 7968/102/957
f 8038/83/958 8040/76/958 8041/103/958 8039/104/958
f 8037/84/959 8038/83/959 8039/104/959 8033/105/959
f 8047/80/960 8049/79/960 8050/106/960 8048/107/960
f 8046/81/961 8047/80/961 8048/107/961 8035/108/961
f 8057/77/962 8059/78/962 8060/109/962 8058/110/962
f 8055/82/963 8057/77/963 8058/110/963 8056/111/963
f 8060/109/964 8062/70/964 8063/72/964 8061/112/964
f 8059/78/965 8066/67/965 8062/70/965 8060/109/965
f 8050/106/966 8052/61/966 8053/63/966 8051/113/966
f 8049/79/967 8067/58/967 8052/61/967 8050/106/967
f 8041/103/968 8043/51/968 8044/53/968 8042/114/968
f 8040/76/969 8068/48/969 8043/51/969 8041/103/969
f 8051/113/970 8053/63/970 8072/30/970 8071/28/970
f 8054/115/971 8051/113/971 8071/28/971 8070/25/971
f 8034/116/972 8054/115/972 8070/25/972 8069/24/972
f 8042/114/973 8044/53/973 8076/38/973 8075/36/973
f 8045/117/974 8042/114/974 8075/36/974 8074/33/974
f 8036/118/975 8045/117/975 8074/33/975 8073/32/975
f 8061/112/976 8063/72/976 8080/46/976 8079/44/976
f 8064/119/977 8061/112/977 8079/44/977 8078/41/977
f 8065/120/978 8064/119/978 8078/41/978 8077/40/978
f 7989/53/979 8011/38/979 8076/38/979 8044/53/979
f 8013/84/980 8014/83/980 8038/83/980 8037/84/980
f 8011/38/981 8008/36/981 8075/36/981 8076/38/981
f 8014/83/982 8015/76/982 8040/76/982 8038/83/982
f 8008/36/983 8007/33/983 8074/33/983 8075/36/983
f 8003/79/984 8005/58/984 8067/58/984 8049/79/984
f 8007/33/985 8006/32/985 8073/32/985 8074/33/985
f 7992/70/986 7993/72/986 8063/72/986 8062/70/986
f 7991/63/987 7999/30/987 8072/30/987 8053/63/987
f 8029/67/988 7992/70/988 8062/70/988 8066/67/988
f 8001/81/989 8002/80/989 8047/80/989 8046/81/989
f 7999/30/990 7996/28/990 8071/28/990 8072/30/990
f 7990/61/991 7991/63/991 8053/63/991 8052/61/991
f 8002/80/992 8003/79/992 8049/79/992 8047/80/992
f 8027/78/993 8029/67/993 8066/67/993 8059/78/993
f 8005/58/994 7990/61/994 8052/61/994 8067/58/994
f 7996/28/995 7995/25/995 8070/25/995 8071/28/995
f 7988/51/996 7989/53/996 8044/53/996 8043/51/996
f 7887/40/997 8018/40/997 7951/43/997 7833/43/997
f 6585/88/998 6710/88/998 7958/87/998 6592/87/998
f 7875/32/999 8006/32/999 7953/35/999 7835/35/999
f 7863/24/1000 7994/24/1000 7955/27/1000 5330/27/1000
f 5330/27/1001 7955/27/1001 7967/26/1001 5340/26/1001
f 5331/95/1002 5457/95/1002 7981/91/1002 5354/91/1002
f 6590/90/1003 7956/90/1003 7950/89/1003 6584/89/1003
f 6591/85/1004 7957/85/1004 7956/90/1004 6590/90/1004
f 6592/87/1005 7958/87/1005 7984/86/1005 6613/86/1005
f 5338/12/1006 7965/12/1006 5457/11/1006 5331/11/1006
f 5339/29/1007 7966/29/1007 7987/31/1007 5357/31/1007
f 5340/26/1008 7967/26/1008 7966/29/1008 5339/29/1008
f 7882/84/1009 8013/84/1009 8037/84/1009 7906/84/1009
f 7894/82/1010 8025/82/1010 8055/82/1010 7924/82/1010
f 5354/91/1011 7981/91/1011 7980/93/1011 5353/93/1011
f 6611/19/1012 7982/19/1012 6710/18/1012 6585/18/1012
f 6612/94/1013 7983/94/1013 7982/19/1013 6611/19/1013
f 6613/86/1014 7984/86/1014 7957/85/1014 6591/85/1014
f 5357/31/1015 7987/31/1015 7965/12/1015 5338/12/1015
f 7938/24/1016 8069/24/1016 7994/24/1016 7863/24/1016
f 7835/35/1017 7953/35/1017 8001/81/1017 7870/81/1017
f 7833/43/1018 7951/43/1018 8013/84/1018 7882/84/1018
f 7942/32/1019 8073/32/1019 8006/32/1019 7875/32/1019
f 7902/105/1020 8033/105/1020 8039/104/1020 7908/104/1020
f 6584/89/1021 7950/89/1021 8025/82/1021 7894/82/1021
f 7900/92/1022 8031/92/1022 7983/94/1022 6612/94/1022
f 5353/93/1023 7980/93/1023 8031/92/1023 7900/92/1023
f 7910/103/1024 8041/103/1024 8042/114/1024 7911/114/1024
f 7908/104/1025 8039/104/1025 8041/103/1025 7910/103/1025
f 7911/114/1026 8042/114/1026 8045/117/1026 7914/117/1026
f 7906/84/1027 8037/84/1027 8033/105/1027 7902/105/1027
f 7905/118/1028 8036/118/1028 8073/32/1028 7942/32/1028
f 7919/106/1029 8050/106/1029 8051/113/1029 7920/113/1029
f 7917/107/1030 8048/107/1030 8050/106/1030 7919/106/1030
f 7920/113/1031 8051/113/1031 8054/115/1031 7923/115/1031
f 7914/117/1032 8045/117/1032 8036/118/1032 7905/118/1032
f 7924/82/1033 8055/82/1033 8056/111/1033 7925/111/1033
f 7929/109/1034 8060/109/1034 8061/112/1034 7930/112/1034
f 7927/110/1035 8058/110/1035 8060/109/1035 7929/109/1035
f 7930/112/1036 8061/112/1036 8064/119/1036 7933/119/1036
f 7925/111/1037 8056/111/1037 8058/110/1037 7927/110/1037
f 7933/119/1038 8064/119/1038 8065/120/1038 7934/120/1038
f 7904/108/1039 8035/108/1039 8048/107/1039 7917/107/1039
f 7934/120/1040 8065/120/1040 8077/40/1040 7946/40/1040
f 7915/81/1041 8046/81/1041 8035/108/1041 7904/108/1041
f 7946/40/1042 8077/40/1042 8018/40/1042 7887/40/1042
f 7870/81/1043 8001/81/1043 8046/81/1043 7915/81/1043
f 7923/115/1044 8054/115/1044 8034/116/1044 7903/116/1044
f 7903/116/1045 8034/116/1045 8069/24/1045 7938/24/1045
o Floor
v 4.276366 -1.720000 -5.672141
v 6.539512 -1.720000 -2.774040
v 0.867362 -1.720001 -7.050404
v 7.050403 -1.720001 -0.867365
v 5.672143 -1.720001 -4.276365
v 2.774035 -1.720000 -6.539513
v 0.000000 -1.720000 0.000000
v 5.418540 -1.720000 -2.473674
v 3.455757 -1.720000 -4.851534
v 4.400000 -1.720000 0.000000
v 3.810512 -1.720000 -2.200000
v 4.851534 -1.720000 -3.455757
v 2.473674 -1.720000 -5.418541
v 0.567003 -1.720001 -5.929431
v 2.200000 -1.720000 -3.810512
v 0.000000 -1.720000 -4.400000
v 5.929431 -1.720000 -0.567004
v -4.276366 -1.720000 -5.672141
v -6.539512 -1.720000 -2.774040
v -0.867362 -1.720001 -7.050404
v -7.050403 -1.720001 -0.867365
v -5.672143 -1.720001 -4.276365
v -2.774035 -1.720000 -6.539513
v -5.418540 -1.720000 -2.473674
v -3.455757 -1.720000 -4.851534
v -4.400000 -1.720000 0.000000
v -3.810512 -1.720000 -2.200000
v -4.851534 -1.720000 -3.455757
v -2.473674 -1.720000 -5.418541
v -0.567003 -1.720001 -5.929431
v -2.200000 -1.720000 -3.810512
v -5.929431 -1.720000 -0.567004
v 4.276366 -1.720000 5.672141
v 6.539512 -1.720000 2.774040
v 0.867362 -1.720001 7.050404
v 7.050403 -1.720001 0.867365
v 5.672143 -1.720001 4.276365
v 2.774035 -1.720000 6.539513
v 5.418540 -1.720000 2.473674
v 3.455757 -1.720000 4.851534
v 3.810512 -1.720000 2.200000
v 4.851534 -1.720000 3.455757
v 2.473674 -1.720000 5.418541
v 0.567003 -1.720001 5.929431
v 2.200000 -1.720000 3.810512
v 0.000000 -1.720000 4.400000
v 5.929431 -1.720000 0.567004
v -4.276366 -1.720000 5.672141
v -6.539512 -1.720000 2.774040
v -0.867362 -1.720001 7.050404
v -7.050403 -1.720001 0.867365
v -5.672143 -1.720001 4.276365
v -2.774035 -1.720000 6.539513
v -5.418540 -1.720000 2.473674
v -3.455757 -1.720000 4.851534
v -3.810512 -1.720000 2.200000
v -4.851534 -1.720000 3.455757
v -2.473674 -1.720000 5.418541
v -0.567003 -1.720001 5.929431
v -2.200000 -1.720000 3.810512
v -5.929431 -1.720000 0.567004
v -4.276366 -1.720000 -5.672141
v -6.539512 -1.720000 -2.774040
v -0.867362 -1.720001 -7.050404
v -7.050403 -1.720001 -0.867365
v -5.672143 -1.720001 -4.276365
v -2.774035 -1.720000 -6.539513
v -5.418540 -1.720000 -2.473674
v -3.455757 -1.720000 -4.851534
v -4.400000 -1.720000 0.000000
v -3.810512 -1.720000 -2.200000
v -4.851534 -1.720000 -3.455757
v -2.473674 -1.720000 -5.418541
v -0.567003 -1.720001 -5.929431
v -2.200000 -1.720000 -3.810512
v -5.929431 -1.720000 -0.567004
v 4.276366 -1.720000 -5.672141
v 6.539512 -1.720000 -2.774040
v 0.867362 -1.720001 -7.050404
v 7.050403 -1.720001 -0.867365
v 5.672143 -1.720001 -4.276365
v 2.774035 -1.720000 -6.539513
v 5.418540 -1.720000 -2.473674
v 3.455757 -1.720000 -4.851534
v 4.400000 -1.720000 0.000000
v 3.810512 -1.720000 -2.200000
v 4.851534 -1.720000 -3.455757
v 2.473674 -1.720000 -5.418541
v 0.567003 -1.720001 -5.929431
v 2.200000 -1.720000 -3.810512
v 5.929431 -1.720000 -0.567004
v -4.276366 -1.720000 5.672141
v -6.539512 -1.720000 2.774040
v -0.867362 -1.720001 7.050404
v -7.050403 -1.720001 0.867365
v -5.672143 -1.720001 4.276365
v -2.774035 -1.720000 6.539513
v -5.418540 -1.720000 2.473674
v -3.455757 -1.720000 4.851534
v -3.810512 -1.720000 2.200000
v -4.851534 -1.720000 3.455757
v -2.473674 -1.720000 5.418541
v -0.567003 -1.720001 5.929431
v -2.200000 -1.720000 3.810512
v -5.929431 -1.720000 0.567004
v 4.276366 -1.720000 5.672141
v 6.539512 -1.720000 2.774040
v 0.867362 -1.720001 7.050404
v 7.050403 -1.720001 0.867365
v 5.672143 -1.720001 4.276365
v 2.774035 -1.720000 6.539513
v 5.418540 -1.720000 2.473674
v 3.455757 -1.720000 4.851534
v 3.810512 -1.720000 2.200000
v 4.851534 -1.720000 3.455757
v 2.473674 -1.720000 5.418541
v 0.567003 -1.720001 5.929431
v 2.200000 -1.720000 3.810512
v 5.929431 -1.720000 0.567004
v 4.276366 -1.720000 5.672141
v 6.539512 -1.720000 2.774040
v 0.867362 -1.720001 7.050404
v 7.050403 -1.720001 0.867365
v 5.672143 -1.720001 4.276365
v 2.774035 -1.720000 6.539513
v 5.418540 -1.720000 2.473674
v 3.455757 -1.720000 4.851534
v 3.810512 -1.720000 2.200000
v 4.851534 -1.720000 3.455757
v 2.473674 -1.720000 5.418541
v 0.567003 -1.720001 5.929431
v 2.200000 -1.720000 3.810512
v 0.000000 -1.720000 4.400000
v 5.929431 -1.720000 0.567004
v -4.276366 -1.720000 5.672141
v -6.539512 -1.720000 2.774040
v -0.867362 -1.720001 7.050404
v -7.050403 -1.720001 0.867365
v -5.672143 -1.720001 4.276365
v -2.774035 -1.720000 6.539513
v -5.418540 -1.720000 2.473674
v -3.455757 -1.720000 4.851534
v -3.810512 -1.720000 2.200000
v -4.851534 -1.720000 3.455757
v -2.473674 -1.720000 5.418541
v -0.567003 -1.720001 5.929431
v -2.200000 -1.720000 3.810512
v -5.929431 -1.720000 0.567004
v 4.276366 -1.720000 -5.672141
v 6.539512 -1.720000 -2.774040
v 0.867362 -1.720001 -7.050404
v 7.050403 -1.720001 -0.867365
v 5.672143 -1.720001 -4.276365
v 2.774035 -1.720000 -6.539513
v 5.418540 -1.720000 -2.473674
v 3.455757 -1.720000 -4.851534
v 3.810512 -1.720000 -2.200000
v 4.851534 -1.720000 -3.455757
v 2.473674 -1.720000 -5.418541
v 0.567003 -1.720001 -5.929431
v 2.200000 -1.720000 -3.810512
v 0.000000 -1.720000 -4.400000
v 5.929431 -1.720000 -0.567004
v -4.276366 -1.720000 -5.672141
v -6.539512 -1.720000 -2.774040
v -0.867362 -1.720001 -7.050404
v -7.050403 -1.720001 -0.867365
v -5.672143 -1.720001 -4.276365
v -2.774035 -1.720000 -6.539513
v -5.418540 -1.720000 -2.473674
v -3.455757 -1.720000 -4.851534
v -3.810512 -1.720000 -2.200000
v -4.851534 -1.720000 -3.455757
v -2.473674 -1.720000 -5.418541
v -0.567003 -1.720001 -5.929431
v -2.200000 -1.720000 -3.810512
v -5.929431 -1.720000 -0.567004
v -4.276366 -1.720000 5.672141
v -6.539512 -1.720000 2.774040
v -0.867362 -1.720001 7.050404
v -7.050403 -1.720001 0.867365
v -5.672143 -1.720001 4.276365
v -2.774035 -1.720000 6.539513
v -5.418540 -1.720000 2.473674
v -3.455757 -1.720000 4.851534
v -3.810512 -1.720000 2.200000
v -4.851534 -1.720000 3.455757
v -2.473674 -1.720000 5.418541
v -0.567003 -1.720001 5.929431
v -2.200000 -1.720000 3.810512
v -5.929431 -1.720000 0.567004
v 4.276366 -1.720000 5.672141
v 6.539512 -1.720000 2.774040
v 0.867362 -1.720001 7.050404
v 7.050403 -1.720001 0.867365
v 5.672143 -1.720001 4.276365
v 2.774035 -1.720000 6.539513
v 5.418540 -1.720000 2.473674
v 3.455757 -1.720000 4.851534
v 3.810512 -1.720000 2.200000
v 4.851534 -1.720000 3.455757
v 2.473674 -1.720000 5.418541
v 0.567003 -1.720001 5.929431
v 2.200000 -1.720000 3.810512
v 5.929431 -1.720000 0.567004
v -4.276366 -1.720000 -5.672141
v -6.539512 -1.720000 -2.774040
v -0.867362 -1.720001 -7.050404
v -7.050403 -1.720001 -0.867365
v -5.672143 -1.720001 -4.276365
v -2.774035 -1.720000 -6.539513
v -5.418540 -1.720000 -2.473674
v -3.455757 -1.720000 -4.851534
v -3.810512 -1.720000 -2.200000
v -4.851534 -1.720000 -3.455757
v -2.473674 -1.720000 -5.418541
v -0.567003 -1.720001 -5.929431
v -2.200000 -1.720000 -3.810512
v -5.929431 -1.720000 -0.567004
v 4.276366 -1.720000 -5.672141
v 6.539512 -1.720000 -2.774040
v 0.867362 -1.720001 -7.050404
v 7.050403 -1.720001 -0.867365
v 5.672143 -1.720001 -4.276365
v 2.774035 -1.720000 -6.539513
v 5.418540 -1.720000 -2.473674
v 3.455757 -1.720000 -4.851534
v 3.810512 -1.720000 -2.200000
v 4.851534 -1.720000 -3.455757
v 2.473674 -1.720000 -5.418541
v 0.567003 -1.720001 -5.929431
v 2.200000 -1.720000 -3.810512
v 5.929431 -1.720000 -0.567004
v 4.276366 -1.700000 -5.672141
v 6.539512 -1.700000 -2.774040
v 0.867362 -1.700001 -7.050404
v 7.050403 -1.700001 -0.867365
v 5.672143 -1.700001 -4.276365
v 2.774035 -1.700000 -6.539513
v -0.000000 -1.700000 -0.000000
v 5.418540 -1.700000 -2.473674
v 3.455757 -1.700000 -4.851534
v 4.400000 -1.700000 0.000000
v 3.810512 -1.700000 -2.200000
v 4.851534 -1.700000 -3.455757
v 2.473674 -1.700000 -5.418541
v 0.567003 -1.700001 -5.929431
v 2.200000 -1.700000 -3.810512
v 0.000000 -1.700000 -4.400000
v 5.929431 -1.700000 -0.567004
v -4.276366 -1.700000 -5.672141
v -6.539512 -1.700000 -2.774040
v -0.867362 -1.700001 -7.050404
v -7.050403 -1.700001 -0.867365
v -5.672143 -1.700001 -4.276365
v -2.774035 -1.700000 -6.539513
v -5.418540 -1.700000 -2.473674
v -3.455757 -1.700000 -4.851534
v -4.400000 -1.700000 -0.000000
v -3.810512 -1.700000 -2.200000
v -4.851534 -1.700000 -3.455757
v -2.473674 -1.700000 -5.418541
v -0.567003 -1.700001 -5.929431
v -2.200000 -1.700000 -3.810512
v -5.929431 -1.700000 -0.567004
v 4.276366 -1.700000 5.672141
v 6.539512 -1.700000 2.774040
v 0.867362 -1.700001 7.050404
v 7.050403 -1.700001 0.867365
v 5.672143 -1.700001 4.276365
v 2.774035 -1.700000 6.539513
v 5.418540 -1.700000 2.473674
v 3.455757 -1.700000 4.851534
v 3.810512 -1.700000 2.200000
v 4.851534 -1.700000 3.455757
v 2.473674 -1.700000 5.418541
v 0.567003 -1.700001 5.929431
v 2.200000 -1.700000 3.810512
v -0.000000 -1.700000 4.400000
v 5.929431 -1.700000 0.567004
v -4.276366 -1.700000 5.672141
v -6.539512 -1.700000 2.774040
v -0.867362 -1.700001 7.050404
v -7.050403 -1.700001 0.867365
v -5.672143 -1.700001 4.276365
v -2.774035 -1.700000 6.539513
v -5.418540 -1.700000 2.473674
v -3.455757 -1.700000 4.851534
v -3.810512 -1.700000 2.200000
v -4.851534 -1.700000 3.455757
v -2.473674 -1.700000 5.418541
v -0.567003 -1.700001 5.929431
v -2.200000 -1.700000 3.810512
v -5.929431 -1.700000 0.567004
v -4.276366 -1.700000 -5.672141
v -6.539512 -1.700000 -2.774040
v -0.867362 -1.700001 -7.050404
v -7.050403 -1.700001 -0.867365
v -5.672143 -1.700001 -4.276365
v -2.774035 -1.700000 -6.539513
v -5.418540 -1.700000 -2.473674
v -3.455757 -1.700000 -4.851534
v -4.400000 -1.700000 -0.000000
v -3.810512 -1.700000 -2.200000
v -4.851534 -1.700000 -3.455757
v -2.473674 -1.700000 -5.418541
v -0.567003 -1.700001 -5.929431
v -2.200000 -1.700000 -3.810512
v -5.929431 -1.700000 -0.567004
v 4.276366 -1.700000 -5.672141
v 6.539512 -1.700000 -2.774040
v 0.867362 -1.700001 -7.050404
v 7.050403 -1.700001 -0.867365
v 5.672143 -1.700001 -4.276365
v 2.774035 -1.700000 -6.539513
v 5.418540 -1.700000 -2.473674
v 3.455757 -1.700000 -4.851534
v 4.400000 -1.700000 0.000000
v 3.810512 -1.700000 -2.200000
v 4.851534 -1.700000 -3.455757
v 2.473674 -1.700000 -5.418541
v 0.567003 -1.700001 -5.929431
v 2.200000 -1.700000 -3.810512
v 5.929431 -1.700000 -0.567004
v -4.276366 -1.700000 5.672141
v -6.539512 -1.700000 2.774040
v -0.867362 -1.700001 7.050404
v -7.050403 -1.700001 0.867365
v -5.672143 -1.700001 4.276365
v -2.774035 -1.700000 6.539513
v -5.418540 -1.700000 2.473674
v -3.455757 -1.700000 4.851534
v -3.810512 -1.700000 2.200000
v -4.851534 -1.700000 3.455757
v -2.473674 -1.700000 5.418541
v -0.567003 -1.700001 5.929431
v -2.200000 -1.700000 3.810512
v -5.929431 -1.700000 0.567004
v 4.276366 -1.700000 5.672141
v 6.539512 -1.700000 2.774040
v 0.867362 -1.700001 7.050404
v 7.050403 -1.700001 0.867365
v 5.672143 -1.700001 4.276365
v 2.774035 -1.700000 6.539513
v 5.418540 -1.700000 2.473674
v 3.455757 -1.700000 4.851534
v 3.810512 -1.700000 2.200000
v 4.851534 -1.700000 3.455757
v 2.473674 -1.700000 5.418541
v 0.567003 -1.700001 5.929431
v 2.200000 -1.700000 3.810512
v 5.929431 -1.700000 0.567004
v 4.276366 -1.700000 5.672141
v 6.539512 -1.700000 2.774040
v 0.867362 -1.700001 7.050404
v 7.050403 -1.700001 0.867365
v 5.672143 -1.700001 4.276365
v 2.774035 -1.700000 6.539513
v 5.418540 -1.700000 2.473674
v 3.455757 -1.700000 4.851534
v 3.810512 -1.700000 2.200000
v 4.851534 -1.700000 3.455757
v 2.473674 -1.700000 5.418541
v 0.567003 -1.700001 5.929431
v 2.200000 -1.700000 3.810512
v -0.000000 -1.700000 4.400000
v 5.929431 -1.700000 0.567004
v -4.276366 -1.700000 5.672141
v -6.539512 -1.700000 2.774040
v -0.867362 -1.700001 7.050404
v -7.050403 -1.700001 0.867365
v -5.672143 -1.700001 4.276365
v -2.774035 -1.700000 6.539513
v -5.418540 -1.700000 2.473674
v -3.455757 -1.700000 4.851534
v -3.810512 -1.700000 2.200000
v -4.851534 -1.700000 3.455757
v -2.473674 -1.700000 5.418541
v -0.567003 -1.700001 5.929431
v -2.200000 -1.700000 3.810512
v -5.929431 -1.700000 0.567004
v 4.276366 -1.700000 -5.672141
v 6.539512 -1.700000 -2.774040
v 0.867362 -1.700001 -7.050404
v 7.050403 -1.700001 -0.867365
v 5.672143 -1.700001 -4.276365
v 2.774035 -1.700000 -6.539513
v 5.418540 -1.700000 -2.473674
v 3.455757 -1.700000 -4.851534
v 3.810512 -1.700000 -2.200000
v 4.851534 -1.700000 -3.455757
v 2.473674 -1.700000 -5.418541
v 0.567003 -1.700001 -5.929431
v 2.200000 -1.700000 -3.810512
v 0.000000 -1.700000 -4.400000
v 5.929431 -1.700000 -0.567004
v -4.276366 -1.700000 -5.672141
v -6.539512 -1.700000 -2.774040
v -0.867362 -1.700001 -7.050404
v -7.050403 -1.700001 -0.867365
v -5.672143 -1.700001 -4.276365
v -2.774035 -1.700000 -6.539513
v -5.418540 -1.700000 -2.473674
v -3.455757 -1.700000 -4.851534
v -3.810512 -1.700000 -2.200000
v -4.851534 -1.700000 -3.455757
v -2.473674 -1.700000 -5.418541
v -0.567003 -1.700001 -5.929431
v -2.200000 -1.700000 -3.810512
v -5.929431 -1.700000 -0.567004
v -4.276366 -1.700000 5.672141
v -6.539512 -1.700000 2.774040
v -0.867362 -1.700001 7.050404
v -7.050403 -1.700001 0.867365
v -5.672143 -1.700001 4.276365
v -2.774035 -1.700000 6.539513
v -5.418540 -1.700000 2.473674
v -3.455757 -1.700000 4.851534
v -3.810512 -1.700000 2.200000
v -4.851534 -1.700000 3.455757
v -2.473674 -1.700000 5.418541
v -0.567003 -1.700001 5.929431
v -2.200000 -1.700000 3.810512
v -5.929431 -1.700000 0.567004
v 4.276366 -1.700000 5.672141
v 6.539512 -1.700000 2.774040
v 0.867362 -1.700001 7.050404
v 7.050403 -1.700001 0.867365
v 5.672143 -1.700001 4.276365
v 2.774035 -1.700000 6.539513
v 5.418540 -1.700000 2.473674
v 3.455757 -1.700000 4.851534
v 3.810512 -1.700000 2.200000
v 4.851534 -1.700000 3.455757
v 2.473674 -1.700000 5.418541
v 0.567003 -1.700001 5.929431
v 2.200000 -1.700000 3.810512
v 5.929431 -1.700000 0.567004
v -4.276366 -1.700000 -5.672141
v -6.539512 -1.700000 -2.774040
v -0.867362 -1.700001 -7.050404
v -7.050403 -1.700001 -0.867365
v -5.672143 -1.700001 -4.276365
v -2.774035 -1.700000 -6.539513
v -5.418540 -1.700000 -2.473674
v -3.455757 -1.700000 -4.851534
v -3.810512 -1.700000 -2.200000
v -4.851534 -1.700000 -3.455757
v -2.473674 -1.700000 -5.418541
v -0.567003 -1.700001 -5.929431
v -2.200000 -1.700000 -3.810512
v -5.929431 -1.700000 -0.567004
v 4.276366 -1.700000 -5.672141
v 6.539512 -1.700000 -2.774040
v 0.867362 -1.700001 -7.050404
v 7.050403 -1.700001 -0.867365
v 5.672143 -1.700001 -4.276365
v 2.774035 -1.700000 -6.539513
v 5.418540 -1.700000 -2.473674
v 3.455757 -1.700000 -4.851534
v 3.810512 -1.700000 -2.200000
v 4.851534 -1.700000 -3.455757
v 2.473674 -1.700000 -5.418541
v 0.567003 -1.700001 -5.929431
v 2.200000 -1.700000 -3.810512
v 5.929431 -1.700000 -0.567004
vn -0.0000 -1.0000 -0.0000
vn -0.0000 1.0000 -0.0000
vn 0.2588 -0.0000 0.9659
vn 0.9659 -0.0000 0.2588
vn -0.2588 -0.0000 -0.9659
vn -0.6382 -0.0000 -0.7699
vn -0.7071 -0.0000 -0.7071
vn 0.3476 -0.0000 0.9376
vn -0.1678 -0.0000 -0.9858
vn -0.9376 -0.0000 -0.3476
vn 0.9659 -0.0000 -0.2588
vn -0.9659 -0.0000 -0.2588
vn 0.2588 -0.0000 -0.9659
vn 0.7699 -0.0000 0.6382
vn 0.9858 -0.0000 0.1678
vn 0.7071 -0.0000 0.7071
vn 0.7071 -0.0000 -0.7071
vn -0.2588 -0.0000 0.9659
vn -0.9659 -0.0000 0.2588
vn 0.6382 -0.0000 -0.7699
vn -0.3476 -0.0000 0.9376
vn 0.1678 -0.0000 -0.9858
vn 0.9376 -0.0000 -0.3476
vn -0.7699 -0.0000 0.6382
vn -0.9858 -0.0000 0.1678
vn -0.7071 -0.0000 0.7071
vn -0.6382 -0.0000 0.7699
vn 0.3476 -0.0000 -0.9376
vn -0.1678 -0.0000 0.9858
vn -0.9376 -0.0000 0.3476
vn 0.7699 -0.0000 -0.6382
vn 0.9858 -0.0000 -0.1678
vn 0.6382 -0.0000 0.7699
vn -0.3476 -0.0000 -0.9376
vn 0.1678 -0.0000 0.9858
vn 0.9376 -0.0000 0.3476
vn -0.7699 -0.0000 -0.6382
vn -0.9858 -0.0000 -0.1678
vt 0.750000 0.490000
vt 0.758000 0.487856
vt 0.766000 0.485713
vt 0.854000 0.462133
vt 0.862000 0.459990
vt 0.870000 0.457846
vt 0.875856 0.451990
vt 0.881713 0.446133
vt 0.946133 0.381713
vt 0.951990 0.375856
vt 0.957846 0.370000
vt 0.959990 0.362000
vt 0.962133 0.354000
vt 0.985713 0.266000
vt 0.987856 0.258000
vt 0.990000 0.250000
vt 0.750000 0.250000
s 0
f 8096/121/1787 8094/122/1787 8083/123/1787 8086/124/1787 8093/125/1787 8095/126/1787 8089/127/1787 8081/128/1787 8085/129/1787 8092/130/1787 8091/131/1787 8088/132/1787 8082/133/1787 8084/134/1787 8097/135/1787 8090/136/1787 8087/137/1787
f 8096/121/1787 8087/137/1787 8106/136/1787 8112/135/1787 8101/134/1787 8099/133/1787 8104/132/1787 8107/131/1787 8108/130/1787 8102/129/1787 8098/128/1787 8105/127/1787 8111/126/1787 8109/125/1787 8103/124/1787 8100/123/1787 8110/122/1787
f 8126/121/1787 8087/137/1787 8090/136/1787 8127/135/1787 8116/134/1787 8114/133/1787 8119/132/1787 8121/131/1787 8122/130/1787 8117/129/1787 8113/128/1787 8120/127/1787 8125/126/1787 8123/125/1787 8118/124/1787 8115/123/1787 8124/122/1787
f 8126/121/1787 8139/122/1787 8130/123/1787 8133/124/1787 8138/125/1787 8140/126/1787 8135/127/1787 8128/128/1787 8132/129/1787 8137/130/1787 8136/131/1787 8134/132/1787 8129/133/1787 8131/134/1787 8141/135/1787 8106/136/1787 8087/137/1787
f 8096/121/1787 8087/137/1787 8150/136/1787 8156/135/1787 8145/134/1787 8143/133/1787 8148/132/1787 8151/131/1787 8152/130/1787 8146/129/1787 8142/128/1787 8149/127/1787 8155/126/1787 8153/125/1787 8147/124/1787 8144/123/1787 8154/122/1787
f 8096/121/1787 8169/122/1787 8159/123/1787 8162/124/1787 8168/125/1787 8170/126/1787 8164/127/1787 8157/128/1787 8161/129/1787 8167/130/1787 8166/131/1787 8163/132/1787 8158/133/1787 8160/134/1787 8171/135/1787 8165/136/1787 8087/137/1787
f 8126/121/1787 8183/122/1787 8174/123/1787 8177/124/1787 8182/125/1787 8184/126/1787 8179/127/1787 8172/128/1787 8176/129/1787 8181/130/1787 8180/131/1787 8178/132/1787 8173/133/1787 8175/134/1787 8185/135/1787 8150/136/1787 8087/137/1787
f 8126/121/1787 8087/137/1787 8165/136/1787 8199/135/1787 8189/134/1787 8187/133/1787 8192/132/1787 8194/131/1787 8195/130/1787 8190/129/1787 8186/128/1787 8193/127/1787 8198/126/1787 8196/125/1787 8191/124/1787 8188/123/1787 8197/122/1787
f 8213/121/1787 8087/137/1787 8090/136/1787 8214/135/1787 8203/134/1787 8201/133/1787 8206/132/1787 8208/131/1787 8209/130/1787 8204/129/1787 8200/128/1787 8207/127/1787 8212/126/1787 8210/125/1787 8205/124/1787 8202/123/1787 8211/122/1787
f 8213/121/1787 8226/122/1787 8217/123/1787 8220/124/1787 8225/125/1787 8227/126/1787 8222/127/1787 8215/128/1787 8219/129/1787 8224/130/1787 8223/131/1787 8221/132/1787 8216/133/1787 8218/134/1787 8228/135/1787 8106/136/1787 8087/137/1787
f 8242/121/1787 8240/122/1787 8231/123/1787 8234/124/1787 8239/125/1787 8241/126/1787 8236/127/1787 8229/128/1787 8233/129/1787 8238/130/1787 8237/131/1787 8235/132/1787 8230/133/1787 8232/134/1787 8243/135/1787 8090/136/1787 8087/137/1787
f 8242/121/1787 8087/137/1787 8106/136/1787 8257/135/1787 8247/134/1787 8245/133/1787 8250/132/1787 8252/131/1787 8253/130/1787 8248/129/1787 8244/128/1787 8251/127/1787 8256/126/1787 8254/125/1787 8249/124/1787 8246/123/1787 8255/122/1787
f 8213/121/1787 8269/122/1787 8260/123/1787 8263/124/1787 8268/125/1787 8270/126/1787 8265/127/1787 8258/128/1787 8262/129/1787 8267/130/1787 8266/131/1787 8264/132/1787 8259/133/1787 8261/134/1787 8271/135/1787 8150/136/1787 8087/137/1787
f 8213/121/1787 8087/137/1787 8165/136/1787 8285/135/1787 8275/134/1787 8273/133/1787 8278/132/1787 8280/131/1787 8281/130/1787 8276/129/1787 8272/128/1787 8279/127/1787 8284/126/1787 8282/125/1787 8277/124/1787 8274/123/1787 8283/122/1787
f 8242/121/1787 8087/137/1787 8150/136/1787 8299/135/1787 8289/134/1787 8287/133/1787 8292/132/1787 8294/131/1787 8295/130/1787 8290/129/1787 8286/128/1787 8293/127/1787 8298/126/1787 8296/125/1787 8291/124/1787 8288/123/1787 8297/122/1787
f 8242/121/1787 8311/122/1787 8302/123/1787 8305/124/1787 8310/125/1787 8312/126/1787 8307/127/1787 8300/128/1787 8304/129/1787 8309/130/1787 8308/131/1787 8306/132/1787 8301/133/1787 8303/134/1787 8313/135/1787 8165/136/1787 8087/137/1787
f 8329/121/1788 8320/137/1788 8323/136/1788 8330/135/1788 8317/134/1788 8315/133/1788 8321/132/1788 8324/131/1788 8325/130/1788 8318/129/1788 8314/128/1788 8322/127/1788 8328/126/1788 8326/125/1788 8319/124/1788 8316/123/1788 8327/122/1788
f 8329/121/1788 8343/122/1788 8333/123/1788 8336/124/1788 8342/125/1788 8344/126/1788 8338/127/1788 8331/128/1788 8335/129/1788 8341/130/1788 8340/131/1788 8337/132/1788 8332/133/1788 8334/134/1788 8345/135/1788 8339/136/1788 8320/137/1788
f 8359/121/1788 8357/122/1788 8348/123/1788 8351/124/1788 8356/125/1788 8358/126/1788 8353/127/1788 8346/128/1788 8350/129/1788 8355/130/1788 8354/131/1788 8352/132/1788 8347/133/1788 8349/134/1788 8360/135/1788 8323/136/1788 8320/137/1788
f 8359/121/1788 8320/137/1788 8339/136/1788 8374/135/1788 8364/134/1788 8362/133/1788 8367/132/1788 8369/131/1788 8370/130/1788 8365/129/1788 8361/128/1788 8368/127/1788 8373/126/1788 8371/125/1788 8366/124/1788 8363/123/1788 8372/122/1788
f 8329/121/1788 8387/122/1788 8377/123/1788 8380/124/1788 8386/125/1788 8388/126/1788 8382/127/1788 8375/128/1788 8379/129/1788 8385/130/1788 8384/131/1788 8381/132/1788 8376/133/1788 8378/134/1788 8389/135/1788 8383/136/1788 8320/137/1788
f 8329/121/1788 8320/137/1788 8398/136/1788 8404/135/1788 8393/134/1788 8391/133/1788 8396/132/1788 8399/131/1788 8400/130/1788 8394/129/1788 8390/128/1788 8397/127/1788 8403/126/1788 8401/125/1788 8395/124/1788 8392/123/1788 8402/122/1788
f 8359/121/1788 8320/137/1788 8383/136/1788 8418/135/1788 8408/134/1788 8406/133/1788 8411/132/1788 8413/131/1788 8414/130/1788 8409/129/1788 8405/128/1788 8412/127/1788 8417/126/1788 8415/125/1788 8410/124/1788 8407/123/1788 8416/122/1788
f 8359/121/1788 8430/122/1788 8421/123/1788 8424/124/1788 8429/125/1788 8431/126/1788 8426/127/1788 8419/128/1788 8423/129/1788 8428/130/1788 8427/131/1788 8425/132/1788 8420/133/1788 8422/134/1788 8432/135/1788 8398/136/1788 8320/137/1788
f 8446/121/1788 8444/122/1788 8435/123/1788 8438/124/1788 8443/125/1788 8445/126/1788 8440/127/1788 8433/128/1788 8437/129/1788 8442/130/1788 8441/131/1788 8439/132/1788 8434/133/1788 8436/134/1788 8447/135/1788 8323/136/1788 8320/137/1788
f 8446/121/1788 8320/137/1788 8339/136/1788 8461/135/1788 8451/134/1788 8449/133/1788 8454/132/1788 8456/131/1788 8457/130/1788 8452/129/1788 8448/128/1788 8455/127/1788 8460/126/1788 8458/125/1788 8453/124/1788 8450/123/1788 8459/122/1788
f 8475/121/1788 8320/137/1788 8323/136/1788 8476/135/1788 8465/134/1788 8463/133/1788 8468/132/1788 8470/131/1788 8471/130/1788 8466/129/1788 8462/128/1788 8469/127/1788 8474/126/1788 8472/125/1788 8467/124/1788 8464/123/1788 8473/122/1788
f 8475/121/1788 8488/122/1788 8479/123/1788 8482/124/1788 8487/125/1788 8489/126/1788 8484/127/1788 8477/128/1788 8481/129/1788 8486/130/1788 8485/131/1788 8483/132/1788 8478/133/1788 8480/134/1788 8490/135/1788 8339/136/1788 8320/137/1788
f 8446/121/1788 8320/137/1788 8383/136/1788 8504/135/1788 8494/134/1788 8492/133/1788 8497/132/1788 8499/131/1788 8500/130/1788 8495/129/1788 8491/128/1788 8498/127/1788 8503/126/1788 8501/125/1788 8496/124/1788 8493/123/1788 8502/122/1788
f 8446/121/1788 8516/122/1788 8507/123/1788 8510/124/1788 8515/125/1788 8517/126/1788 8512/127/1788 8505/128/1788 8509/129/1788 8514/130/1788 8513/131/1788 8511/132/1788 8506/133/1788 8508/134/1788 8518/135/1788 8398/136/1788 8320/137/1788
f 8475/121/1788 8530/122/1788 8521/123/1788 8524/124/1788 8529/125/1788 8531/126/1788 8526/127/1788 8519/128/1788 8523/129/1788 8528/130/1788 8527/131/1788 8525/132/1788 8520/133/1788 8522/134/1788 8532/135/1788 8383/136/1788 8320/137/1788
f 8475/121/1788 8320/137/1788 8398/136/1788 8546/135/1788 8536/134/1788 8534/133/1788 8539/132/1788 8541/131/1788 8542/130/1788 8537/129/1788 8533/128/1788 8540/127/1788 8545/126/1788 8543/125/1788 8538/124/1788 8535/123/1788 8544/122/1788
f 8097/135/1789 8084/134/1789 8317/134/1789 8330/135/1789
f 8093/125/1790 8086/124/1790 8319/124/1790 8326/125/1790
f 8082/133/1791 8088/132/1791 8321/132/1791 8315/133/1791
f 8089/127/1792 8095/126/1792 8328/126/1792 8322/127/1792
f 8081/128/1793 8089/127/1793 8322/127/1793 8314/128/1793
f 8090/136/1794 8097/135/1794 8330/135/1794 8323/136/1794
f 8088/132/1795 8091/131/1795 8324/131/1795 8321/132/1795
f 8094/122/1796 8096/121/1796 8329/121/1796 8327/122/1796
f 8084/134/1797 8082/133/1797 8315/133/1797 8317/134/1797
f 8083/123/1798 8094/122/1798 8327/122/1798 8316/123/1798
f 8086/124/1799 8083/123/1799 8316/123/1799 8319/124/1799
f 8091/131/1800 8092/130/1800 8325/130/1800 8324/131/1800
f 8095/126/1801 8093/125/1801 8326/125/1801 8328/126/1801
f 8092/130/1802 8085/129/1802 8318/129/1802 8325/130/1802
f 8085/129/1803 8081/128/1803 8314/128/1803 8318/129/1803
f 8101/134/1804 8112/135/1804 8345/135/1804 8334/134/1804
f 8103/124/1805 8109/125/1805 8342/125/1805 8336/124/1805
f 8104/132/1799 8099/133/1799 8332/133/1799 8337/132/1799
f 8111/126/1806 8105/127/1806 8338/127/1806 8344/126/1806
f 8105/127/1803 8098/128/1803 8331/128/1803 8338/127/1803
f 8112/135/1807 8106/136/1807 8339/136/1807 8345/135/1807
f 8107/131/1808 8104/132/1808 8337/132/1808 8340/131/1808
f 8096/121/1809 8110/122/1809 8343/122/1809 8329/121/1809
f 8099/133/1798 8101/134/1798 8334/134/1798 8332/133/1798
f 8110/122/1797 8100/123/1797 8333/123/1797 8343/122/1797
f 8100/123/1791 8103/124/1791 8336/124/1791 8333/123/1791
f 8108/130/1810 8107/131/1810 8340/131/1810 8341/130/1810
f 8109/125/1811 8111/126/1811 8344/126/1811 8342/125/1811
f 8102/129/1812 8108/130/1812 8341/130/1812 8335/129/1812
f 8098/128/1793 8102/129/1793 8335/129/1793 8331/128/1793
f 8116/134/1799 8127/135/1799 8360/135/1799 8349/134/1799
f 8118/124/1797 8123/125/1797 8356/125/1797 8351/124/1797
f 8119/132/1804 8114/133/1804 8347/133/1804 8352/132/1804
f 8125/126/1813 8120/127/1813 8353/127/1813 8358/126/1813
f 8120/127/1812 8113/128/1812 8346/128/1812 8353/127/1812
f 8127/135/1814 8090/136/1814 8323/136/1814 8360/135/1814
f 8121/131/1815 8119/132/1815 8352/132/1815 8354/131/1815
f 8126/121/1816 8124/122/1816 8357/122/1816 8359/121/1816
f 8114/133/1790 8116/134/1790 8349/134/1790 8347/133/1790
f 8124/122/1805 8115/123/1805 8348/123/1805 8357/122/1805
f 8115/123/1789 8118/124/1789 8351/124/1789 8348/123/1789
f 8122/130/1817 8121/131/1817 8354/131/1817 8355/130/1817
f 8123/125/1818 8125/126/1818 8358/126/1818 8356/125/1818
f 8117/129/1803 8122/130/1803 8355/130/1803 8350/129/1803
f 8113/128/1802 8117/129/1802 8350/129/1802 8346/128/1802
f 8141/135/1791 8131/134/1791 8364/134/1791 8374/135/1791
f 8138/125/1798 8133/124/1798 8366/124/1798 8371/125/1798
f 8129/133/1789 8134/132/1789 8367/132/1789 8362/133/1789
f 8135/127/1819 8140/126/1819 8373/126/1819 8368/127/1819
f 8128/128/1802 8135/127/1802 8368/127/1802 8361/128/1802
f 8106/136/1820 8141/135/1820 8374/135/1820 8339/136/1820
f 8134/132/1821 8136/131/1821 8369/131/1821 8367/132/1821
f 8139/122/1822 8126/121/1822 8359/121/1822 8372/122/1822
f 8131/134/1805 8129/133/1805 8362/133/1805 8364/134/1805
f 8130/123/1790 8139/122/1790 8372/122/1790 8363/123/1790
f 8133/124/1804 8130/123/1804 8363/123/1804 8366/124/1804
f 8136/131/1823 8137/130/1823 8370/130/1823 8369/131/1823
f 8140/126/1824 8138/125/1824 8371/125/1824 8373/126/1824
f 8137/130/1793 8132/129/1793 8365/129/1793 8370/130/1793
f 8132/129/1812 8128/128/1812 8361/128/1812 8365/129/1812
f 8145/134/1804 8156/135/1804 8389/135/1804 8378/134/1804
f 8147/124/1805 8153/125/1805 8386/125/1805 8380/124/1805
f 8148/132/1799 8143/133/1799 8376/133/1799 8381/132/1799
f 8155/126/1806 8149/127/1806 8382/127/1806 8388/126/1806
f 8149/127/1803 8142/128/1803 8375/128/1803 8382/127/1803
f 8156/135/1807 8150/136/1807 8383/136/1807 8389/135/1807
f 8151/131/1808 8148/132/1808 8381/132/1808 8384/131/1808
f 8096/121/1809 8154/122/1809 8387/122/1809 8329/121/1809
f 8143/133/1798 8145/134/1798 8378/134/1798 8376/133/1798
f 8154/122/1797 8144/123/1797 8377/123/1797 8387/122/1797
f 8144/123/1791 8147/124/1791 8380/124/1791 8377/123/1791
f 8152/130/1810 8151/131/1810 8384/131/1810 8385/130/1810
f 8153/125/1811 8155/126/1811 8388/126/1811 8386/125/1811
f 8146/129/1812 8152/130/1812 8385/130/1812 8379/129/1812
f 8142/128/1793 8146/129/1793 8379/129/1793 8375/128/1793
f 8171/135/1789 8160/134/1789 8393/134/1789 8404/135/1789
f 8168/125/1790 8162/124/1790 8395/124/1790 8401/125/1790
f 8158/133/1791 8163/132/1791 8396/132/1791 8391/133/1791
f 8164/127/1792 8170/126/1792 8403/126/1792 8397/127/1792
f 8157/128/1793 8164/127/1793 8397/127/1793 8390/128/1793
f 8165/136/1794 8171/135/1794 8404/135/1794 8398/136/1794
f 8163/132/1795 8166/131/1795 8399/131/1795 8396/132/1795
f 8169/122/1796 8096/121/1796 8329/121/1796 8402/122/1796
f 8160/134/1797 8158/133/1797 8391/133/1797 8393/134/1797
f 8159/123/1798 8169/122/1798 8402/122/1798 8392/123/1798
f 8162/124/1799 8159/123/1799 8392/123/1799 8395/124/1799
f 8166/131/1800 8167/130/1800 8400/130/1800 8399/131/1800
f 8170/126/1801 8168/125/1801 8401/125/1801 8403/126/1801
f 8167/130/1802 8161/129/1802 8394/129/1802 8400/130/1802
f 8161/129/1803 8157/128/1803 8390/128/1803 8394/129/1803
f 8185/135/1791 8175/134/1791 8408/134/1791 8418/135/1791
f 8182/125/1798 8177/124/1798 8410/124/1798 8415/125/1798
f 8173/133/1789 8178/132/1789 8411/132/1789 8406/133/1789
f 8179/127/1819 8184/126/1819 8417/126/1819 8412/127/1819
f 8172/128/1802 8179/127/1802 8412/127/1802 8405/128/1802
f 8150/136/1820 8185/135/1820 8418/135/1820 8383/136/1820
f 8178/132/1821 8180/131/1821 8413/131/1821 8411/132/1821
f 8183/122/1822 8126/121/1822 8359/121/1822 8416/122/1822
f 8175/134/1805 8173/133/1805 8406/133/1805 8408/134/1805
f 8174/123/1790 8183/122/1790 8416/122/1790 8407/123/1790
f 8177/124/1804 8174/123/1804 8407/123/1804 8410/124/1804
f 8180/131/1823 8181/130/1823 8414/130/1823 8413/131/1823
f 8184/126/1824 8182/125/1824 8415/125/1824 8417/126/1824
f 8181/130/1793 8176/129/1793 8409/129/1793 8414/130/1793
f 8176/129/1812 8172/128/1812 8405/128/1812 8409/129/1812
f 8189/134/1799 8199/135/1799 8432/135/1799 8422/134/1799
f 8191/124/1797 8196/125/1797 8429/125/1797 8424/124/1797
f 8192/132/1804 8187/133/1804 8420/133/1804 8425/132/1804
f 8198/126/1813 8193/127/1813 8426/127/1813 8431/126/1813
f 8193/127/1812 8186/128/1812 8419/128/1812 8426/127/1812
f 8199/135/1814 8165/136/1814 8398/136/1814 8432/135/1814
f 8194/131/1815 8192/132/1815 8425/132/1815 8427/131/1815
f 8126/121/1816 8197/122/1816 8430/122/1816 8359/121/1816
f 8187/133/1790 8189/134/1790 8422/134/1790 8420/133/1790
f 8197/122/1805 8188/123/1805 8421/123/1805 8430/122/1805
f 8188/123/1789 8191/124/1789 8424/124/1789 8421/123/1789
f 8195/130/1817 8194/131/1817 8427/131/1817 8428/130/1817
f 8196/125/1818 8198/126/1818 8431/126/1818 8429/125/1818
f 8190/129/1803 8195/130/1803 8428/130/1803 8423/129/1803
f 8186/128/1802 8190/129/1802 8423/129/1802 8419/128/1802
f 8203/134/1799 8214/135/1799 8447/135/1799 8436/134/1799
f 8205/124/1797 8210/125/1797 8443/125/1797 8438/124/1797
f 8206/132/1804 8201/133/1804 8434/133/1804 8439/132/1804
f 8212/126/1813 8207/127/1813 8440/127/1813 8445/126/1813
f 8207/127/1812 8200/128/1812 8433/128/1812 8440/127/1812
f 8214/135/1814 8090/136/1814 8323/136/1814 8447/135/1814
f 8208/131/1815 8206/132/1815 8439/132/1815 8441/131/1815
f 8213/121/1816 8211/122/1816 8444/122/1816 8446/121/1816
f 8201/133/1790 8203/134/1790 8436/134/1790 8434/133/1790
f 8211/122/1805 8202/123/1805 8435/123/1805 8444/122/1805
f 8202/123/1789 8205/124/1789 8438/124/1789 8435/123/1789
f 8209/130/1817 8208/131/1817 8441/131/1817 8442/130/1817
f 8210/125/1818 8212/126/1818 8445/126/1818 8443/125/1818
f 8204/129/1803 8209/130/1803 8442/130/1803 8437/129/1803
f 8200/128/1802 8204/129/1802 8437/129/1802 8433/128/1802
f 8228/135/1791 8218/134/1791 8451/134/1791 8461/135/1791
f 8225/125/1798 8220/124/1798 8453/124/1798 8458/125/1798
f 8216/133/1789 8221/132/1789 8454/132/1789 8449/133/1789
f 8222/127/1819 8227/126/1819 8460/126/1819 8455/127/1819
f 8215/128/1802 8222/127/1802 8455/127/1802 8448/128/1802
f 8106/136/1820 8228/135/1820 8461/135/1820 8339/136/1820
f 8221/132/1821 8223/131/1821 8456/131/1821 8454/132/1821
f 8226/122/1822 8213/121/1822 8446/121/1822 8459/122/1822
f 8218/134/1805 8216/133/1805 8449/133/1805 8451/134/1805
f 8217/123/1790 8226/122/1790 8459/122/1790 8450/123/1790
f 8220/124/1804 8217/123/1804 8450/123/1804 8453/124/1804
f 8223/131/1823 8224/130/1823 8457/130/1823 8456/131/1823
f 8227/126/1824 8225/125/1824 8458/125/1824 8460/126/1824
f 8224/130/1793 8219/129/1793 8452/129/1793 8457/130/1793
f 8219/129/1812 8215/128/1812 8448/128/1812 8452/129/1812
f 8243/135/1789 8232/134/1789 8465/134/1789 8476/135/1789
f 8239/125/1790 8234/124/1790 8467/124/1790 8472/125/1790
f 8230/133/1791 8235/132/1791 8468/132/1791 8463/133/1791
f 8236/127/1792 8241/126/1792 8474/126/1792 8469/127/1792
f 8229/128/1793 8236/127/1793 8469/127/1793 8462/128/1793
f 8090/136/1794 8243/135/1794 8476/135/1794 8323/136/1794
f 8235/132/1795 8237/131/1795 8470/131/1795 8468/132/1795
f 8240/122/1796 8242/121/1796 8475/121/1796 8473/122/1796
f 8232/134/1797 8230/133/1797 8463/133/1797 8465/134/1797
f 8231/123/1798 8240/122/1798 8473/122/1798 8464/123/1798
f 8234/124/1799 8231/123/1799 8464/123/1799 8467/124/1799
f 8237/131/1800 8238/130/1800 8471/130/1800 8470/131/1800
f 8241/126/1801 8239/125/1801 8472/125/1801 8474/126/1801
f 8238/130/1802 8233/129/1802 8466/129/1802 8471/130/1802
f 8233/129/1803 8229/128/1803 8462/128/1803 8466/129/1803
f 8247/134/1804 8257/135/1804 8490/135/1804 8480/134/1804
f 8249/124/1805 8254/125/1805 8487/125/1805 8482/124/1805
f 8250/132/1799 8245/133/1799 8478/133/1799 8483/132/1799
f 8256/126/1806 8251/127/1806 8484/127/1806 8489/126/1806
f 8251/127/1803 8244/128/1803 8477/128/1803 8484/127/1803
f 8257/135/1807 8106/136/1807 8339/136/1807 8490/135/1807
f 8252/131/1808 8250/132/1808 8483/132/1808 8485/131/1808
f 8242/121/1809 8255/122/1809 8488/122/1809 8475/121/1809
f 8245/133/1798 8247/134/1798 8480/134/1798 8478/133/1798
f 8255/122/1797 8246/123/1797 8479/123/1797 8488/122/1797
f 8246/123/1791 8249/124/1791 8482/124/1791 8479/123/1791
f 8253/130/1810 8252/131/1810 8485/131/1810 8486/130/1810
f 8254/125/1811 8256/126/1811 8489/126/1811 8487/125/1811
f 8248/129/1812 8253/130/1812 8486/130/1812 8481/129/1812
f 8244/128/1793 8248/129/1793 8481/129/1793 8477/128/1793
f 8271/135/1791 8261/134/1791 8494/134/1791 8504/135/1791
f 8268/125/1798 8263/124/1798 8496/124/1798 8501/125/1798
f 8259/133/1789 8264/132/1789 8497/132/1789 8492/133/1789
f 8265/127/1819 8270/126/1819 8503/126/1819 8498/127/1819
f 8258/128/1802 8265/127/1802 8498/127/1802 8491/128/1802
f 8150/136/1820 8271/135/1820 8504/135/1820 8383/136/1820
f 8264/132/1821 8266/131/1821 8499/131/1821 8497/132/1821
f 8269/122/1822 8213/121/1822 8446/121/1822 8502/122/1822
f 8261/134/1805 8259/133/1805 8492/133/1805 8494/134/1805
f 8260/123/1790 8269/122/1790 8502/122/1790 8493/123/1790
f 8263/124/1804 8260/123/1804 8493/123/1804 8496/124/1804
f 8266/131/1823 8267/130/1823 8500/130/1823 8499/131/1823
f 8270/126/1824 8268/125/1824 8501/125/1824 8503/126/1824
f 8267/130/1793 8262/129/1793 8495/129/1793 8500/130/1793
f 8262/129/1812 8258/128/1812 8491/128/1812 8495/129/1812
f 8275/134/1799 8285/135/1799 8518/135/1799 8508/134/1799
f 8277/124/1797 8282/125/1797 8515/125/1797 8510/124/1797
f 8278/132/1804 8273/133/1804 8506/133/1804 8511/132/1804
f 8284/126/1813 8279/127/1813 8512/127/1813 8517/126/1813
f 8279/127/1812 8272/128/1812 8505/128/1812 8512/127/1812
f 8285/135/1814 8165/136/1814 8398/136/1814 8518/135/1814
f 8280/131/1815 8278/132/1815 8511/132/1815 8513/131/1815
f 8213/121/1816 8283/122/1816 8516/122/1816 8446/121/1816
f 8273/133/1790 8275/134/1790 8508/134/1790 8506/133/1790
f 8283/122/1805 8274/123/1805 8507/123/1805 8516/122/1805
f 8274/123/1789 8277/124/1789 8510/124/1789 8507/123/1789
f 8281/130/1817 8280/131/1817 8513/131/1817 8514/130/1817
f 8282/125/1818 8284/126/1818 8517/126/1818 8515/125/1818
f 8276/129/1803 8281/130/1803 8514/130/1803 8509/129/1803
f 8272/128/1802 8276/129/1802 8509/129/1802 8505/128/1802
f 8289/134/1804 8299/135/1804 8532/135/1804 8522/134/1804
f 8291/124/1805 8296/125/1805 8529/125/1805 8524/124/1805
f 8292/132/1799 8287/133/1799 8520/133/1799 8525/132/1799
f 8298/126/1806 8293/127/1806 8526/127/1806 8531/126/1806
f 8293/127/1803 8286/128/1803 8519/128/1803 8526/127/1803
f 8299/135/1807 8150/136/1807 8383/136/1807 8532/135/1807
f 8294/131/1808 8292/132/1808 8525/132/1808 8527/131/1808
f 8242/121/1809 8297/122/1809 8530/122/1809 8475/121/1809
f 8287/133/1798 8289/134/1798 8522/134/1798 8520/133/1798
f 8297/122/1797 8288/123/1797 8521/123/1797 8530/122/1797
f 8288/123/1791 8291/124/1791 8524/124/1791 8521/123/1791
f 8295/130/1810 8294/131/1810 8527/131/1810 8528/130/1810
f 8296/125/1811 8298/126/1811 8531/126/1811 8529/125/1811
f 8290/129/1812 8295/130/1812 8528/130/1812 8523/129/1812
f 8286/128/1793 8290/129/1793 8523/129/1793 8519/128/1793
f 8313/135/1789 8303/134/1789 8536/134/1789 8546/135/1789
f 8310/125/1790 8305/124/1790 8538/124/1790 8543/125/1790
f 8301/133/1791 8306/132/1791 8539/132/1791 8534/133/1791
f 8307/127/1792 8312/126/1792 8545/126/1792 8540/127/1792
f 8300/128/1793 8307/127/1793 8540/127/1793 8533/128/1793
f 8165/136/1794 8313/135/1794 8546/135/1794 8398/136/1794
f 8306/132/1795 8308/131/1795 8541/131/1795 8539/132/1795
f 8311/122/1796 8242/121/1796 8475/121/1796 8544/122/1796
f 8303/134/1797 8301/133/1797 8534/133/1797 8536/134/1797
f 8302/123/1798 8311/122/1798 8544/122/1798 8535/123/1798
f 8305/124/1799 8302/123/1799 8535/123/1799 8538/124/1799
f 8308/131/1800 8309/130/1800 8542/130/1800 8541/131/1800
f 8312/126/1801 8310/125/1801 8543/125/1801 8545/126/1801
f 8309/130/1802 8304/129/1802 8537/129/1802 8542/130/1802
f 8304/129/1803 8300/128/1803 8533/128/1803 8537/129/1803
